source_image_id,name,width,height,status,action,reason,decision_source,annotation_count,eligible_annotation_count,zero_instance,group_id
0CHrBSJAmY24quC0QSYA,tu_px_09163_9227531.jpg,1880,1253,ELIGIBLE,KEEP_IMAGE,IN_DOMAIN_ANNOTATED_SOURCE_IMAGE,PHASE_5A_CANONICAL_SNAPSHOT,2,2,false,singleton-0CHrBSJAmY24quC0QSYA
0OEuk7X9WrM64hqQbedA,px_0011_28196526.jpg,1880,1253,ELIGIBLE,KEEP_IMAGE,IN_DOMAIN_ANNOTATED_SOURCE_IMAGE,PHASE_5A_CANONICAL_SNAPSHOT,3,3,false,singleton-0OEuk7X9WrM64hqQbedA
0Orp0pwbiOU0MIg0a28r,tu_px_09159_30572791.jpg,975,1300,ELIGIBLE,KEEP_IMAGE,IN_DOMAIN_ANNOTATED_SOURCE_IMAGE,PHASE_5A_CANONICAL_SNAPSHOT,1,1,false,singleton-0Orp0pwbiOU0MIg0a28r
0TCko19jiO1CcXl2vqsd,premium_photo-1663054541741-0276bdf1808b.jpg,1600,1067,ELIGIBLE,KEEP_IMAGE,IN_DOMAIN_ANNOTATED_SOURCE_IMAGE,PHASE_5A_CANONICAL_SNAPSHOT,12,12,false,singleton-0TCko19jiO1CcXl2vqsd
0ajF0d1eniugei3qRqvl,px_0016_9258892.jpg,1826,1300,ELIGIBLE,KEEP_IMAGE,IN_DOMAIN_ANNOTATED_SOURCE_IMAGE,PHASE_5A_CANONICAL_SNAPSHOT,4,4,false,singleton-0ajF0d1eniugei3qRqvl
0ejTKqobP0Z7bG7iS1dF,premium_photo-1680658081728-5ed42001028d.jpg,1600,1067,ELIGIBLE,KEEP_IMAGE,IN_DOMAIN_ANNOTATED_SOURCE_IMAGE,PHASE_5A_CANONICAL_SNAPSHOT,3,3,false,singleton-0ejTKqobP0Z7bG7iS1dF
0fMloNWonp8DEQff6L2n,photo-1581091212991-8891c7d4bd9b.jpg,1600,2399,ELIGIBLE,KEEP_IMAGE,IN_DOMAIN_ANNOTATED_SOURCE_IMAGE,PHASE_5A_CANONICAL_SNAPSHOT,3,3,false,singleton-0fMloNWonp8DEQff6L2n
0g77gkQGLuqJIxRBDCMC,photo-1769422837020-ea7251eb708d.jpg,1600,2844,ELIGIBLE,KEEP_IMAGE,IN_DOMAIN_ANNOTATED_SOURCE_IMAGE,PHASE_5A_CANONICAL_SNAPSHOT,2,2,false,singleton-0g77gkQGLuqJIxRBDCMC
0sRAfq8grYqMA2xuCHP6,premium_photo-1663090296504-9ac2d924744a.jpg,1600,1067,ELIGIBLE,KEEP_IMAGE,IN_DOMAIN_ANNOTATED_SOURCE_IMAGE,PHASE_5A_CANONICAL_SNAPSHOT,12,12,false,singleton-0sRAfq8grYqMA2xuCHP6
0vIelRhK7EUfEcEMkBV0,photo-1694521787193-9293daeddbaa.jpg,1600,1069,ELIGIBLE,KEEP_IMAGE,IN_DOMAIN_ANNOTATED_SOURCE_IMAGE,PHASE_5A_CANONICAL_SNAPSHOT,9,9,false,singleton-0vIelRhK7EUfEcEMkBV0
1BVaqcupKpVSmlh5tncK,photo-1617118600610-dcdf743b3dfc.jpg,1600,1067,ELIGIBLE,KEEP_IMAGE,IN_DOMAIN_ANNOTATED_SOURCE_IMAGE,PHASE_5A_CANONICAL_SNAPSHOT,1,1,false,singleton-1BVaqcupKpVSmlh5tncK
1XJO4jpZ1EjuFK7M5WzU,premium_photo-1721460167347-c25682fa8511.jpg,1600,1067,ELIGIBLE,KEEP_IMAGE,IN_DOMAIN_ANNOTATED_SOURCE_IMAGE,PHASE_5A_CANONICAL_SNAPSHOT,1,1,false,singleton-1XJO4jpZ1EjuFK7M5WzU
1dnS0NtMgQN35Eb4GNTe,photo-1777891733988-540ac2abbd40.jpg,1600,1067,ELIGIBLE,KEEP_IMAGE,IN_DOMAIN_ANNOTATED_SOURCE_IMAGE,PHASE_5A_CANONICAL_SNAPSHOT,3,3,false,singleton-1dnS0NtMgQN35Eb4GNTe
1zBF8eW6TRm4IBAb3Kwv,un_0197_fjYsdQIFPb0.jpg,1080,720,ELIGIBLE,KEEP_IMAGE,IN_DOMAIN_ANNOTATED_SOURCE_IMAGE,PHASE_5A_CANONICAL_SNAPSHOT,4,4,false,singleton-1zBF8eW6TRm4IBAb3Kwv
2Qh4yEmcE64JRJXTM10C,tu_un_09116_8Z3yOkt2Pb4.jpg,1080,720,ELIGIBLE,KEEP_IMAGE,IN_DOMAIN_ANNOTATED_SOURCE_IMAGE,PHASE_5A_CANONICAL_SNAPSHOT,2,2,false,singleton-2Qh4yEmcE64JRJXTM10C
2estUvSXu4usdh4plcAm,premium_photo-1661609600871-9cb2081d68f2.jpg,1600,1067,ELIGIBLE,KEEP_IMAGE,IN_DOMAIN_ANNOTATED_SOURCE_IMAGE,PHASE_5A_CANONICAL_SNAPSHOT,11,11,false,singleton-2estUvSXu4usdh4plcAm
2qD9FzEoqf4Rsihf6kf7,tu_px_09050_9733798.jpg,867,1300,ELIGIBLE,KEEP_IMAGE,IN_DOMAIN_ANNOTATED_SOURCE_IMAGE,PHASE_5A_CANONICAL_SNAPSHOT,2,2,false,singleton-2qD9FzEoqf4Rsihf6kf7
35kJU6sOxBnL8qucfgHx,premium_photo-1725898345872-ee08c29fcd38.jpg,1600,1067,ELIGIBLE,KEEP_IMAGE,IN_DOMAIN_ANNOTATED_SOURCE_IMAGE,PHASE_5A_CANONICAL_SNAPSHOT,4,4,false,singleton-35kJU6sOxBnL8qucfgHx
3INKyAoeOEbPQKuxINbX,photo-1556033773-f4be30dd8eb2.jpg,1600,1067,ELIGIBLE,KEEP_IMAGE,IN_DOMAIN_ANNOTATED_SOURCE_IMAGE,PHASE_5A_CANONICAL_SNAPSHOT,25,25,false,singleton-3INKyAoeOEbPQKuxINbX
3LUOWEww9aCx2Cx4B38y,un_0126_6tAIO3pxde4.jpg,1080,720,ELIGIBLE,KEEP_IMAGE,IN_DOMAIN_ANNOTATED_SOURCE_IMAGE,PHASE_5A_CANONICAL_SNAPSHOT,1,1,false,singleton-3LUOWEww9aCx2Cx4B38y
3wdTWWyA3a9YrQ9EfLc9,photo-1622612023350-b15f063eabe6.jpg,1600,2400,ELIGIBLE,KEEP_IMAGE,IN_DOMAIN_ANNOTATED_SOURCE_IMAGE,PHASE_5A_CANONICAL_SNAPSHOT,4,4,false,singleton-3wdTWWyA3a9YrQ9EfLc9
4UEcuYsspsOsSV0XYgSR,photo-1617118600471-ecc90bdb4db0.jpg,1600,1067,ELIGIBLE,KEEP_IMAGE,IN_DOMAIN_ANNOTATED_SOURCE_IMAGE,PHASE_5A_CANONICAL_SNAPSHOT,1,1,false,manual_dup_001
4XETInqs70Y4H9ry55k3,wm_0044_Špejchar_zastávka_linky_745.jpg,960,1280,ELIGIBLE,KEEP_IMAGE,IN_DOMAIN_ANNOTATED_SOURCE_IMAGE,PHASE_5A_CANONICAL_SNAPSHOT,2,2,false,singleton-4XETInqs70Y4H9ry55k3
4ajEucaVD61th8hqHdux,un_0151_FPwuazVg4O8.jpg,1080,720,ELIGIBLE,KEEP_IMAGE,IN_DOMAIN_ANNOTATED_SOURCE_IMAGE,PHASE_5A_CANONICAL_SNAPSHOT,1,1,false,singleton-4ajEucaVD61th8hqHdux
4baqXpqm2eXB2CHZWkM9,photo-1606857521015-7f9fcf423740.jpg,1600,1067,ELIGIBLE,KEEP_IMAGE,IN_DOMAIN_ANNOTATED_SOURCE_IMAGE,PHASE_5A_CANONICAL_SNAPSHOT,5,5,false,singleton-4baqXpqm2eXB2CHZWkM9
4ezyg6KhKI36ubNpMX1z,photo-1640236889867-2bf2c34f7d8f.jpg,1600,1067,ELIGIBLE,KEEP_IMAGE,IN_DOMAIN_ANNOTATED_SOURCE_IMAGE,PHASE_5A_CANONICAL_SNAPSHOT,3,3,false,singleton-4ezyg6KhKI36ubNpMX1z
5fj7MBBP6mq9NtLfV51m,un_0097_yh7VODxI0B0.jpg,1080,720,ELIGIBLE,KEEP_IMAGE,IN_DOMAIN_ANNOTATED_SOURCE_IMAGE,PHASE_5A_CANONICAL_SNAPSHOT,2,2,false,singleton-5fj7MBBP6mq9NtLfV51m
5p4hDwmBcrn3EI04GmlA,px_0069_8486910.jpg,975,1300,ELIGIBLE,KEEP_IMAGE,IN_DOMAIN_ANNOTATED_SOURCE_IMAGE,PHASE_5A_CANONICAL_SNAPSHOT,4,4,false,singleton-5p4hDwmBcrn3EI04GmlA
5tvMIxMJkb5Hp9bD8hBw,un_0062_MaZONp3WA3g.jpg,1080,720,ELIGIBLE,KEEP_IMAGE,IN_DOMAIN_ANNOTATED_SOURCE_IMAGE,PHASE_5A_CANONICAL_SNAPSHOT,1,1,false,singleton-5tvMIxMJkb5Hp9bD8hBw
5xqkoD8kcbQ7JWIll2KF,photo-1541888967080-c956a48eaad2.jpg,1600,1067,ELIGIBLE,KEEP_IMAGE,IN_DOMAIN_ANNOTATED_SOURCE_IMAGE,PHASE_5A_CANONICAL_SNAPSHOT,22,22,false,singleton-5xqkoD8kcbQ7JWIll2KF
5z8XJfD2gto4gT3gwPAK,photo-1775880303796-9276506c5395.jpg,1600,2400,ELIGIBLE,KEEP_IMAGE,IN_DOMAIN_ANNOTATED_SOURCE_IMAGE,PHASE_5A_CANONICAL_SNAPSHOT,4,4,false,singleton-5z8XJfD2gto4gT3gwPAK
60TqAIaOldetEAmBqqMX,photo-1707553031504-98d859ef2e16.jpg,1600,2387,ELIGIBLE,KEEP_IMAGE,NO_OBVIOUS_MISSING_TARGET_LABEL,PHASE_4B_HUMAN_AUDIT,0,0,true,singleton-60TqAIaOldetEAmBqqMX
619mdz3TlcOedTGFv0za,photo-1591732706572-c023823375f8.jpg,1600,1067,ELIGIBLE,KEEP_IMAGE,IN_DOMAIN_ANNOTATED_SOURCE_IMAGE,PHASE_5A_CANONICAL_SNAPSHOT,1,1,false,singleton-619mdz3TlcOedTGFv0za
62UoaBv0beM5cBLCubmT,photo-1586528116311-ad8dd3c8310d.jpg,1600,1067,ELIGIBLE,KEEP_IMAGE,NO_OBVIOUS_MISSING_TARGET_LABEL,PHASE_4B_HUMAN_AUDIT,0,0,true,singleton-62UoaBv0beM5cBLCubmT
66p9gzaQFGcmQA2v40Of,px_0121_15483292.jpg,867,1300,ELIGIBLE,KEEP_IMAGE,IN_DOMAIN_ANNOTATED_SOURCE_IMAGE,PHASE_5A_CANONICAL_SNAPSHOT,2,2,false,singleton-66p9gzaQFGcmQA2v40Of
6B8gSWbJYQFfVadXSWxT,photo-1640238489672-1a66c75709dc.jpg,1600,1067,ELIGIBLE,KEEP_IMAGE,IN_DOMAIN_ANNOTATED_SOURCE_IMAGE,PHASE_5A_CANONICAL_SNAPSHOT,4,4,false,singleton-6B8gSWbJYQFfVadXSWxT
6R3F7WoZUjSohZEFSgXr,photo-1759405185723-02e6c84c9772.jpg,1600,2085,ELIGIBLE,KEEP_IMAGE,IN_DOMAIN_ANNOTATED_SOURCE_IMAGE,PHASE_5A_CANONICAL_SNAPSHOT,1,1,false,singleton-6R3F7WoZUjSohZEFSgXr
6ZHpQueANukCh7UeL4s5,photo-1642325167576-8914f5f8ff77.jpg,1600,2159,ELIGIBLE,KEEP_IMAGE,IN_DOMAIN_ANNOTATED_SOURCE_IMAGE,PHASE_5A_CANONICAL_SNAPSHOT,3,3,false,singleton-6ZHpQueANukCh7UeL4s5
6fMvy2k97BSY0a3P9Fbg,photo-1622675363311-3e1904dc1885.jpg,1600,1067,ELIGIBLE,KEEP_IMAGE,IN_DOMAIN_ANNOTATED_SOURCE_IMAGE,PHASE_5A_CANONICAL_SNAPSHOT,11,11,false,singleton-6fMvy2k97BSY0a3P9Fbg
6hEWEvuUeZhYU514UX1O,photo-1762709314136-94277d4b7dd2.jpg,1600,2400,ELIGIBLE,KEEP_IMAGE,IN_DOMAIN_ANNOTATED_SOURCE_IMAGE,PHASE_5A_CANONICAL_SNAPSHOT,1,1,false,singleton-6hEWEvuUeZhYU514UX1O
6hpR44qukoBLy0iFwzip,un_0158_HybkhmK6SsU.jpg,1080,720,ELIGIBLE,KEEP_IMAGE,IN_DOMAIN_ANNOTATED_SOURCE_IMAGE,PHASE_5A_CANONICAL_SNAPSHOT,1,1,false,manual_dup_001
6lWV6Qw0w487DgkyyVX9,px_0110_14189337.jpg,867,1300,ELIGIBLE,KEEP_IMAGE,IN_DOMAIN_ANNOTATED_SOURCE_IMAGE,PHASE_5A_CANONICAL_SNAPSHOT,3,3,false,singleton-6lWV6Qw0w487DgkyyVX9
6nPmmdeGSmklKpfLZ04I,tu_un_09089_-9sc_Z20Qos.jpg,1080,720,ELIGIBLE,KEEP_IMAGE,IN_DOMAIN_ANNOTATED_SOURCE_IMAGE,PHASE_5A_CANONICAL_SNAPSHOT,3,3,false,singleton-6nPmmdeGSmklKpfLZ04I
6wbVR0oBIJ7D6xM1XfYh,tu_px_09027_13868583.jpg,1880,1253,ELIGIBLE,KEEP_IMAGE,IN_DOMAIN_ANNOTATED_SOURCE_IMAGE,PHASE_5A_CANONICAL_SNAPSHOT,2,2,false,singleton-6wbVR0oBIJ7D6xM1XfYh
6yISFDLTaSrGRErrVKUw,wm_0335_LGBT_construction_helmets.jpg,1920,1440,ELIGIBLE,KEEP_IMAGE,IN_DOMAIN_ANNOTATED_SOURCE_IMAGE,PHASE_5A_CANONICAL_SNAPSHOT,32,32,false,singleton-6yISFDLTaSrGRErrVKUw
6zcUFRrk82e1KtW3sxk6,photo-1776597172706-08d4ef926a56.jpg,1600,2400,ELIGIBLE,KEEP_IMAGE,IN_DOMAIN_ANNOTATED_SOURCE_IMAGE,PHASE_5A_CANONICAL_SNAPSHOT,2,2,false,singleton-6zcUFRrk82e1KtW3sxk6
70XMYeBZO8t3mAXtu9ke,premium_photo-1663040345603-fe0968d5d514.jpg,1600,1067,ELIGIBLE,KEEP_IMAGE,IN_DOMAIN_ANNOTATED_SOURCE_IMAGE,PHASE_5A_CANONICAL_SNAPSHOT,3,3,false,singleton-70XMYeBZO8t3mAXtu9ke
77sSza06NSDiTCn9F0sb,premium_photo-1661665262793-bd82617f245a.jpg,1600,1067,ELIGIBLE,KEEP_IMAGE,IN_DOMAIN_ANNOTATED_SOURCE_IMAGE,PHASE_5A_CANONICAL_SNAPSHOT,5,5,false,singleton-77sSza06NSDiTCn9F0sb
7Qa4QokXVymOY6hvk9CF,px_0101_8487407.jpg,975,1300,ELIGIBLE,KEEP_IMAGE,IN_DOMAIN_ANNOTATED_SOURCE_IMAGE,PHASE_5A_CANONICAL_SNAPSHOT,2,2,false,singleton-7Qa4QokXVymOY6hvk9CF
7VMQ21x6vDuAvoY6Ku2F,photo-1544993570-9335fcf50279.jpg,1600,1067,ELIGIBLE,KEEP_IMAGE,IN_DOMAIN_ANNOTATED_SOURCE_IMAGE,PHASE_5A_CANONICAL_SNAPSHOT,6,6,false,singleton-7VMQ21x6vDuAvoY6Ku2F
7ZBa5LYXLSg2gd59x0Nl,photo-1526924108427-294aaa2df1b2.jpg,1600,1067,ELIGIBLE,KEEP_IMAGE,NO_OBVIOUS_MISSING_TARGET_LABEL,PHASE_4B_HUMAN_AUDIT,0,0,true,singleton-7ZBa5LYXLSg2gd59x0Nl
7aLiOz0V7KPglydbD5H7,premium_photo-1681691912442-68c4179c530c.jpg,1600,1067,ELIGIBLE,KEEP_IMAGE,IN_DOMAIN_ANNOTATED_SOURCE_IMAGE,PHASE_5A_CANONICAL_SNAPSHOT,9,9,false,singleton-7aLiOz0V7KPglydbD5H7
7fuygdEv6dS4UyQgImYj,photo-1586528116022-aeda1613c63d.jpg,1600,1067,ELIGIBLE,KEEP_IMAGE,IN_DOMAIN_ANNOTATED_SOURCE_IMAGE,PHASE_5A_CANONICAL_SNAPSHOT,6,6,false,singleton-7fuygdEv6dS4UyQgImYj
84V2JE8FINqroFaJRHRL,photo-1607134542077-a12b0c8e1b94.jpg,1600,2400,ELIGIBLE,KEEP_IMAGE,IN_DOMAIN_ANNOTATED_SOURCE_IMAGE,PHASE_5A_CANONICAL_SNAPSHOT,4,4,false,singleton-84V2JE8FINqroFaJRHRL
88HbrJU619doTzltW6lx,premium_photo-1661369539084-27dc45c82f15.jpg,1600,1068,ELIGIBLE,KEEP_IMAGE,IN_DOMAIN_ANNOTATED_SOURCE_IMAGE,PHASE_5A_CANONICAL_SNAPSHOT,7,7,false,singleton-88HbrJU619doTzltW6lx
8ClEJ3kbOB1pz5A9tOlh,tu_px_09125_31858860.jpg,1880,1251,ELIGIBLE,KEEP_IMAGE,IN_DOMAIN_ANNOTATED_SOURCE_IMAGE,PHASE_5A_CANONICAL_SNAPSHOT,3,3,false,singleton-8ClEJ3kbOB1pz5A9tOlh
8JoO2wxDSeESnh5SmJpP,photo-1556033773-815b449e2139.jpg,1600,1067,ELIGIBLE,KEEP_IMAGE,IN_DOMAIN_ANNOTATED_SOURCE_IMAGE,PHASE_5A_CANONICAL_SNAPSHOT,9,9,false,singleton-8JoO2wxDSeESnh5SmJpP
8LgvW2srLb751N5SJDxq,px_0017_8487729.jpg,975,1300,ELIGIBLE,KEEP_IMAGE,IN_DOMAIN_ANNOTATED_SOURCE_IMAGE,PHASE_5A_CANONICAL_SNAPSHOT,3,3,false,singleton-8LgvW2srLb751N5SJDxq
8NK1Ihm4MCS1gRXK4WzH,photo-1702284971336-2c39a23f94dd.jpg,1600,978,ELIGIBLE,KEEP_IMAGE,IN_DOMAIN_ANNOTATED_SOURCE_IMAGE,PHASE_5A_CANONICAL_SNAPSHOT,1,1,false,singleton-8NK1Ihm4MCS1gRXK4WzH
8O2JjSJCb1ylJibwosnA,photo-1580810734868-7ea4e9130c01.jpg,1600,2133,ELIGIBLE,KEEP_IMAGE,IN_DOMAIN_ANNOTATED_SOURCE_IMAGE,PHASE_5A_CANONICAL_SNAPSHOT,3,3,false,singleton-8O2JjSJCb1ylJibwosnA
8Ru4Ji0Klp7qaNJNZXqv,photo-1767637421198-82c5612ec5af.jpg,1600,2840,ELIGIBLE,KEEP_IMAGE,IN_DOMAIN_ANNOTATED_SOURCE_IMAGE,PHASE_5A_CANONICAL_SNAPSHOT,6,6,false,singleton-8Ru4Ji0Klp7qaNJNZXqv
8kz63cbCBKbeeiebv7po,photo-1649976390492-324d0c60beed.jpg,1600,2400,ELIGIBLE,KEEP_IMAGE,IN_DOMAIN_ANNOTATED_SOURCE_IMAGE,PHASE_5A_CANONICAL_SNAPSHOT,1,1,false,singleton-8kz63cbCBKbeeiebv7po
9ImTEhfk6VqdMSI01r6x,photo-1743324690186-f73b614bc2c5.jpg,1600,1901,ELIGIBLE,KEEP_IMAGE,IN_DOMAIN_ANNOTATED_SOURCE_IMAGE,PHASE_5A_CANONICAL_SNAPSHOT,1,1,false,singleton-9ImTEhfk6VqdMSI01r6x
9RMi9YBhKa1nLz3ugIma,photo-1593394850229-e9189f069ada.jpg,1600,2400,ELIGIBLE,KEEP_IMAGE,IN_DOMAIN_ANNOTATED_SOURCE_IMAGE,PHASE_5A_CANONICAL_SNAPSHOT,2,2,false,singleton-9RMi9YBhKa1nLz3ugIma
9T2zKDdtXzGyeq44pjGp,photo-1761839258623-e232e15f7ff3.jpg,1600,2400,ELIGIBLE,KEEP_IMAGE,IN_DOMAIN_ANNOTATED_SOURCE_IMAGE,PHASE_5A_CANONICAL_SNAPSHOT,2,2,false,singleton-9T2zKDdtXzGyeq44pjGp
9V8ayqofeUijfaI5tMrr,premium_photo-1681823287444-8637b6c47695.jpg,1600,1065,ELIGIBLE,KEEP_IMAGE,IN_DOMAIN_ANNOTATED_SOURCE_IMAGE,PHASE_5A_CANONICAL_SNAPSHOT,6,6,false,singleton-9V8ayqofeUijfaI5tMrr
9VzteFV9D5SnmZlhQHfL,tu_px_09105_7844013.jpg,1880,1255,ELIGIBLE,KEEP_IMAGE,IN_DOMAIN_ANNOTATED_SOURCE_IMAGE,PHASE_5A_CANONICAL_SNAPSHOT,2,2,false,singleton-9VzteFV9D5SnmZlhQHfL
9b7VLDWDFhy21Ygmz7ss,photo-1770240080339-872269ce435d.jpg,1600,1280,EXCLUDED,EXCLUDE_IMAGE,OUT_OF_DOMAIN_MANUAL_REVIEW,PHASE_4B_HUMAN_AUDIT,0,0,true,
9jEW0aifcZKM5bRlaCWY,pb_0133_2805625.jpg,1280,853,ELIGIBLE,KEEP_IMAGE,IN_DOMAIN_ANNOTATED_SOURCE_IMAGE,PHASE_5A_CANONICAL_SNAPSHOT,2,2,false,singleton-9jEW0aifcZKM5bRlaCWY
9koFugzZozUI9YIfWZk0,photo-1503708928676-1cb796a0891e.jpg,1600,1200,ELIGIBLE,KEEP_IMAGE,NO_OBVIOUS_MISSING_TARGET_LABEL,PHASE_4B_HUMAN_AUDIT,0,0,true,singleton-9koFugzZozUI9YIfWZk0
9uyGbpRuvoK6FWsiIhGx,photo-1605475723782-a93ee7d7e74d.jpg,1600,1067,ELIGIBLE,KEEP_IMAGE,IN_DOMAIN_ANNOTATED_SOURCE_IMAGE,PHASE_5A_CANONICAL_SNAPSHOT,4,4,false,singleton-9uyGbpRuvoK6FWsiIhGx
9xNY90loilCLVSX84iwp,photo-1646227655718-dd721b681d91.jpg,1600,2400,ELIGIBLE,KEEP_IMAGE,IN_DOMAIN_ANNOTATED_SOURCE_IMAGE,PHASE_5A_CANONICAL_SNAPSHOT,2,2,false,singleton-9xNY90loilCLVSX84iwp
A2iSTnVfTHioOl73tkQd,photo-1764243406686-be35e8704b43.jpg,1600,2000,ELIGIBLE,KEEP_IMAGE,IN_DOMAIN_ANNOTATED_SOURCE_IMAGE,PHASE_5A_CANONICAL_SNAPSHOT,4,4,false,singleton-A2iSTnVfTHioOl73tkQd
AIAwqRIKtkrSOj8atqNs,px_0033_8961009.jpg,1880,1253,ELIGIBLE,KEEP_IMAGE,IN_DOMAIN_ANNOTATED_SOURCE_IMAGE,PHASE_5A_CANONICAL_SNAPSHOT,3,3,false,singleton-AIAwqRIKtkrSOj8atqNs
Ai3fqVHdn3cSDpuEaa5l,photo-1776937482510-b794a7d0c267.jpg,1600,1067,ELIGIBLE,KEEP_IMAGE,IN_DOMAIN_ANNOTATED_SOURCE_IMAGE,PHASE_5A_CANONICAL_SNAPSHOT,2,2,false,singleton-Ai3fqVHdn3cSDpuEaa5l
Ais9TUGiL1MJDTRdjVnE,px_0176_12131153.jpg,867,1300,ELIGIBLE,KEEP_IMAGE,IN_DOMAIN_ANNOTATED_SOURCE_IMAGE,PHASE_5A_CANONICAL_SNAPSHOT,1,1,false,singleton-Ais9TUGiL1MJDTRdjVnE
AvvR6iF4C7rqEdb4F2SB,tu_px_09177_4487382.jpg,1880,1253,ELIGIBLE,KEEP_IMAGE,IN_DOMAIN_ANNOTATED_SOURCE_IMAGE,PHASE_5A_CANONICAL_SNAPSHOT,1,1,false,singleton-AvvR6iF4C7rqEdb4F2SB
B28mQjiO7iQrGNpLEnKa,photo-1621905252472-943afaa20e20.jpg,1600,2397,ELIGIBLE,KEEP_IMAGE,IN_DOMAIN_ANNOTATED_SOURCE_IMAGE,PHASE_5A_CANONICAL_SNAPSHOT,2,2,false,singleton-B28mQjiO7iQrGNpLEnKa
B2QiCIntf9RxLHCBKmVy,photo-1633118599122-601a3ebc8699.jpg,1600,2400,ELIGIBLE,KEEP_IMAGE,IN_DOMAIN_ANNOTATED_SOURCE_IMAGE,PHASE_5A_CANONICAL_SNAPSHOT,4,4,false,singleton-B2QiCIntf9RxLHCBKmVy
B2znvjHzOOKJdNuzNnwo,px_0010_34507475.jpg,866,1300,ELIGIBLE,KEEP_IMAGE,IN_DOMAIN_ANNOTATED_SOURCE_IMAGE,PHASE_5A_CANONICAL_SNAPSHOT,3,3,false,singleton-B2znvjHzOOKJdNuzNnwo
B809pvlQ32XXT2akrDG5,photo-1455165814004-1126a7199f9b.jpg,1600,1067,ELIGIBLE,KEEP_IMAGE,IN_DOMAIN_ANNOTATED_SOURCE_IMAGE,PHASE_5A_CANONICAL_SNAPSHOT,2,2,false,singleton-B809pvlQ32XXT2akrDG5
BFG4pp4pV1WkTUQUDVvc,px_0207_15434100.jpg,867,1300,ELIGIBLE,KEEP_IMAGE,IN_DOMAIN_ANNOTATED_SOURCE_IMAGE,PHASE_5A_CANONICAL_SNAPSHOT,2,2,false,singleton-BFG4pp4pV1WkTUQUDVvc
BKQc0VOlqhWGIuqGozuK,px_0187_19188877.jpg,1880,1253,ELIGIBLE,KEEP_IMAGE,IN_DOMAIN_ANNOTATED_SOURCE_IMAGE,PHASE_5A_CANONICAL_SNAPSHOT,1,1,false,singleton-BKQc0VOlqhWGIuqGozuK
BTDhw7BCTG4sfwnaraKa,photo-1556033773-42fa03c00513.jpg,1600,2400,ELIGIBLE,KEEP_IMAGE,IN_DOMAIN_ANNOTATED_SOURCE_IMAGE,PHASE_5A_CANONICAL_SNAPSHOT,2,2,false,singleton-BTDhw7BCTG4sfwnaraKa
BZkvs1U3ZhiNDdJ7EitR,px_0174_8488037.jpg,1733,1300,ELIGIBLE,KEEP_IMAGE,IN_DOMAIN_ANNOTATED_SOURCE_IMAGE,PHASE_5A_CANONICAL_SNAPSHOT,1,1,false,singleton-BZkvs1U3ZhiNDdJ7EitR
BgmyvUGHmaKd9YGpEfYd,px_0048_8853538.jpg,868,1300,ELIGIBLE,KEEP_IMAGE,IN_DOMAIN_ANNOTATED_SOURCE_IMAGE,PHASE_5A_CANONICAL_SNAPSHOT,3,3,false,singleton-BgmyvUGHmaKd9YGpEfYd
BhdMkBrR1P1zUTVq9DaC,un_0019_yOEBsOJwkI4.jpg,1080,608,ELIGIBLE,KEEP_IMAGE,IN_DOMAIN_ANNOTATED_SOURCE_IMAGE,PHASE_5A_CANONICAL_SNAPSHOT,2,2,false,singleton-BhdMkBrR1P1zUTVq9DaC
BqslKEg23m8hmDaQGJMo,px_0177_8487796.jpg,1733,1300,ELIGIBLE,KEEP_IMAGE,IN_DOMAIN_ANNOTATED_SOURCE_IMAGE,PHASE_5A_CANONICAL_SNAPSHOT,4,4,false,singleton-BqslKEg23m8hmDaQGJMo
BwtdnuFIdhZLIWJuO3BZ,photo-1582489852031-9a1ad48ed893.jpg,1600,1067,ELIGIBLE,KEEP_IMAGE,IN_DOMAIN_ANNOTATED_SOURCE_IMAGE,PHASE_5A_CANONICAL_SNAPSHOT,1,1,false,singleton-BwtdnuFIdhZLIWJuO3BZ
CDbWzCeakwV73xXd2qlq,px_0039_8961018.jpg,867,1300,ELIGIBLE,KEEP_IMAGE,IN_DOMAIN_ANNOTATED_SOURCE_IMAGE,PHASE_5A_CANONICAL_SNAPSHOT,6,6,false,singleton-CDbWzCeakwV73xXd2qlq
CF4PPPCAZgulnXoSl3hj,photo-1759922378275-32d7ca8bbcca.jpg,1600,2400,ELIGIBLE,KEEP_IMAGE,IN_DOMAIN_ANNOTATED_SOURCE_IMAGE,PHASE_5A_CANONICAL_SNAPSHOT,6,6,false,singleton-CF4PPPCAZgulnXoSl3hj
CGks86YYT3ldFKEyDmBe,pb_0017_569149.jpg,1280,853,ELIGIBLE,KEEP_IMAGE,IN_DOMAIN_ANNOTATED_SOURCE_IMAGE,PHASE_5A_CANONICAL_SNAPSHOT,1,1,false,singleton-CGks86YYT3ldFKEyDmBe
CM5yr8YHsaaoIdidqtnU,un_0096_e4ippDCPHms.jpg,1080,720,ELIGIBLE,KEEP_IMAGE,IN_DOMAIN_ANNOTATED_SOURCE_IMAGE,PHASE_5A_CANONICAL_SNAPSHOT,2,2,false,singleton-CM5yr8YHsaaoIdidqtnU
CSJxc0owYRXzhKLvpTQ9,photo-1695978919095-410032e30b1d.jpg,1600,1067,ELIGIBLE,KEEP_IMAGE,IN_DOMAIN_ANNOTATED_SOURCE_IMAGE,PHASE_5A_CANONICAL_SNAPSHOT,1,1,false,singleton-CSJxc0owYRXzhKLvpTQ9
CVIS4alNHovwaIjoYMxe,photo-1772852340517-b11ec88979fc.jpg,1600,900,ELIGIBLE,KEEP_IMAGE,IN_DOMAIN_ANNOTATED_SOURCE_IMAGE,PHASE_5A_CANONICAL_SNAPSHOT,1,1,false,singleton-CVIS4alNHovwaIjoYMxe
Cd1T5uyp8ZPWDdHbg0nr,premium_photo-1661508171228-733b3f0d6ba4.jpg,1600,978,ELIGIBLE,KEEP_IMAGE,IN_DOMAIN_ANNOTATED_SOURCE_IMAGE,PHASE_5A_CANONICAL_SNAPSHOT,4,4,false,singleton-Cd1T5uyp8ZPWDdHbg0nr
CoVIro6CIADvOn5LnoQw,photo-1543357644-160b53c087e8.jpg,1600,2400,ELIGIBLE,KEEP_IMAGE,IN_DOMAIN_ANNOTATED_SOURCE_IMAGE,PHASE_5A_CANONICAL_SNAPSHOT,2,2,false,singleton-CoVIro6CIADvOn5LnoQw
D2TlRBeF3Z3XnwTXgwdf,premium_photo-1681989485750-be670af9518d.jpg,1600,1067,ELIGIBLE,KEEP_IMAGE,IN_DOMAIN_ANNOTATED_SOURCE_IMAGE,PHASE_5A_CANONICAL_SNAPSHOT,6,6,false,singleton-D2TlRBeF3Z3XnwTXgwdf
DErEbvqFZXpWqvCNQa9N,photo-1758574697253-25a1bad14666.jpg,1600,2038,ELIGIBLE,KEEP_IMAGE,IN_DOMAIN_ANNOTATED_SOURCE_IMAGE,PHASE_5A_CANONICAL_SNAPSHOT,2,2,false,singleton-DErEbvqFZXpWqvCNQa9N
DOt8L8n8BNwvRpo1BFy7,photo-1772852311587-329719989e2b.jpg,1600,900,ELIGIBLE,KEEP_IMAGE,IN_DOMAIN_ANNOTATED_SOURCE_IMAGE,PHASE_5A_CANONICAL_SNAPSHOT,2,2,false,singleton-DOt8L8n8BNwvRpo1BFy7
DQK6LrJqCXecgKPqH5UV,premium_photo-1682141472928-0aecaa5487fd.jpg,1600,1065,ELIGIBLE,KEEP_IMAGE,IN_DOMAIN_ANNOTATED_SOURCE_IMAGE,PHASE_5A_CANONICAL_SNAPSHOT,2,2,false,singleton-DQK6LrJqCXecgKPqH5UV
DRtY5eg2m6BkQJHYfMJy,photo-1582489851864-4b4bddaf6a1b.jpg,1600,1067,ELIGIBLE,KEEP_IMAGE,IN_DOMAIN_ANNOTATED_SOURCE_IMAGE,PHASE_5A_CANONICAL_SNAPSHOT,2,2,false,singleton-DRtY5eg2m6BkQJHYfMJy
DY7f9eSSIqF3cejIv59H,photo-1542744173-8e7e53415bb0.jpg,1600,1067,ELIGIBLE,KEEP_IMAGE,IN_DOMAIN_ANNOTATED_SOURCE_IMAGE,PHASE_5A_CANONICAL_SNAPSHOT,6,6,false,singleton-DY7f9eSSIqF3cejIv59H
DcP4LlxYQwLImU646IZ7,px_0082_32594486.jpg,1285,1300,ELIGIBLE,KEEP_IMAGE,IN_DOMAIN_ANNOTATED_SOURCE_IMAGE,PHASE_5A_CANONICAL_SNAPSHOT,4,4,false,singleton-DcP4LlxYQwLImU646IZ7
Df656VZ1wmrTjmmkqq3j,photo-1508188609340-e8068b599193.jpg,1600,2000,ELIGIBLE,KEEP_IMAGE,IN_DOMAIN_ANNOTATED_SOURCE_IMAGE,PHASE_5A_CANONICAL_SNAPSHOT,1,1,false,singleton-Df656VZ1wmrTjmmkqq3j
DiZN18wef1vuHh6pVvtI,photo-1755619063743-d4a662df5219.jpg,1600,2133,ELIGIBLE,KEEP_IMAGE,IN_DOMAIN_ANNOTATED_SOURCE_IMAGE,PHASE_5A_CANONICAL_SNAPSHOT,1,1,false,singleton-DiZN18wef1vuHh6pVvtI
Dl8EqAh6dPQw7Dq34TlH,pb_0010_4274431.jpg,1280,720,ELIGIBLE,KEEP_IMAGE,IN_DOMAIN_ANNOTATED_SOURCE_IMAGE,PHASE_5A_CANONICAL_SNAPSHOT,3,3,false,singleton-Dl8EqAh6dPQw7Dq34TlH
Dny3q3vJmCFOBIzhGir1,photo-1574313462720-50e62ba298d6.jpg,1600,1067,ELIGIBLE,KEEP_IMAGE,IN_DOMAIN_ANNOTATED_SOURCE_IMAGE,PHASE_5A_CANONICAL_SNAPSHOT,2,2,false,singleton-Dny3q3vJmCFOBIzhGir1
EMcfZIuO2gmvi4krBUxS,pb_0038_4754307.jpg,1280,853,ELIGIBLE,KEEP_IMAGE,IN_DOMAIN_ANNOTATED_SOURCE_IMAGE,PHASE_5A_CANONICAL_SNAPSHOT,5,5,false,singleton-EMcfZIuO2gmvi4krBUxS
EdR5Rau43iqKaPKbjsHM,px_0115_8487397.jpg,975,1300,ELIGIBLE,KEEP_IMAGE,IN_DOMAIN_ANNOTATED_SOURCE_IMAGE,PHASE_5A_CANONICAL_SNAPSHOT,2,2,false,singleton-EdR5Rau43iqKaPKbjsHM
F75mTbxKUV3DbBpuTvZq,photo-1545186070-de624ed19875.jpg,1600,1060,ELIGIBLE,KEEP_IMAGE,IN_DOMAIN_ANNOTATED_SOURCE_IMAGE,PHASE_5A_CANONICAL_SNAPSHOT,4,4,false,singleton-F75mTbxKUV3DbBpuTvZq
F9BUOPsajE69txpyePoP,premium_photo-1681823923473-d64319262949.jpg,1600,1068,ELIGIBLE,KEEP_IMAGE,IN_DOMAIN_ANNOTATED_SOURCE_IMAGE,PHASE_5A_CANONICAL_SNAPSHOT,5,5,false,singleton-F9BUOPsajE69txpyePoP
FBzxttXYsNSZKcVNofUI,un_0192_Fj4wvdZMhoE.jpg,1080,720,ELIGIBLE,KEEP_IMAGE,IN_DOMAIN_ANNOTATED_SOURCE_IMAGE,PHASE_5A_CANONICAL_SNAPSHOT,3,3,false,manual_dup_002
FbZqQM7gZbTKYNSbQPNc,photo-1636414722386-a73bd3fc368c.jpg,1600,2400,ELIGIBLE,KEEP_IMAGE,IN_DOMAIN_ANNOTATED_SOURCE_IMAGE,PHASE_5A_CANONICAL_SNAPSHOT,9,9,false,singleton-FbZqQM7gZbTKYNSbQPNc
Fclex3JhZn6KA5UzhPqs,premium_photo-1683134366494-bb44ea2cc847.jpg,1600,2400,ELIGIBLE,KEEP_IMAGE,IN_DOMAIN_ANNOTATED_SOURCE_IMAGE,PHASE_5A_CANONICAL_SNAPSHOT,3,3,false,singleton-Fclex3JhZn6KA5UzhPqs
FdDCioACvsve0FOYsuw2,tu_px_09106_7843946.jpg,1880,1255,ELIGIBLE,KEEP_IMAGE,IN_DOMAIN_ANNOTATED_SOURCE_IMAGE,PHASE_5A_CANONICAL_SNAPSHOT,2,2,false,singleton-FdDCioACvsve0FOYsuw2
FnmvDGwRQ2lAaLFhuOWQ,photo-1621905251918-48416bd8575a.jpg,1600,1068,ELIGIBLE,KEEP_IMAGE,IN_DOMAIN_ANNOTATED_SOURCE_IMAGE,PHASE_5A_CANONICAL_SNAPSHOT,2,2,false,singleton-FnmvDGwRQ2lAaLFhuOWQ
Foo1oq3oHF7pBhTWKpnL,px_0050_8487782.jpg,975,1300,ELIGIBLE,KEEP_IMAGE,IN_DOMAIN_ANNOTATED_SOURCE_IMAGE,PHASE_5A_CANONICAL_SNAPSHOT,3,3,false,singleton-Foo1oq3oHF7pBhTWKpnL
FxSzogHP5qjTmbBVRQ5K,px_0132_32897241.jpg,867,1300,ELIGIBLE,KEEP_IMAGE,IN_DOMAIN_ANNOTATED_SOURCE_IMAGE,PHASE_5A_CANONICAL_SNAPSHOT,3,3,false,singleton-FxSzogHP5qjTmbBVRQ5K
FyyZcyYXsPHz2XgfCwAs,premium_photo-1663013611523-89100058ecb5.jpg,1600,2400,ELIGIBLE,KEEP_IMAGE,IN_DOMAIN_ANNOTATED_SOURCE_IMAGE,PHASE_5A_CANONICAL_SNAPSHOT,3,3,false,singleton-FyyZcyYXsPHz2XgfCwAs
G4gekWExHFiC5oxkqJg6,premium_photo-1661413166847-47e3ecc668a3.jpg,1600,1067,ELIGIBLE,KEEP_IMAGE,IN_DOMAIN_ANNOTATED_SOURCE_IMAGE,PHASE_5A_CANONICAL_SNAPSHOT,6,6,false,singleton-G4gekWExHFiC5oxkqJg6
G6t1yK9gNn0LIS4hbciD,premium_photo-1682145887988-7a3712b88510.jpg,1600,1067,ELIGIBLE,KEEP_IMAGE,IN_DOMAIN_ANNOTATED_SOURCE_IMAGE,PHASE_5A_CANONICAL_SNAPSHOT,2,2,false,singleton-G6t1yK9gNn0LIS4hbciD
GAAQsDQ6cH9YB5cJ6aHb,photo-1513692398020-cbaea622c427.jpg,1600,1067,ELIGIBLE,KEEP_IMAGE,IN_DOMAIN_ANNOTATED_SOURCE_IMAGE,PHASE_5A_CANONICAL_SNAPSHOT,3,3,false,singleton-GAAQsDQ6cH9YB5cJ6aHb
GF2RQ1mpGBJzlTjKoCHR,photo-1742112125567-3e8967bad60f.jpg,1600,1067,ELIGIBLE,KEEP_IMAGE,IN_DOMAIN_ANNOTATED_SOURCE_IMAGE,PHASE_5A_CANONICAL_SNAPSHOT,6,6,false,singleton-GF2RQ1mpGBJzlTjKoCHR
GI3xss1sRRS18wHohAkx,tu_px_09108_7843953.jpg,868,1300,ELIGIBLE,KEEP_IMAGE,IN_DOMAIN_ANNOTATED_SOURCE_IMAGE,PHASE_5A_CANONICAL_SNAPSHOT,2,2,false,singleton-GI3xss1sRRS18wHohAkx
GKGcxwlCacsz6brHHLRV,photo-1677440503120-92cbfb4abba0.jpg,1600,2397,ELIGIBLE,KEEP_IMAGE,IN_DOMAIN_ANNOTATED_SOURCE_IMAGE,PHASE_5A_CANONICAL_SNAPSHOT,1,1,false,singleton-GKGcxwlCacsz6brHHLRV
Gbgzj50ZzCdiYvoAOmpo,tu_px_09103_7843973.jpg,1880,1255,ELIGIBLE,KEEP_IMAGE,IN_DOMAIN_ANNOTATED_SOURCE_IMAGE,PHASE_5A_CANONICAL_SNAPSHOT,2,2,false,singleton-Gbgzj50ZzCdiYvoAOmpo
GgFocHO8SbtIBUGEFc8E,wm_0234_Construction_Worker_on_High-Rise_-_Dhaka_-_Bangladesh_12850641585_.jpg,960,1280,ELIGIBLE,KEEP_IMAGE,IN_DOMAIN_ANNOTATED_SOURCE_IMAGE,PHASE_5A_CANONICAL_SNAPSHOT,1,1,false,singleton-GgFocHO8SbtIBUGEFc8E
GpEW4sBKjwFabVZSUq2b,premium_photo-1681074963843-b460846bb9c3.jpg,1600,2400,ELIGIBLE,KEEP_IMAGE,IN_DOMAIN_ANNOTATED_SOURCE_IMAGE,PHASE_5A_CANONICAL_SNAPSHOT,6,6,false,singleton-GpEW4sBKjwFabVZSUq2b
Gu6rHBgSwUF5mwFa6lfI,tu_px_09165_35281193.jpg,1880,1253,ELIGIBLE,KEEP_IMAGE,IN_DOMAIN_ANNOTATED_SOURCE_IMAGE,PHASE_5A_CANONICAL_SNAPSHOT,1,1,false,singleton-Gu6rHBgSwUF5mwFa6lfI
H6Qo9zKVlWVMqPD3713Z,photo-1610459716431-e07abcf74230.jpg,1600,1511,ELIGIBLE,KEEP_IMAGE,IN_DOMAIN_ANNOTATED_SOURCE_IMAGE,PHASE_5A_CANONICAL_SNAPSHOT,1,1,false,singleton-H6Qo9zKVlWVMqPD3713Z
HKL8h8X9rHt0XCXlAVNL,premium_photo-1723780905770-e9d78dba73a4.jpg,1600,1068,ELIGIBLE,KEEP_IMAGE,IN_DOMAIN_ANNOTATED_SOURCE_IMAGE,PHASE_5A_CANONICAL_SNAPSHOT,3,3,false,singleton-HKL8h8X9rHt0XCXlAVNL
HQnZU6tMxbfwgxWzc8mt,photo-1633155570346-ffa9011d6cf4.jpg,1600,1067,ELIGIBLE,KEEP_IMAGE,IN_DOMAIN_ANNOTATED_SOURCE_IMAGE,PHASE_5A_CANONICAL_SNAPSHOT,1,1,false,singleton-HQnZU6tMxbfwgxWzc8mt
HU0eUY9BAn3Cnsxt7y4r,tu_px_09160_35281169.jpg,1880,1253,ELIGIBLE,KEEP_IMAGE,IN_DOMAIN_ANNOTATED_SOURCE_IMAGE,PHASE_5A_CANONICAL_SNAPSHOT,1,1,false,singleton-HU0eUY9BAn3Cnsxt7y4r
HY3Mq3OzeaAt6PXtTxKq,photo-1777186475977-36516ab34f4a.jpg,1600,1126,ELIGIBLE,KEEP_IMAGE,IN_DOMAIN_ANNOTATED_SOURCE_IMAGE,PHASE_5A_CANONICAL_SNAPSHOT,2,2,false,singleton-HY3Mq3OzeaAt6PXtTxKq
HYb9stwdqDCKBBrTeTLe,premium_photo-1663047101302-beb044ce05c6.jpg,1600,1067,ELIGIBLE,KEEP_IMAGE,IN_DOMAIN_ANNOTATED_SOURCE_IMAGE,PHASE_5A_CANONICAL_SNAPSHOT,3,3,false,singleton-HYb9stwdqDCKBBrTeTLe
HYomb2CyhaWUoXglExmz,premium_photo-1663090226912-511b20a3f8a3.jpg,1600,1067,ELIGIBLE,KEEP_IMAGE,IN_DOMAIN_ANNOTATED_SOURCE_IMAGE,PHASE_5A_CANONICAL_SNAPSHOT,12,12,false,singleton-HYomb2CyhaWUoXglExmz
HvvG43BEgtvO5Az8qBX5,premium_photo-1681823100546-0541b5880f14.jpg,1600,1067,ELIGIBLE,KEEP_IMAGE,IN_DOMAIN_ANNOTATED_SOURCE_IMAGE,PHASE_5A_CANONICAL_SNAPSHOT,11,11,false,singleton-HvvG43BEgtvO5Az8qBX5
HwlufkrcXA9g8e3aNCm5,photo-1662309376159-b95fb193d96b.jpg,1600,2400,ELIGIBLE,KEEP_IMAGE,IN_DOMAIN_ANNOTATED_SOURCE_IMAGE,PHASE_5A_CANONICAL_SNAPSHOT,8,8,false,singleton-HwlufkrcXA9g8e3aNCm5
IGdAVWEbTKrgM8llrZbm,px_0071_8486965.jpg,1733,1300,ELIGIBLE,KEEP_IMAGE,IN_DOMAIN_ANNOTATED_SOURCE_IMAGE,PHASE_5A_CANONICAL_SNAPSHOT,3,3,false,singleton-IGdAVWEbTKrgM8llrZbm
IUKDvF2wZjRXWHNvujtd,photo-1743516462543-9d8bc506f84b.jpg,1600,1600,ELIGIBLE,KEEP_IMAGE,IN_DOMAIN_ANNOTATED_SOURCE_IMAGE,PHASE_5A_CANONICAL_SNAPSHOT,4,4,false,singleton-IUKDvF2wZjRXWHNvujtd
IdQmnhilWUB8CW2LFhdD,premium_photo-1681989490797-dbe51c438b61.jpg,1600,1067,ELIGIBLE,KEEP_IMAGE,IN_DOMAIN_ANNOTATED_SOURCE_IMAGE,PHASE_5A_CANONICAL_SNAPSHOT,1,1,false,singleton-IdQmnhilWUB8CW2LFhdD
IdlpHmd45MACc3eXTRqN,px_0172_37364516.jpg,1625,1300,ELIGIBLE,KEEP_IMAGE,IN_DOMAIN_ANNOTATED_SOURCE_IMAGE,PHASE_5A_CANONICAL_SNAPSHOT,1,1,false,singleton-IdlpHmd45MACc3eXTRqN
IxZ3C1K7vs4I43UcFG63,photo-1562167055-1afdc7ac7bca.jpg,1600,1060,ELIGIBLE,KEEP_IMAGE,IN_DOMAIN_ANNOTATED_SOURCE_IMAGE,PHASE_5A_CANONICAL_SNAPSHOT,11,11,false,singleton-IxZ3C1K7vs4I43UcFG63
IyVJr4DcosMWf0wZS1uN,un_0157_cigfVTfU39I.jpg,1080,810,ELIGIBLE,KEEP_IMAGE,IN_DOMAIN_ANNOTATED_SOURCE_IMAGE,PHASE_5A_CANONICAL_SNAPSHOT,1,1,false,singleton-IyVJr4DcosMWf0wZS1uN
J1TlMOzR3PfvLVrD3kL2,premium_photo-1677706698747-3cf16b95b80d.jpg,1600,1067,ELIGIBLE,KEEP_IMAGE,IN_DOMAIN_ANNOTATED_SOURCE_IMAGE,PHASE_5A_CANONICAL_SNAPSHOT,1,1,false,singleton-J1TlMOzR3PfvLVrD3kL2
J3hznbBPysK0tWYT9WUi,px_0141_4809021.jpg,1880,1250,ELIGIBLE,KEEP_IMAGE,IN_DOMAIN_ANNOTATED_SOURCE_IMAGE,PHASE_5A_CANONICAL_SNAPSHOT,2,2,false,singleton-J3hznbBPysK0tWYT9WUi
J43xY0jaSQexxzdN3Uoe,px_0057_8487783.jpg,975,1300,ELIGIBLE,KEEP_IMAGE,IN_DOMAIN_ANNOTATED_SOURCE_IMAGE,PHASE_5A_CANONICAL_SNAPSHOT,2,2,false,singleton-J43xY0jaSQexxzdN3Uoe
J8VVYL7NFqag8Q2h1LdU,photo-1709086566113-d055038f622c.jpg,1600,1067,ELIGIBLE,KEEP_IMAGE,IN_DOMAIN_ANNOTATED_SOURCE_IMAGE,PHASE_5A_CANONICAL_SNAPSHOT,7,7,false,singleton-J8VVYL7NFqag8Q2h1LdU
JFPLvXzjr38rcbgvCedz,photo-1612725118809-0bebfb71a551.jpg,1600,2390,ELIGIBLE,KEEP_IMAGE,IN_DOMAIN_ANNOTATED_SOURCE_IMAGE,PHASE_5A_CANONICAL_SNAPSHOT,2,2,false,singleton-JFPLvXzjr38rcbgvCedz
JQnSkF4L5Wmw2aJj0nae,photo-1776597172675-cf10349ac5b6.jpg,1600,2400,ELIGIBLE,KEEP_IMAGE,IN_DOMAIN_ANNOTATED_SOURCE_IMAGE,PHASE_5A_CANONICAL_SNAPSHOT,2,2,false,singleton-JQnSkF4L5Wmw2aJj0nae
JSKtWAeEIHCqkNcipvGH,premium_photo-1681690860621-57d749a22f34.jpg,1600,1067,ELIGIBLE,KEEP_IMAGE,IN_DOMAIN_ANNOTATED_SOURCE_IMAGE,PHASE_5A_CANONICAL_SNAPSHOT,6,6,false,singleton-JSKtWAeEIHCqkNcipvGH
Jn53NESS4TbEWJbuvG70,photo-1759002527735-a1e1c724b938.jpg,1600,1067,ELIGIBLE,KEEP_IMAGE,IN_DOMAIN_ANNOTATED_SOURCE_IMAGE,PHASE_5A_CANONICAL_SNAPSHOT,3,3,false,singleton-Jn53NESS4TbEWJbuvG70
JtlLc8vU4kkL2Jz7ctjA,photo-1630670401138-9a5c91abad18.jpg,1600,2395,ELIGIBLE,KEEP_IMAGE,IN_DOMAIN_ANNOTATED_SOURCE_IMAGE,PHASE_5A_CANONICAL_SNAPSHOT,2,2,false,singleton-JtlLc8vU4kkL2Jz7ctjA
K0CnIma3AqzHtRo2VNdu,photo-1742112125635-6f8201c6ee3f.jpg,1600,1067,ELIGIBLE,KEEP_IMAGE,IN_DOMAIN_ANNOTATED_SOURCE_IMAGE,PHASE_5A_CANONICAL_SNAPSHOT,6,6,false,singleton-K0CnIma3AqzHtRo2VNdu
KMRRC0uoR29Yq6wEaJrP,photo-1509453721491-c3af5961df76.jpg,1600,2133,ELIGIBLE,KEEP_IMAGE,IN_DOMAIN_ANNOTATED_SOURCE_IMAGE,PHASE_5A_CANONICAL_SNAPSHOT,5,5,false,singleton-KMRRC0uoR29Yq6wEaJrP
KN9YcUjf4MbiILNfF6d1,premium_photo-1664300750264-1f0e461554a3.jpg,1600,1067,ELIGIBLE,KEEP_IMAGE,IN_DOMAIN_ANNOTATED_SOURCE_IMAGE,PHASE_5A_CANONICAL_SNAPSHOT,6,6,false,singleton-KN9YcUjf4MbiILNfF6d1
KgOOMlBEXp0QxhSxTT6a,photo-1760872703636-f8d643a2b510.jpg,1600,1067,EXCLUDED,EXCLUDE_IMAGE,OUT_OF_DOMAIN_MANUAL_REVIEW,PHASE_4B_HUMAN_AUDIT,0,0,true,
KqRSROf90W22N1qzQzN0,photo-1762169985718-40919441a74e.jpg,1600,1067,EXCLUDED,EXCLUDE_IMAGE,OUT_OF_DOMAIN_MANUAL_REVIEW,PHASE_4B_HUMAN_AUDIT,0,0,true,
KyqVojaz6oaARWVjEAyG,photo-1561535703-01c6cbc20c82.jpg,1600,1067,ELIGIBLE,KEEP_IMAGE,IN_DOMAIN_ANNOTATED_SOURCE_IMAGE,PHASE_5A_CANONICAL_SNAPSHOT,9,9,false,singleton-KyqVojaz6oaARWVjEAyG
L51HLb9pTcXWg0hlY2eI,photo-1755692881539-fa170f6859bc.jpg,1600,1067,ELIGIBLE,KEEP_IMAGE,IN_DOMAIN_ANNOTATED_SOURCE_IMAGE,PHASE_5A_CANONICAL_SNAPSHOT,2,2,false,manual_dup_003
LECJ0QrWJeyWICbOqamy,photo-1516216628859-9bccecab13ca.jpg,1600,1069,ELIGIBLE,KEEP_IMAGE,IN_DOMAIN_ANNOTATED_SOURCE_IMAGE,PHASE_5A_CANONICAL_SNAPSHOT,8,8,false,singleton-LECJ0QrWJeyWICbOqamy
LSzsvsjaUz4782epO92M,photo-1772299121503-cd62a57e3a26.jpg,1600,1067,ELIGIBLE,KEEP_IMAGE,IN_DOMAIN_ANNOTATED_SOURCE_IMAGE,PHASE_5A_CANONICAL_SNAPSHOT,11,11,false,singleton-LSzsvsjaUz4782epO92M
LUvZ2w5JsB8sHFevCPRy,photo-1775314709590-3da891ebac95.jpg,1600,900,ELIGIBLE,KEEP_IMAGE,IN_DOMAIN_ANNOTATED_SOURCE_IMAGE,PHASE_5A_CANONICAL_SNAPSHOT,1,1,false,singleton-LUvZ2w5JsB8sHFevCPRy
LVQG21gdyYgR1aZBE6h9,photo-1620388640785-892616248ec8.jpg,1600,1067,ELIGIBLE,KEEP_IMAGE,IN_DOMAIN_ANNOTATED_SOURCE_IMAGE,PHASE_5A_CANONICAL_SNAPSHOT,1,1,false,singleton-LVQG21gdyYgR1aZBE6h9
LgO9XnFYKArvgSB2viem,tu_pb_09022_569126.jpg,1280,853,ELIGIBLE,KEEP_IMAGE,IN_DOMAIN_ANNOTATED_SOURCE_IMAGE,PHASE_5A_CANONICAL_SNAPSHOT,3,3,false,singleton-LgO9XnFYKArvgSB2viem
LkPWuopeX4IeCkstwBpU,photo-1742112125630-dd2955dd6120.jpg,1600,1067,ELIGIBLE,KEEP_IMAGE,IN_DOMAIN_ANNOTATED_SOURCE_IMAGE,PHASE_5A_CANONICAL_SNAPSHOT,6,6,false,singleton-LkPWuopeX4IeCkstwBpU
MBuNKaZBdNlilQvSv3zC,photo-1589792923962-537704632910.jpg,1600,1068,ELIGIBLE,KEEP_IMAGE,IN_DOMAIN_ANNOTATED_SOURCE_IMAGE,PHASE_5A_CANONICAL_SNAPSHOT,8,8,false,singleton-MBuNKaZBdNlilQvSv3zC
MUAB7pAwP5R5mAfVEWsH,premium_photo-1661919611012-3217c88abbd2.jpg,1600,1067,ELIGIBLE,KEEP_IMAGE,IN_DOMAIN_ANNOTATED_SOURCE_IMAGE,PHASE_5A_CANONICAL_SNAPSHOT,3,3,false,singleton-MUAB7pAwP5R5mAfVEWsH
Mbgd4Kw22vX5vdWxqfRn,premium_photo-1753820185684-8999b0c70865.jpg,1600,1187,ELIGIBLE,KEEP_IMAGE,IN_DOMAIN_ANNOTATED_SOURCE_IMAGE,PHASE_5A_CANONICAL_SNAPSHOT,8,8,false,singleton-Mbgd4Kw22vX5vdWxqfRn
MkxXQ8wmfbTbRbgDBAK1,px_0061_8486926.jpg,1733,1300,ELIGIBLE,KEEP_IMAGE,IN_DOMAIN_ANNOTATED_SOURCE_IMAGE,PHASE_5A_CANONICAL_SNAPSHOT,6,6,false,singleton-MkxXQ8wmfbTbRbgDBAK1
MqWRDetc1VZN6mHw7iwA,pb_0008_956496.jpg,852,1280,ELIGIBLE,KEEP_IMAGE,IN_DOMAIN_ANNOTATED_SOURCE_IMAGE,PHASE_5A_CANONICAL_SNAPSHOT,3,3,false,singleton-MqWRDetc1VZN6mHw7iwA
MvvtCo7VlWi4U7eiAk9x,photo-1764639564572-e1129f82113c.jpg,1600,1067,ELIGIBLE,KEEP_IMAGE,IN_DOMAIN_ANNOTATED_SOURCE_IMAGE,PHASE_5A_CANONICAL_SNAPSHOT,6,6,false,singleton-MvvtCo7VlWi4U7eiAk9x
NCdN7Jz3Eoh0ICakh5Cx,tu_px_09026_17858119.jpg,868,1300,ELIGIBLE,KEEP_IMAGE,IN_DOMAIN_ANNOTATED_SOURCE_IMAGE,PHASE_5A_CANONICAL_SNAPSHOT,2,2,false,singleton-NCdN7Jz3Eoh0ICakh5Cx
NL3zUnIqUyNKhcch1hNK,px_0103_34859873.jpg,1880,1253,ELIGIBLE,KEEP_IMAGE,IN_DOMAIN_ANNOTATED_SOURCE_IMAGE,PHASE_5A_CANONICAL_SNAPSHOT,3,3,false,singleton-NL3zUnIqUyNKhcch1hNK
NSxOF60pUyiloAjZa1zY,photo-1560250056-07ba64664864.jpg,1600,1091,ELIGIBLE,KEEP_IMAGE,IN_DOMAIN_ANNOTATED_SOURCE_IMAGE,PHASE_5A_CANONICAL_SNAPSHOT,4,4,false,singleton-NSxOF60pUyiloAjZa1zY
Npv1zPbAHshMBBa1mbY4,pb_0051_5182074.jpg,1280,853,ELIGIBLE,KEEP_IMAGE,IN_DOMAIN_ANNOTATED_SOURCE_IMAGE,PHASE_5A_CANONICAL_SNAPSHOT,1,1,false,singleton-Npv1zPbAHshMBBa1mbY4
NtpAqzunm5la8DrZocsj,photo-1553413077-190dd305871c.jpg,1600,2133,ELIGIBLE,KEEP_IMAGE,NO_OBVIOUS_MISSING_TARGET_LABEL,PHASE_4B_HUMAN_AUDIT,0,0,true,singleton-NtpAqzunm5la8DrZocsj
OQJwjQoYsf1KUgr9G0V8,photo-1694521787162-5373b598945c.jpg,1600,1200,ELIGIBLE,KEEP_IMAGE,IN_DOMAIN_ANNOTATED_SOURCE_IMAGE,PHASE_5A_CANONICAL_SNAPSHOT,13,13,false,singleton-OQJwjQoYsf1KUgr9G0V8
OgbeepjjlVIRghzAMurI,un_0002_X1P1_EDNnok.jpg,1080,720,ELIGIBLE,KEEP_IMAGE,IN_DOMAIN_ANNOTATED_SOURCE_IMAGE,PHASE_5A_CANONICAL_SNAPSHOT,3,3,false,manual_dup_004
OnqsKM2CX6FubTfVtaAG,photo-1535732759880-bbd5c7265e3f.jpg,1600,2000,ELIGIBLE,KEEP_IMAGE,NO_OBVIOUS_MISSING_TARGET_LABEL,PHASE_4B_HUMAN_AUDIT,0,0,true,singleton-OnqsKM2CX6FubTfVtaAG
Onxr5fVm9Rf4SRgJSUwU,photo-1622127739239-1905bbaa21b8.jpg,1600,899,ELIGIBLE,KEEP_IMAGE,IN_DOMAIN_ANNOTATED_SOURCE_IMAGE,PHASE_5A_CANONICAL_SNAPSHOT,1,1,false,singleton-Onxr5fVm9Rf4SRgJSUwU
OugGxvkSv1brFNywY26P,photo-1660177595595-cba8640c02b9.jpg,1600,1067,ELIGIBLE,KEEP_IMAGE,IN_DOMAIN_ANNOTATED_SOURCE_IMAGE,PHASE_5A_CANONICAL_SNAPSHOT,1,1,false,singleton-OugGxvkSv1brFNywY26P
P2bOf45tvhUMqEYK8wqW,px_0018_9322218.jpg,1733,1300,ELIGIBLE,KEEP_IMAGE,IN_DOMAIN_ANNOTATED_SOURCE_IMAGE,PHASE_5A_CANONICAL_SNAPSHOT,3,3,false,singleton-P2bOf45tvhUMqEYK8wqW
P4kyoAALuWE7lYtori2d,photo-1586528116493-a029325540fa.jpg,1600,1067,ELIGIBLE,KEEP_IMAGE,IN_DOMAIN_ANNOTATED_SOURCE_IMAGE,PHASE_5A_CANONICAL_SNAPSHOT,1,1,false,singleton-P4kyoAALuWE7lYtori2d
P7zAHwjb68yXM9zLAlb1,un_0129_DTvzQ-fBa1w.jpg,1080,720,ELIGIBLE,KEEP_IMAGE,IN_DOMAIN_ANNOTATED_SOURCE_IMAGE,PHASE_5A_CANONICAL_SNAPSHOT,1,1,false,singleton-P7zAHwjb68yXM9zLAlb1
P9Jz8sNsaNTHaD6dqhKc,premium_photo-1681823098176-5fc40b0659be.jpg,1600,1067,ELIGIBLE,KEEP_IMAGE,IN_DOMAIN_ANNOTATED_SOURCE_IMAGE,PHASE_5A_CANONICAL_SNAPSHOT,12,12,false,singleton-P9Jz8sNsaNTHaD6dqhKc
PIo6f9EGJ9nINHXHAGy7,px_0112_8487722.jpg,1733,1300,ELIGIBLE,KEEP_IMAGE,IN_DOMAIN_ANNOTATED_SOURCE_IMAGE,PHASE_5A_CANONICAL_SNAPSHOT,3,3,false,singleton-PIo6f9EGJ9nINHXHAGy7
PTpMxjS814v4U28HlRcf,pb_0184_6900536.jpg,1280,719,ELIGIBLE,KEEP_IMAGE,IN_DOMAIN_ANNOTATED_SOURCE_IMAGE,PHASE_5A_CANONICAL_SNAPSHOT,1,1,false,singleton-PTpMxjS814v4U28HlRcf
PqhswFNoQbq1qKOEBp5u,un_0075_rqcDp0U95PY.jpg,1080,772,ELIGIBLE,KEEP_IMAGE,IN_DOMAIN_ANNOTATED_SOURCE_IMAGE,PHASE_5A_CANONICAL_SNAPSHOT,16,16,false,singleton-PqhswFNoQbq1qKOEBp5u
Pto3IbY2BV6RjJJsxw4T,photo-1567954970774-58d6aa6c50dc.jpg,1600,900,ELIGIBLE,KEEP_IMAGE,IN_DOMAIN_ANNOTATED_SOURCE_IMAGE,PHASE_5A_CANONICAL_SNAPSHOT,1,1,false,singleton-Pto3IbY2BV6RjJJsxw4T
QUQENHzkWEHi5igbSpA1,photo-1777186476705-3c9376ce1599.jpg,1600,1123,ELIGIBLE,KEEP_IMAGE,IN_DOMAIN_ANNOTATED_SOURCE_IMAGE,PHASE_5A_CANONICAL_SNAPSHOT,2,2,false,singleton-QUQENHzkWEHi5igbSpA1
QVvTSJRWlcfwVnFYCOJ9,premium_photo-1661901724416-a0e345f0cbbe.jpg,1600,1067,ELIGIBLE,KEEP_IMAGE,IN_DOMAIN_ANNOTATED_SOURCE_IMAGE,PHASE_5A_CANONICAL_SNAPSHOT,2,2,false,singleton-QVvTSJRWlcfwVnFYCOJ9
QYjn7wMnjUSLcCSRwwn1,premium_photo-1682148421156-5cebb29be78f.jpg,1600,2400,ELIGIBLE,KEEP_IMAGE,IN_DOMAIN_ANNOTATED_SOURCE_IMAGE,PHASE_5A_CANONICAL_SNAPSHOT,2,2,false,singleton-QYjn7wMnjUSLcCSRwwn1
QiKJqc8mjFL8EnIf105y,tu_px_09180_1797415.jpg,1880,1253,ELIGIBLE,KEEP_IMAGE,IN_DOMAIN_ANNOTATED_SOURCE_IMAGE,PHASE_5A_CANONICAL_SNAPSHOT,1,1,false,singleton-QiKJqc8mjFL8EnIf105y
QmjHa7u0ZQG0cE5HadWX,photo-1564182842834-681b7be6de4b.jpg,1600,2000,ELIGIBLE,KEEP_IMAGE,IN_DOMAIN_ANNOTATED_SOURCE_IMAGE,PHASE_5A_CANONICAL_SNAPSHOT,1,1,false,singleton-QmjHa7u0ZQG0cE5HadWX
R32m4IeILycIsDayiufx,tu_px_09126_34462499.jpg,867,1300,ELIGIBLE,KEEP_IMAGE,IN_DOMAIN_ANNOTATED_SOURCE_IMAGE,PHASE_5A_CANONICAL_SNAPSHOT,2,2,false,singleton-R32m4IeILycIsDayiufx
RGHYIrvH4ypjKeh0X9jI,photo-1557089011-e00dec01a241.jpg,1600,1067,ELIGIBLE,KEEP_IMAGE,IN_DOMAIN_ANNOTATED_SOURCE_IMAGE,PHASE_5A_CANONICAL_SNAPSHOT,8,8,false,singleton-RGHYIrvH4ypjKeh0X9jI
RKuAbxAitj0j4NzRD0Px,premium_photo-1661302828763-4ec9b91d9ce3.jpg,1600,1065,ELIGIBLE,KEEP_IMAGE,IN_DOMAIN_ANNOTATED_SOURCE_IMAGE,PHASE_5A_CANONICAL_SNAPSHOT,5,5,false,singleton-RKuAbxAitj0j4NzRD0Px
RL2s7RdAmeNec6fLrJez,px_0190_13507074.jpg,1005,1300,ELIGIBLE,KEEP_IMAGE,IN_DOMAIN_ANNOTATED_SOURCE_IMAGE,PHASE_5A_CANONICAL_SNAPSHOT,9,9,false,singleton-RL2s7RdAmeNec6fLrJez
RRlPrUJXfRWGGJ6CeKIL,px_0139_8487333.jpg,1733,1300,ELIGIBLE,KEEP_IMAGE,IN_DOMAIN_ANNOTATED_SOURCE_IMAGE,PHASE_5A_CANONICAL_SNAPSHOT,5,5,false,singleton-RRlPrUJXfRWGGJ6CeKIL
RdJdZdkvlh1EvYQcyy98,photo-1764328165995-0624c280a6d2.jpg,1600,2400,ELIGIBLE,KEEP_IMAGE,IN_DOMAIN_ANNOTATED_SOURCE_IMAGE,PHASE_5A_CANONICAL_SNAPSHOT,2,2,false,singleton-RdJdZdkvlh1EvYQcyy98
RpNbe3NA9Ewqpz10Tid7,premium_photo-1663045426415-46444a2fa41c.jpg,1600,1067,ELIGIBLE,KEEP_IMAGE,IN_DOMAIN_ANNOTATED_SOURCE_IMAGE,PHASE_5A_CANONICAL_SNAPSHOT,5,5,false,singleton-RpNbe3NA9Ewqpz10Tid7
SA6z7RB5PM7Ij8AwZgp1,premium_photo-1663045488413-3e33a7ac44b0.jpg,1600,1067,ELIGIBLE,KEEP_IMAGE,IN_DOMAIN_ANNOTATED_SOURCE_IMAGE,PHASE_5A_CANONICAL_SNAPSHOT,3,3,false,singleton-SA6z7RB5PM7Ij8AwZgp1
SAxTZz7s67P7PHgPiVQD,photo-1759922378222-47ad736a174d.jpg,1600,1067,ELIGIBLE,KEEP_IMAGE,IN_DOMAIN_ANNOTATED_SOURCE_IMAGE,PHASE_5A_CANONICAL_SNAPSHOT,21,21,false,singleton-SAxTZz7s67P7PHgPiVQD
SJJJI5U15RfnloEUpsCl,photo-1702284971823-cb3f9c383a6f.jpg,1600,2400,ELIGIBLE,KEEP_IMAGE,IN_DOMAIN_ANNOTATED_SOURCE_IMAGE,PHASE_5A_CANONICAL_SNAPSHOT,1,1,false,singleton-SJJJI5U15RfnloEUpsCl
SOVx70YdnCwZQTD0yb1N,px_0109_30197168.jpg,976,1300,ELIGIBLE,KEEP_IMAGE,IN_DOMAIN_ANNOTATED_SOURCE_IMAGE,PHASE_5A_CANONICAL_SNAPSHOT,3,3,false,singleton-SOVx70YdnCwZQTD0yb1N
SPkjTewbo5B0mADZT61m,px_0022_8488019.jpg,975,1300,ELIGIBLE,KEEP_IMAGE,IN_DOMAIN_ANNOTATED_SOURCE_IMAGE,PHASE_5A_CANONICAL_SNAPSHOT,3,3,false,singleton-SPkjTewbo5B0mADZT61m
STq4QNtivjTEw93pnzUf,px_0064_35390341.jpg,867,1300,ELIGIBLE,KEEP_IMAGE,IN_DOMAIN_ANNOTATED_SOURCE_IMAGE,PHASE_5A_CANONICAL_SNAPSHOT,2,2,false,singleton-STq4QNtivjTEw93pnzUf
SkRWCmGhaCswgUNKIAos,photo-1722230428078-591f520674b0.jpg,1600,2399,ELIGIBLE,KEEP_IMAGE,IN_DOMAIN_ANNOTATED_SOURCE_IMAGE,PHASE_5A_CANONICAL_SNAPSHOT,2,2,false,singleton-SkRWCmGhaCswgUNKIAos
SoyYOpTgmlQWlluJOZEE,px_0104_8487721.jpg,1733,1300,ELIGIBLE,KEEP_IMAGE,IN_DOMAIN_ANNOTATED_SOURCE_IMAGE,PHASE_5A_CANONICAL_SNAPSHOT,2,2,false,singleton-SoyYOpTgmlQWlluJOZEE
SpqTKP1HgPTfRMf3kjMw,px_0197_8487763.jpg,975,1300,ELIGIBLE,KEEP_IMAGE,IN_DOMAIN_ANNOTATED_SOURCE_IMAGE,PHASE_5A_CANONICAL_SNAPSHOT,6,6,false,singleton-SpqTKP1HgPTfRMf3kjMw
SurmZufksfn5NllTtjD8,tu_px_09164_35281196.jpg,1880,1253,ELIGIBLE,KEEP_IMAGE,IN_DOMAIN_ANNOTATED_SOURCE_IMAGE,PHASE_5A_CANONICAL_SNAPSHOT,2,2,false,singleton-SurmZufksfn5NllTtjD8
Sx8zzDNF7sd2E0aaDtN8,premium_photo-1681823038232-151720d8023f.jpg,1600,1067,ELIGIBLE,KEEP_IMAGE,IN_DOMAIN_ANNOTATED_SOURCE_IMAGE,PHASE_5A_CANONICAL_SNAPSHOT,6,6,false,singleton-Sx8zzDNF7sd2E0aaDtN8
Sxg7i96XAHXonWrVAV8Q,photo-1520299287249-296a6c957518.jpg,1600,1071,ELIGIBLE,KEEP_IMAGE,IN_DOMAIN_ANNOTATED_SOURCE_IMAGE,PHASE_5A_CANONICAL_SNAPSHOT,1,1,false,singleton-Sxg7i96XAHXonWrVAV8Q
T6C7HiZwQDa07dlanhBF,photo-1504307651254-35680f356dfd.jpg,1600,1060,ELIGIBLE,KEEP_IMAGE,IN_DOMAIN_ANNOTATED_SOURCE_IMAGE,PHASE_5A_CANONICAL_SNAPSHOT,5,5,false,singleton-T6C7HiZwQDa07dlanhBF
THaelQmgDKdUwfSFIAx5,photo-1709719263381-30553a1d618b.jpg,1600,1131,ELIGIBLE,KEEP_IMAGE,IN_DOMAIN_ANNOTATED_SOURCE_IMAGE,PHASE_5A_CANONICAL_SNAPSHOT,2,2,false,manual_dup_005
TRn9Bx3c2kyqm0x9Suct,photo-1762709314068-1c0b65a2fcfd.jpg,1600,2400,ELIGIBLE,KEEP_IMAGE,IN_DOMAIN_ANNOTATED_SOURCE_IMAGE,PHASE_5A_CANONICAL_SNAPSHOT,2,2,false,singleton-TRn9Bx3c2kyqm0x9Suct
TfT34mr30shVLpJdQuu4,premium_photo-1681823449995-dd90c76ab761.jpg,1600,1044,ELIGIBLE,KEEP_IMAGE,IN_DOMAIN_ANNOTATED_SOURCE_IMAGE,PHASE_5A_CANONICAL_SNAPSHOT,2,2,false,singleton-TfT34mr30shVLpJdQuu4
TqbtZYtTWiEhg5zB0duU,photo-1726421690313-2e0519335b82.jpg,1600,1067,ELIGIBLE,KEEP_IMAGE,IN_DOMAIN_ANNOTATED_SOURCE_IMAGE,PHASE_5A_CANONICAL_SNAPSHOT,1,1,false,singleton-TqbtZYtTWiEhg5zB0duU
Tw3kcCGIMX2DmGQevfCR,tu_px_09110_7843972.jpg,1880,1255,ELIGIBLE,KEEP_IMAGE,IN_DOMAIN_ANNOTATED_SOURCE_IMAGE,PHASE_5A_CANONICAL_SNAPSHOT,2,2,false,singleton-Tw3kcCGIMX2DmGQevfCR
TwF1Rahc7CIP2gpmlbLS,un_0068_77X7pOwapGg.jpg,1080,719,ELIGIBLE,KEEP_IMAGE,IN_DOMAIN_ANNOTATED_SOURCE_IMAGE,PHASE_5A_CANONICAL_SNAPSHOT,11,11,false,singleton-TwF1Rahc7CIP2gpmlbLS
TypXpPM2GOKRXVcgFCjR,pb_0018_8463424.jpg,1280,853,ELIGIBLE,KEEP_IMAGE,IN_DOMAIN_ANNOTATED_SOURCE_IMAGE,PHASE_5A_CANONICAL_SNAPSHOT,3,3,false,singleton-TypXpPM2GOKRXVcgFCjR
U0AseIcul3Oj2l27WnM8,photo-1646227655588-b44f246c04fb.jpg,1600,2400,ELIGIBLE,KEEP_IMAGE,IN_DOMAIN_ANNOTATED_SOURCE_IMAGE,PHASE_5A_CANONICAL_SNAPSHOT,2,2,false,singleton-U0AseIcul3Oj2l27WnM8
U1qd4okczSBsE3VT6pzg,photo-1564183063457-680b3759a5bd.jpg,1600,1067,ELIGIBLE,KEEP_IMAGE,IN_DOMAIN_ANNOTATED_SOURCE_IMAGE,PHASE_5A_CANONICAL_SNAPSHOT,1,1,false,singleton-U1qd4okczSBsE3VT6pzg
U8OKPL7BU1Y2lII5M7Ui,tu_px_09176_4487385.jpg,867,1300,ELIGIBLE,KEEP_IMAGE,IN_DOMAIN_ANNOTATED_SOURCE_IMAGE,PHASE_5A_CANONICAL_SNAPSHOT,1,1,false,singleton-U8OKPL7BU1Y2lII5M7Ui
UCdf01APuQuNPLZxO7Vb,premium_photo-1674248799219-3447bc59d983.jpg,1600,2390,ELIGIBLE,KEEP_IMAGE,IN_DOMAIN_ANNOTATED_SOURCE_IMAGE,PHASE_5A_CANONICAL_SNAPSHOT,16,16,false,singleton-UCdf01APuQuNPLZxO7Vb
UUktj1unQEF7oxAAKuge,tu_px_09162_9762080.jpg,1880,1253,ELIGIBLE,KEEP_IMAGE,IN_DOMAIN_ANNOTATED_SOURCE_IMAGE,PHASE_5A_CANONICAL_SNAPSHOT,1,1,false,singleton-UUktj1unQEF7oxAAKuge
Ud5BlYIB2FSpmLDEEq9z,photo-1587582423116-ec07293f0395.jpg,1600,1067,ELIGIBLE,KEEP_IMAGE,IN_DOMAIN_ANNOTATED_SOURCE_IMAGE,PHASE_5A_CANONICAL_SNAPSHOT,3,3,false,manual_dup_004
Um5Oft7wh92nWZzcd33C,photo-1763328044377-d37cd9052d99.jpg,1600,1067,ELIGIBLE,KEEP_IMAGE,IN_DOMAIN_ANNOTATED_SOURCE_IMAGE,PHASE_5A_CANONICAL_SNAPSHOT,4,4,false,manual_dup_002
UzXLvGMEvzoOvv29dkyY,premium_photo-1721832786188-906b9b08a0c4.jpg,1600,1067,ELIGIBLE,KEEP_IMAGE,IN_DOMAIN_ANNOTATED_SOURCE_IMAGE,PHASE_5A_CANONICAL_SNAPSHOT,3,3,false,singleton-UzXLvGMEvzoOvv29dkyY
V2ZGAcXVfLD8h3Nv7zCq,photo-1760963301666-582b92218a19.jpg,1600,2133,ELIGIBLE,KEEP_IMAGE,IN_DOMAIN_ANNOTATED_SOURCE_IMAGE,PHASE_5A_CANONICAL_SNAPSHOT,10,10,false,singleton-V2ZGAcXVfLD8h3Nv7zCq
VBtNhSPdKWG9aB5UwSAp,px_0004_34670931.jpg,867,1300,ELIGIBLE,KEEP_IMAGE,IN_DOMAIN_ANNOTATED_SOURCE_IMAGE,PHASE_5A_CANONICAL_SNAPSHOT,3,3,false,singleton-VBtNhSPdKWG9aB5UwSAp
VKyk8uoMs024kVF0SQRN,px_0159_15332313.jpg,1880,1253,ELIGIBLE,KEEP_IMAGE,IN_DOMAIN_ANNOTATED_SOURCE_IMAGE,PHASE_5A_CANONICAL_SNAPSHOT,1,1,false,singleton-VKyk8uoMs024kVF0SQRN
Vtt35PA66TdcCFU5LqWG,px_0199_34442873.jpg,1880,1253,ELIGIBLE,KEEP_IMAGE,IN_DOMAIN_ANNOTATED_SOURCE_IMAGE,PHASE_5A_CANONICAL_SNAPSHOT,27,27,false,singleton-Vtt35PA66TdcCFU5LqWG
VzapfWdPlwdZ5ZjvR9Lz,photo-1632516160994-b4463d4e19d2.jpg,1600,2400,ELIGIBLE,KEEP_IMAGE,IN_DOMAIN_ANNOTATED_SOURCE_IMAGE,PHASE_5A_CANONICAL_SNAPSHOT,4,4,false,singleton-VzapfWdPlwdZ5ZjvR9Lz
WDUbla9aKXNSFb1VPo3Y,px_0009_8487797.jpg,975,1300,ELIGIBLE,KEEP_IMAGE,IN_DOMAIN_ANNOTATED_SOURCE_IMAGE,PHASE_5A_CANONICAL_SNAPSHOT,3,3,false,singleton-WDUbla9aKXNSFb1VPo3Y
WK7rSXorlMi85h9asAR3,px_0023_8487994.jpg,975,1300,ELIGIBLE,KEEP_IMAGE,IN_DOMAIN_ANNOTATED_SOURCE_IMAGE,PHASE_5A_CANONICAL_SNAPSHOT,3,3,false,singleton-WK7rSXorlMi85h9asAR3
WRFgtFooB6kjdViPXWHk,photo-1755692879700-721ffbc767b8.jpg,1600,1067,ELIGIBLE,KEEP_IMAGE,IN_DOMAIN_ANNOTATED_SOURCE_IMAGE,PHASE_5A_CANONICAL_SNAPSHOT,2,2,false,manual_dup_003
WeIamb2srt7SBgcfAFq1,un_0191_-3VlPEKi1Zo.jpg,1080,720,ELIGIBLE,KEEP_IMAGE,IN_DOMAIN_ANNOTATED_SOURCE_IMAGE,PHASE_5A_CANONICAL_SNAPSHOT,3,3,false,singleton-WeIamb2srt7SBgcfAFq1
WfgDXbNWgS61DtELPPR9,photo-1772442198620-3674b427e59e.jpg,1600,2133,ELIGIBLE,KEEP_IMAGE,IN_DOMAIN_ANNOTATED_SOURCE_IMAGE,PHASE_5A_CANONICAL_SNAPSHOT,1,1,false,singleton-WfgDXbNWgS61DtELPPR9
WiRPJkDVQdPSvkqMW8Rh,px_0180_12131144.jpg,867,1300,ELIGIBLE,KEEP_IMAGE,IN_DOMAIN_ANNOTATED_SOURCE_IMAGE,PHASE_5A_CANONICAL_SNAPSHOT,1,1,false,singleton-WiRPJkDVQdPSvkqMW8Rh
WizgfRCkmeL3P8qusBOI,photo-1545502334-ef4d43ade603.jpg,1600,1037,ELIGIBLE,KEEP_IMAGE,IN_DOMAIN_ANNOTATED_SOURCE_IMAGE,PHASE_5A_CANONICAL_SNAPSHOT,14,14,false,singleton-WizgfRCkmeL3P8qusBOI
WmrVhZUFxNgrZvYUWnIJ,px_0015_8487369.jpg,975,1300,ELIGIBLE,KEEP_IMAGE,IN_DOMAIN_ANNOTATED_SOURCE_IMAGE,PHASE_5A_CANONICAL_SNAPSHOT,4,4,false,singleton-WmrVhZUFxNgrZvYUWnIJ
WrxzGNad1ocUQmr32npK,premium_photo-1661680811453-0a96d6266b28.jpg,1600,2400,ELIGIBLE,KEEP_IMAGE,IN_DOMAIN_ANNOTATED_SOURCE_IMAGE,PHASE_5A_CANONICAL_SNAPSHOT,3,3,false,singleton-WrxzGNad1ocUQmr32npK
Wv9gMcKNBNTvFlSRuZe3,px_0188_30592246.jpg,1880,1253,ELIGIBLE,KEEP_IMAGE,IN_DOMAIN_ANNOTATED_SOURCE_IMAGE,PHASE_5A_CANONICAL_SNAPSHOT,3,3,false,singleton-Wv9gMcKNBNTvFlSRuZe3
WvGmeXrUqULTXbaSGJgZ,px_0080_34842258.jpg,1880,1253,ELIGIBLE,KEEP_IMAGE,IN_DOMAIN_ANNOTATED_SOURCE_IMAGE,PHASE_5A_CANONICAL_SNAPSHOT,5,5,false,singleton-WvGmeXrUqULTXbaSGJgZ
Wxlj5YOPuTXsUopMH7bg,tu_un_09185_Ee6ot8_yvLQ.jpg,1080,720,ELIGIBLE,KEEP_IMAGE,IN_DOMAIN_ANNOTATED_SOURCE_IMAGE,PHASE_5A_CANONICAL_SNAPSHOT,1,1,false,singleton-Wxlj5YOPuTXsUopMH7bg
WzTgGIeyuH1B3BYfY7tf,photo-1772852364756-cb89bbfa2aa8.jpg,1600,900,ELIGIBLE,KEEP_IMAGE,IN_DOMAIN_ANNOTATED_SOURCE_IMAGE,PHASE_5A_CANONICAL_SNAPSHOT,1,1,false,singleton-WzTgGIeyuH1B3BYfY7tf
X5ZA7xQ8Kzl1xm0xBcdd,photo-1544993485-ea7fee6111b4.jpg,1600,1067,ELIGIBLE,KEEP_IMAGE,IN_DOMAIN_ANNOTATED_SOURCE_IMAGE,PHASE_5A_CANONICAL_SNAPSHOT,2,2,false,singleton-X5ZA7xQ8Kzl1xm0xBcdd
X8B97hWGbmozigS9fEf4,tu_px_09107_8931724.jpg,1880,1253,ELIGIBLE,KEEP_IMAGE,IN_DOMAIN_ANNOTATED_SOURCE_IMAGE,PHASE_5A_CANONICAL_SNAPSHOT,2,2,false,singleton-X8B97hWGbmozigS9fEf4
XJ12x7QMBoWQ5JDrvK1E,photo-1693019108307-25453cd99978.jpg,1600,1200,ELIGIBLE,KEEP_IMAGE,IN_DOMAIN_ANNOTATED_SOURCE_IMAGE,PHASE_5A_CANONICAL_SNAPSHOT,3,3,false,singleton-XJ12x7QMBoWQ5JDrvK1E
XQUau6Bs9iWpTYrXHtq0,tu_px_09175_4480799.jpg,867,1300,ELIGIBLE,KEEP_IMAGE,IN_DOMAIN_ANNOTATED_SOURCE_IMAGE,PHASE_5A_CANONICAL_SNAPSHOT,1,1,false,singleton-XQUau6Bs9iWpTYrXHtq0
XR2eyVIj5HC0jcNt3TaF,photo-1752937285396-df7c206f47f1.jpg,1600,1067,ELIGIBLE,KEEP_IMAGE,IN_DOMAIN_ANNOTATED_SOURCE_IMAGE,PHASE_5A_CANONICAL_SNAPSHOT,3,3,false,singleton-XR2eyVIj5HC0jcNt3TaF
XakHn7NQJzcdCBMuA4V1,photo-1640459665989-20669a3b6446.jpg,1600,2562,ELIGIBLE,KEEP_IMAGE,IN_DOMAIN_ANNOTATED_SOURCE_IMAGE,PHASE_5A_CANONICAL_SNAPSHOT,4,4,false,singleton-XakHn7NQJzcdCBMuA4V1
XglPXJS02oKjbtcYMeG1,photo-1758574697284-8e84046a45ae.jpg,1600,1261,ELIGIBLE,KEEP_IMAGE,IN_DOMAIN_ANNOTATED_SOURCE_IMAGE,PHASE_5A_CANONICAL_SNAPSHOT,2,2,false,singleton-XglPXJS02oKjbtcYMeG1
XvqBrAuKPXCrvqEIjBai,photo-1694522362256-6c907336af43.jpg,1600,1067,ELIGIBLE,KEEP_IMAGE,IN_DOMAIN_ANNOTATED_SOURCE_IMAGE,PHASE_5A_CANONICAL_SNAPSHOT,4,4,false,singleton-XvqBrAuKPXCrvqEIjBai
Y1meTyz9qAlTOKqcMF21,px_0026_8961128.jpg,867,1300,ELIGIBLE,KEEP_IMAGE,IN_DOMAIN_ANNOTATED_SOURCE_IMAGE,PHASE_5A_CANONICAL_SNAPSHOT,6,6,false,singleton-Y1meTyz9qAlTOKqcMF21
Y8Qx4RUxXlcq5dm2gx4n,premium_photo-1664300982961-f57190dca362.jpg,1600,1067,ELIGIBLE,KEEP_IMAGE,IN_DOMAIN_ANNOTATED_SOURCE_IMAGE,PHASE_5A_CANONICAL_SNAPSHOT,8,8,false,singleton-Y8Qx4RUxXlcq5dm2gx4n
YEZrZA7GrbvlyKBA7z5q,tu_px_09003_8487720.jpg,1733,1300,ELIGIBLE,KEEP_IMAGE,IN_DOMAIN_ANNOTATED_SOURCE_IMAGE,PHASE_5A_CANONICAL_SNAPSHOT,3,3,false,singleton-YEZrZA7GrbvlyKBA7z5q
YUsaUSUsoTg1Dhf5PVRS,un_0026_fsa8AHFoJH8.jpg,1080,721,ELIGIBLE,KEEP_IMAGE,IN_DOMAIN_ANNOTATED_SOURCE_IMAGE,PHASE_5A_CANONICAL_SNAPSHOT,3,3,false,singleton-YUsaUSUsoTg1Dhf5PVRS
Ye8ccAU3zvBw2RWzUr4w,premium_photo-1661901715537-ed9a6f1bb663.jpg,1600,1067,ELIGIBLE,KEEP_IMAGE,IN_DOMAIN_ANNOTATED_SOURCE_IMAGE,PHASE_5A_CANONICAL_SNAPSHOT,4,4,false,singleton-Ye8ccAU3zvBw2RWzUr4w
Yus4GG8O9bfML35pe2Xg,photo-1622612063021-116cc3407145.jpg,1600,1067,ELIGIBLE,KEEP_IMAGE,IN_DOMAIN_ANNOTATED_SOURCE_IMAGE,PHASE_5A_CANONICAL_SNAPSHOT,10,10,false,singleton-Yus4GG8O9bfML35pe2Xg
ZBOFTpRZenVU4pLo2qvs,px_0186_4161604.jpg,1880,1253,ELIGIBLE,KEEP_IMAGE,IN_DOMAIN_ANNOTATED_SOURCE_IMAGE,PHASE_5A_CANONICAL_SNAPSHOT,4,4,false,singleton-ZBOFTpRZenVU4pLo2qvs
ZC5U6cHpgTUpFTtOQWiW,photo-1664382950442-0748f82f2752.jpg,1600,1065,ELIGIBLE,KEEP_IMAGE,IN_DOMAIN_ANNOTATED_SOURCE_IMAGE,PHASE_5A_CANONICAL_SNAPSHOT,3,3,false,singleton-ZC5U6cHpgTUpFTtOQWiW
ZSEtO1xi7ojj6XTirEb1,photo-1558227691-41ea78d1f631.jpg,1600,2400,ELIGIBLE,KEEP_IMAGE,IN_DOMAIN_ANNOTATED_SOURCE_IMAGE,PHASE_5A_CANONICAL_SNAPSHOT,14,14,false,singleton-ZSEtO1xi7ojj6XTirEb1
ZtkHwixUGYxprWRUjVfK,photo-1679679811837-c28b2586f533.jpg,1600,2389,ELIGIBLE,KEEP_IMAGE,IN_DOMAIN_ANNOTATED_SOURCE_IMAGE,PHASE_5A_CANONICAL_SNAPSHOT,2,2,false,singleton-ZtkHwixUGYxprWRUjVfK
ZyE71IGsDLI6OG9aIUwV,photo-1765378025255-5c2ff04563f4.jpg,1600,2395,ELIGIBLE,KEEP_IMAGE,IN_DOMAIN_ANNOTATED_SOURCE_IMAGE,PHASE_5A_CANONICAL_SNAPSHOT,3,3,false,singleton-ZyE71IGsDLI6OG9aIUwV
aEsSiryCIhDl2uLhyYVc,photo-1552530697-b6f76b88f5c5.jpg,1600,2416,ELIGIBLE,KEEP_IMAGE,IN_DOMAIN_ANNOTATED_SOURCE_IMAGE,PHASE_5A_CANONICAL_SNAPSHOT,1,1,false,singleton-aEsSiryCIhDl2uLhyYVc
aY9eNC7XGXN7yzM04BIy,photo-1640236889868-97b4708793d0.jpg,1600,1067,ELIGIBLE,KEEP_IMAGE,NO_OBVIOUS_MISSING_TARGET_LABEL,PHASE_4B_HUMAN_AUDIT,0,0,true,singleton-aY9eNC7XGXN7yzM04BIy
ahfMFVQYlwiC5qDCiYTe,tu_un_09113_oGRCb_hnbGQ.jpg,1080,748,ELIGIBLE,KEEP_IMAGE,IN_DOMAIN_ANNOTATED_SOURCE_IMAGE,PHASE_5A_CANONICAL_SNAPSHOT,2,2,false,singleton-ahfMFVQYlwiC5qDCiYTe
ajCO2t9BGFENy5GElzHf,premium_photo-1678837556049-445eea3f0c45.jpg,1600,2400,ELIGIBLE,KEEP_IMAGE,IN_DOMAIN_ANNOTATED_SOURCE_IMAGE,PHASE_5A_CANONICAL_SNAPSHOT,2,2,false,singleton-ajCO2t9BGFENy5GElzHf
ajcbQPBpsaCua5ocPPgp,photo-1774638794582-a24f0604342d.jpg,1600,2133,ELIGIBLE,KEEP_IMAGE,IN_DOMAIN_ANNOTATED_SOURCE_IMAGE,PHASE_5A_CANONICAL_SNAPSHOT,2,2,false,singleton-ajcbQPBpsaCua5ocPPgp
arsAD5W3OM2LZE59FvZO,premium_photo-1682148826211-99809e7034eb.jpg,1600,1067,ELIGIBLE,KEEP_IMAGE,NO_OBVIOUS_MISSING_TARGET_LABEL,PHASE_4B_HUMAN_AUDIT,0,0,true,singleton-arsAD5W3OM2LZE59FvZO
bQfpZl7W2IH4XyIddjOY,premium_photo-1661377122808-fa8a12cdf9c0.jpg,1600,1067,ELIGIBLE,KEEP_IMAGE,IN_DOMAIN_ANNOTATED_SOURCE_IMAGE,PHASE_5A_CANONICAL_SNAPSHOT,7,7,false,singleton-bQfpZl7W2IH4XyIddjOY
bQh3X6QEPcT50H0QeLPP,photo-1632862378103-8248dccb7e3d.jpg,1600,2000,ELIGIBLE,KEEP_IMAGE,IN_DOMAIN_ANNOTATED_SOURCE_IMAGE,PHASE_5A_CANONICAL_SNAPSHOT,3,3,false,singleton-bQh3X6QEPcT50H0QeLPP
bya4T8yTfPXtyN71EGq6,tu_px_09148_9227534.jpg,1880,1253,ELIGIBLE,KEEP_IMAGE,IN_DOMAIN_ANNOTATED_SOURCE_IMAGE,PHASE_5A_CANONICAL_SNAPSHOT,1,1,false,singleton-bya4T8yTfPXtyN71EGq6
cR6jQqnXlXEih0YeParx,px_0194_21619446.jpg,1278,1300,ELIGIBLE,KEEP_IMAGE,IN_DOMAIN_ANNOTATED_SOURCE_IMAGE,PHASE_5A_CANONICAL_SNAPSHOT,9,9,false,singleton-cR6jQqnXlXEih0YeParx
cYheOItaMXJ9X72dU5u4,premium_photo-1661448618995-0f9aab5db21c.jpg,1600,1067,ELIGIBLE,KEEP_IMAGE,IN_DOMAIN_ANNOTATED_SOURCE_IMAGE,PHASE_5A_CANONICAL_SNAPSHOT,4,4,false,singleton-cYheOItaMXJ9X72dU5u4
d1LRdQbKYoIKVWX76Mj1,photo-1542296470-ab8b83dfd2d6.jpg,1600,2624,ELIGIBLE,KEEP_IMAGE,IN_DOMAIN_ANNOTATED_SOURCE_IMAGE,PHASE_5A_CANONICAL_SNAPSHOT,1,1,false,singleton-d1LRdQbKYoIKVWX76Mj1
dOdZyD1R1kVyKKu9TD1D,photo-1605647434635-ddd0227349be.jpg,1600,1280,ELIGIBLE,KEEP_IMAGE,IN_DOMAIN_ANNOTATED_SOURCE_IMAGE,PHASE_5A_CANONICAL_SNAPSHOT,3,3,false,singleton-dOdZyD1R1kVyKKu9TD1D
dV0CbyCSJtXWWMuNiUBb,premium_photo-1663099866716-66129474193c.jpg,1600,900,ELIGIBLE,KEEP_IMAGE,IN_DOMAIN_ANNOTATED_SOURCE_IMAGE,PHASE_5A_CANONICAL_SNAPSHOT,5,5,false,singleton-dV0CbyCSJtXWWMuNiUBb
dVaKcGZ9EJmsN6TEqTdZ,photo-1621905253185-95614217f357.jpg,1600,2397,ELIGIBLE,KEEP_IMAGE,IN_DOMAIN_ANNOTATED_SOURCE_IMAGE,PHASE_5A_CANONICAL_SNAPSHOT,1,1,false,singleton-dVaKcGZ9EJmsN6TEqTdZ
dYU1JnyrMTQu4U60pGK9,px_0158_31259209.jpg,1880,1253,ELIGIBLE,KEEP_IMAGE,IN_DOMAIN_ANNOTATED_SOURCE_IMAGE,PHASE_5A_CANONICAL_SNAPSHOT,1,1,false,singleton-dYU1JnyrMTQu4U60pGK9
dcveFfgBcxZdfrcwfGt2,premium_photo-1681823735106-bb07d3a7bda5.jpg,1600,1067,ELIGIBLE,KEEP_IMAGE,IN_DOMAIN_ANNOTATED_SOURCE_IMAGE,PHASE_5A_CANONICAL_SNAPSHOT,9,9,false,singleton-dcveFfgBcxZdfrcwfGt2
dkDUAa5JcRqtBp6op5UD,premium_photo-1726332458539-38e9a1b16b76.jpg,1600,1067,ELIGIBLE,KEEP_IMAGE,IN_DOMAIN_ANNOTATED_SOURCE_IMAGE,PHASE_5A_CANONICAL_SNAPSHOT,6,6,false,singleton-dkDUAa5JcRqtBp6op5UD
dwz8H6tUE91TOzWAqabt,px_0025_8486901.jpg,975,1300,ELIGIBLE,KEEP_IMAGE,IN_DOMAIN_ANNOTATED_SOURCE_IMAGE,PHASE_5A_CANONICAL_SNAPSHOT,13,13,false,singleton-dwz8H6tUE91TOzWAqabt
eAKrlJVl2YEdaogp9yez,photo-1521737711867-e3b97375f902.jpg,1600,2399,ELIGIBLE,KEEP_IMAGE,IN_DOMAIN_ANNOTATED_SOURCE_IMAGE,PHASE_5A_CANONICAL_SNAPSHOT,4,4,false,singleton-eAKrlJVl2YEdaogp9yez
eK6ftnVVMa7WC57HMKWj,photo-1579389083078-4e7018379f7e.jpg,1600,1067,ELIGIBLE,KEEP_IMAGE,IN_DOMAIN_ANNOTATED_SOURCE_IMAGE,PHASE_5A_CANONICAL_SNAPSHOT,2,2,false,singleton-eK6ftnVVMa7WC57HMKWj
eZW0CBCWqoYoxqYPQphx,premium_photo-1682142150500-9c616021428a.jpg,1600,1067,ELIGIBLE,KEEP_IMAGE,IN_DOMAIN_ANNOTATED_SOURCE_IMAGE,PHASE_5A_CANONICAL_SNAPSHOT,2,2,false,singleton-eZW0CBCWqoYoxqYPQphx
euCQjjUlEThJqziS0g9T,premium_photo-1664299941780-e8badc0b1617.jpg,1600,1067,ELIGIBLE,KEEP_IMAGE,IN_DOMAIN_ANNOTATED_SOURCE_IMAGE,PHASE_5A_CANONICAL_SNAPSHOT,3,3,false,singleton-euCQjjUlEThJqziS0g9T
f0Z2QQcy1PolmwGQXPzx,photo-1664382953403-fc1ac77073a0.jpg,1600,1065,ELIGIBLE,KEEP_IMAGE,IN_DOMAIN_ANNOTATED_SOURCE_IMAGE,PHASE_5A_CANONICAL_SNAPSHOT,6,6,false,singleton-f0Z2QQcy1PolmwGQXPzx
f1CUR1R0AXa8BF8OuBa2,wm_0118_Hard_Hat_Tree.jpg,1920,1080,ELIGIBLE,KEEP_IMAGE,IN_DOMAIN_ANNOTATED_SOURCE_IMAGE,PHASE_5A_CANONICAL_SNAPSHOT,28,28,false,singleton-f1CUR1R0AXa8BF8OuBa2
f9lN7loqzgrkrUl5cotk,photo-1764639565276-9ceec44be6a2.jpg,1600,1067,ELIGIBLE,KEEP_IMAGE,IN_DOMAIN_ANNOTATED_SOURCE_IMAGE,PHASE_5A_CANONICAL_SNAPSHOT,4,4,false,singleton-f9lN7loqzgrkrUl5cotk
fACVNCxfZ1UpWLOyW5Un,photo-1702284969937-f6f3d06c6e5c.jpg,1600,2400,ELIGIBLE,KEEP_IMAGE,IN_DOMAIN_ANNOTATED_SOURCE_IMAGE,PHASE_5A_CANONICAL_SNAPSHOT,1,1,false,singleton-fACVNCxfZ1UpWLOyW5Un
fCguAs4b5u4OAThWLpsh,premium_photo-1661932816149-291a447e3022.jpg,1600,1067,ELIGIBLE,KEEP_IMAGE,IN_DOMAIN_ANNOTATED_SOURCE_IMAGE,PHASE_5A_CANONICAL_SNAPSHOT,6,6,false,singleton-fCguAs4b5u4OAThWLpsh
fLAAu4V914vaOBpzi2jz,tu_px_09181_4484046.jpg,1880,1253,ELIGIBLE,KEEP_IMAGE,IN_DOMAIN_ANNOTATED_SOURCE_IMAGE,PHASE_5A_CANONICAL_SNAPSHOT,1,1,false,singleton-fLAAu4V914vaOBpzi2jz
fUSboNBF7gsWxFhJcana,photo-1758876734777-dcc6981f3671.jpg,1600,1261,ELIGIBLE,KEEP_IMAGE,IN_DOMAIN_ANNOTATED_SOURCE_IMAGE,PHASE_5A_CANONICAL_SNAPSHOT,3,3,false,singleton-fUSboNBF7gsWxFhJcana
fVfuf7cWPnRyw4D9x1vo,photo-1759159091245-fc043faacddc.jpg,1600,1067,ELIGIBLE,KEEP_IMAGE,IN_DOMAIN_ANNOTATED_SOURCE_IMAGE,PHASE_5A_CANONICAL_SNAPSHOT,1,1,false,singleton-fVfuf7cWPnRyw4D9x1vo
fZbJypRfWdeUfPmPJbv2,photo-1746507574458-9dbd5a73c67c.jpg,1600,2133,ELIGIBLE,KEEP_IMAGE,IN_DOMAIN_ANNOTATED_SOURCE_IMAGE,PHASE_5A_CANONICAL_SNAPSHOT,14,14,false,singleton-fZbJypRfWdeUfPmPJbv2
feq9UuxoWtVRBPUnMr4G,premium_photo-1667520045116-d08ba0fed3e1.jpg,1600,1068,ELIGIBLE,KEEP_IMAGE,IN_DOMAIN_ANNOTATED_SOURCE_IMAGE,PHASE_5A_CANONICAL_SNAPSHOT,3,3,false,singleton-feq9UuxoWtVRBPUnMr4G
fh9ZLK61WWobTGZsxZtb,photo-1774279501003-7b0b87878f5b.jpg,1600,1576,ELIGIBLE,KEEP_IMAGE,IN_DOMAIN_ANNOTATED_SOURCE_IMAGE,PHASE_5A_CANONICAL_SNAPSHOT,3,3,false,singleton-fh9ZLK61WWobTGZsxZtb
fl9aZo56CB47TAGghJlT,photo-1575281923032-f40d94ef6160.jpg,1600,1067,ELIGIBLE,KEEP_IMAGE,NO_OBVIOUS_MISSING_TARGET_LABEL,PHASE_4B_HUMAN_AUDIT,0,0,true,singleton-fl9aZo56CB47TAGghJlT
fttALlrksUCBwd1P1uxT,photo-1589939705384-5185137a7f0f.jpg,1600,1067,ELIGIBLE,KEEP_IMAGE,IN_DOMAIN_ANNOTATED_SOURCE_IMAGE,PHASE_5A_CANONICAL_SNAPSHOT,6,6,false,singleton-fttALlrksUCBwd1P1uxT
g1wRtvNq6gOrnSakm4aj,photo-1531973576160-7125cd663d86.jpg,1600,1067,ELIGIBLE,KEEP_IMAGE,IN_DOMAIN_ANNOTATED_SOURCE_IMAGE,PHASE_5A_CANONICAL_SNAPSHOT,7,7,false,singleton-g1wRtvNq6gOrnSakm4aj
gNPDrOkY5ncvCstpk8Ir,photo-1646324554833-f0b6a479fa5d.jpg,1600,1067,ELIGIBLE,KEEP_IMAGE,IN_DOMAIN_ANNOTATED_SOURCE_IMAGE,PHASE_5A_CANONICAL_SNAPSHOT,2,2,false,singleton-gNPDrOkY5ncvCstpk8Ir
gPFGULsXJIadGfSxA0ZC,photo-1607134541550-2994abb8077b.jpg,1600,1067,ELIGIBLE,KEEP_IMAGE,IN_DOMAIN_ANNOTATED_SOURCE_IMAGE,PHASE_5A_CANONICAL_SNAPSHOT,2,2,false,singleton-gPFGULsXJIadGfSxA0ZC
gYn6rlfE3jNZF4ue6QGT,pb_0121_2732317.jpg,853,1280,ELIGIBLE,KEEP_IMAGE,IN_DOMAIN_ANNOTATED_SOURCE_IMAGE,PHASE_5A_CANONICAL_SNAPSHOT,3,3,false,singleton-gYn6rlfE3jNZF4ue6QGT
ghzZPWPu7P2hqWEVXzdK,photo-1768158988512-ad31657fe5b8.jpg,1600,1200,ELIGIBLE,KEEP_IMAGE,IN_DOMAIN_ANNOTATED_SOURCE_IMAGE,PHASE_5A_CANONICAL_SNAPSHOT,1,1,false,singleton-ghzZPWPu7P2hqWEVXzdK
glS8kOIkWw2z5g9Jf0YI,photo-1551434678-e076c223a692.jpg,1600,1067,ELIGIBLE,KEEP_IMAGE,IN_DOMAIN_ANNOTATED_SOURCE_IMAGE,PHASE_5A_CANONICAL_SNAPSHOT,2,2,false,singleton-glS8kOIkWw2z5g9Jf0YI
gtQyCqdKvXk2yIeURzCw,un_0017_gQKhNj9fV8E.jpg,1080,720,ELIGIBLE,KEEP_IMAGE,IN_DOMAIN_ANNOTATED_SOURCE_IMAGE,PHASE_5A_CANONICAL_SNAPSHOT,2,2,false,singleton-gtQyCqdKvXk2yIeURzCw
guTxd6qoSMleRrrzuudX,premium_photo-1681823318682-9b82ed66547d.jpg,1600,1060,ELIGIBLE,KEEP_IMAGE,IN_DOMAIN_ANNOTATED_SOURCE_IMAGE,PHASE_5A_CANONICAL_SNAPSHOT,7,7,false,singleton-guTxd6qoSMleRrrzuudX
gwAoT5NhaRgUOaU5OHpI,px_0006_8486907.jpg,1733,1300,ELIGIBLE,KEEP_IMAGE,IN_DOMAIN_ANNOTATED_SOURCE_IMAGE,PHASE_5A_CANONICAL_SNAPSHOT,3,3,false,singleton-gwAoT5NhaRgUOaU5OHpI
hKVfPWLhNq2uN8d3SJs1,photo-1672748341520-6a839e6c05bb.jpg,1600,2400,ELIGIBLE,KEEP_IMAGE,IN_DOMAIN_ANNOTATED_SOURCE_IMAGE,PHASE_5A_CANONICAL_SNAPSHOT,3,3,false,singleton-hKVfPWLhNq2uN8d3SJs1
hRBalleqqyG7t2msbEJX,photo-1772852327572-d6344152e6ba.jpg,1600,900,ELIGIBLE,KEEP_IMAGE,IN_DOMAIN_ANNOTATED_SOURCE_IMAGE,PHASE_5A_CANONICAL_SNAPSHOT,4,4,false,singleton-hRBalleqqyG7t2msbEJX
hn0aQnTlX2RCubxvozTD,premium_photo-1677706698226-87b630be173f.jpg,1600,1067,ELIGIBLE,KEEP_IMAGE,IN_DOMAIN_ANNOTATED_SOURCE_IMAGE,PHASE_5A_CANONICAL_SNAPSHOT,1,1,false,singleton-hn0aQnTlX2RCubxvozTD
hsfBHYazMXnS3WJlQzR7,premium_photo-1664301167194-455b2ea6f8e7.jpg,1600,1067,ELIGIBLE,KEEP_IMAGE,IN_DOMAIN_ANNOTATED_SOURCE_IMAGE,PHASE_5A_CANONICAL_SNAPSHOT,6,6,false,singleton-hsfBHYazMXnS3WJlQzR7
iJ4dUZWQCFaMhFRpxFFB,premium_photo-1664475400254-d4181fe4b533.jpg,1600,1064,ELIGIBLE,KEEP_IMAGE,IN_DOMAIN_ANNOTATED_SOURCE_IMAGE,PHASE_5A_CANONICAL_SNAPSHOT,2,2,false,singleton-iJ4dUZWQCFaMhFRpxFFB
iYDeCo5SbjJugwsbVESB,photo-1556033773-e6988a371bec.jpg,1600,1067,ELIGIBLE,KEEP_IMAGE,IN_DOMAIN_ANNOTATED_SOURCE_IMAGE,PHASE_5A_CANONICAL_SNAPSHOT,36,36,false,singleton-iYDeCo5SbjJugwsbVESB
iaiWnIvvT5pVlhb0dKOl,photo-1581094480465-4e6c25fb4a52.jpg,1600,1067,ELIGIBLE,KEEP_IMAGE,IN_DOMAIN_ANNOTATED_SOURCE_IMAGE,PHASE_5A_CANONICAL_SNAPSHOT,6,6,false,singleton-iaiWnIvvT5pVlhb0dKOl
ifby7cAiqu9ONl1N8bBb,px_0123_7843976.jpg,1880,1255,ELIGIBLE,KEEP_IMAGE,IN_DOMAIN_ANNOTATED_SOURCE_IMAGE,PHASE_5A_CANONICAL_SNAPSHOT,2,2,false,singleton-ifby7cAiqu9ONl1N8bBb
imjwATL2GrVSVnpZbh6h,px_0007_32467381.jpg,975,1300,ELIGIBLE,KEEP_IMAGE,IN_DOMAIN_ANNOTATED_SOURCE_IMAGE,PHASE_5A_CANONICAL_SNAPSHOT,3,3,false,singleton-imjwATL2GrVSVnpZbh6h
inWNXCMjoiZbYJ8VZYuO,photo-1599707254554-027aeb4deacd.jpg,1600,1067,ELIGIBLE,KEEP_IMAGE,NO_OBVIOUS_MISSING_TARGET_LABEL,PHASE_4B_HUMAN_AUDIT,0,0,true,singleton-inWNXCMjoiZbYJ8VZYuO
iubfYkjY0FQevxBHrSDF,premium_photo-1664475180502-0190b52ce2a7.jpg,1600,1064,ELIGIBLE,KEEP_IMAGE,IN_DOMAIN_ANNOTATED_SOURCE_IMAGE,PHASE_5A_CANONICAL_SNAPSHOT,12,12,false,singleton-iubfYkjY0FQevxBHrSDF
j62kdLyGTgOcZr6cFg4l,photo-1651595761609-840923cb33a6.jpg,1600,1961,ELIGIBLE,KEEP_IMAGE,IN_DOMAIN_ANNOTATED_SOURCE_IMAGE,PHASE_5A_CANONICAL_SNAPSHOT,1,1,false,singleton-j62kdLyGTgOcZr6cFg4l
jB6vHTpd3bg6PYMbkqIa,photo-1722898414188-df8e94b0cfee.jpg,1600,2400,ELIGIBLE,KEEP_IMAGE,IN_DOMAIN_ANNOTATED_SOURCE_IMAGE,PHASE_5A_CANONICAL_SNAPSHOT,1,1,false,singleton-jB6vHTpd3bg6PYMbkqIa
jDwIXNJBgF475XoAE6vp,photo-1574757987642-5755f0839101.jpg,1600,2400,ELIGIBLE,KEEP_IMAGE,IN_DOMAIN_ANNOTATED_SOURCE_IMAGE,PHASE_5A_CANONICAL_SNAPSHOT,8,8,false,singleton-jDwIXNJBgF475XoAE6vp
jMjBquUFO7RKmJoREtKf,photo-1641980923573-52ab5800e6ef.jpg,1600,2400,ELIGIBLE,KEEP_IMAGE,IN_DOMAIN_ANNOTATED_SOURCE_IMAGE,PHASE_5A_CANONICAL_SNAPSHOT,1,1,false,singleton-jMjBquUFO7RKmJoREtKf
jZRJXWZrSuoa2xxRDSQL,photo-1591955506264-3f5a6834570a.jpg,1600,1067,ELIGIBLE,KEEP_IMAGE,NO_OBVIOUS_MISSING_TARGET_LABEL,PHASE_4B_HUMAN_AUDIT,0,0,true,singleton-jZRJXWZrSuoa2xxRDSQL
k5KncB0t5cKDlnJjjD7R,photo-1664731730005-019a7d27d543.jpg,1600,2400,ELIGIBLE,KEEP_IMAGE,IN_DOMAIN_ANNOTATED_SOURCE_IMAGE,PHASE_5A_CANONICAL_SNAPSHOT,3,3,false,singleton-k5KncB0t5cKDlnJjjD7R
k9xkkgvQEhZ5r4UBzBLi,photo-1600880292203-757bb62b4baf.jpg,1600,1067,ELIGIBLE,KEEP_IMAGE,IN_DOMAIN_ANNOTATED_SOURCE_IMAGE,PHASE_5A_CANONICAL_SNAPSHOT,2,2,false,singleton-k9xkkgvQEhZ5r4UBzBLi
kTH5lgBkMr7IPrRdEdsH,premium_photo-1681989493328-0e5301879a4f.jpg,1600,1067,ELIGIBLE,KEEP_IMAGE,IN_DOMAIN_ANNOTATED_SOURCE_IMAGE,PHASE_5A_CANONICAL_SNAPSHOT,1,1,false,singleton-kTH5lgBkMr7IPrRdEdsH
kd9SJdeJNaqWF3otEono,pb_0140_6657476.jpg,1280,853,ELIGIBLE,KEEP_IMAGE,IN_DOMAIN_ANNOTATED_SOURCE_IMAGE,PHASE_5A_CANONICAL_SNAPSHOT,4,4,false,singleton-kd9SJdeJNaqWF3otEono
keYyPpX3glyxtyVpJW0h,photo-1594311009695-8d4304224a57.jpg,1600,2406,ELIGIBLE,KEEP_IMAGE,IN_DOMAIN_ANNOTATED_SOURCE_IMAGE,PHASE_5A_CANONICAL_SNAPSHOT,1,1,false,singleton-keYyPpX3glyxtyVpJW0h
kfY9GYBFnMHnsmXlT7Pk,px_0135_8487346.jpg,975,1300,ELIGIBLE,KEEP_IMAGE,IN_DOMAIN_ANNOTATED_SOURCE_IMAGE,PHASE_5A_CANONICAL_SNAPSHOT,4,4,false,singleton-kfY9GYBFnMHnsmXlT7Pk
krq8FSSwp3IHgm9N0pao,tu_un_09087_PDhBT8TNjbk.jpg,1080,720,ELIGIBLE,KEEP_IMAGE,IN_DOMAIN_ANNOTATED_SOURCE_IMAGE,PHASE_5A_CANONICAL_SNAPSHOT,2,2,false,singleton-krq8FSSwp3IHgm9N0pao
kusZ7rL0IJdPP025Z3VL,photo-1516880711640-ef7db81be3e1.jpg,1600,1067,ELIGIBLE,KEEP_IMAGE,IN_DOMAIN_ANNOTATED_SOURCE_IMAGE,PHASE_5A_CANONICAL_SNAPSHOT,64,64,false,singleton-kusZ7rL0IJdPP025Z3VL
kvlkvPKhlcIlNoa2lJKq,photo-1640236889840-40f550ed5ef9.jpg,1600,1067,ELIGIBLE,KEEP_IMAGE,IN_DOMAIN_ANNOTATED_SOURCE_IMAGE,PHASE_5A_CANONICAL_SNAPSHOT,3,3,false,manual_dup_006
l3CKxvrKhNSJ5s7EZGYx,photo-1694521787673-28cbd8830ea5.jpg,1600,1067,ELIGIBLE,KEEP_IMAGE,IN_DOMAIN_ANNOTATED_SOURCE_IMAGE,PHASE_5A_CANONICAL_SNAPSHOT,10,10,false,singleton-l3CKxvrKhNSJ5s7EZGYx
l6p3b5329wOTIlDWrxKz,photo-1707553031390-e2b41823d6c0.jpg,1600,1067,ELIGIBLE,KEEP_IMAGE,NO_OBVIOUS_MISSING_TARGET_LABEL,PHASE_4B_HUMAN_AUDIT,0,0,true,singleton-l6p3b5329wOTIlDWrxKz
l9Dl2hgmgUUntj7KnCDr,premium_photo-1664301171216-9e0e0cd8d103.jpg,1600,1067,ELIGIBLE,KEEP_IMAGE,IN_DOMAIN_ANNOTATED_SOURCE_IMAGE,PHASE_5A_CANONICAL_SNAPSHOT,3,3,false,singleton-l9Dl2hgmgUUntj7KnCDr
lHkj3xNmUL3G67dHG1Zr,px_0003_8487362.jpg,975,1300,ELIGIBLE,KEEP_IMAGE,IN_DOMAIN_ANNOTATED_SOURCE_IMAGE,PHASE_5A_CANONICAL_SNAPSHOT,8,8,false,singleton-lHkj3xNmUL3G67dHG1Zr
lSb8IK6pm0WEKyASISFH,photo-1640236890278-823b8baec180.jpg,1600,1067,ELIGIBLE,KEEP_IMAGE,IN_DOMAIN_ANNOTATED_SOURCE_IMAGE,PHASE_5A_CANONICAL_SNAPSHOT,3,3,false,singleton-lSb8IK6pm0WEKyASISFH
lgBtELsXF4mmvJVuTAhW,photo-1763328044360-7a2ac98efe6c.jpg,1600,1067,ELIGIBLE,KEEP_IMAGE,IN_DOMAIN_ANNOTATED_SOURCE_IMAGE,PHASE_5A_CANONICAL_SNAPSHOT,4,4,false,singleton-lgBtELsXF4mmvJVuTAhW
ljmzAWSjDGWvNtmeIhi5,px_0013_8487363.jpg,975,1300,ELIGIBLE,KEEP_IMAGE,IN_DOMAIN_ANNOTATED_SOURCE_IMAGE,PHASE_5A_CANONICAL_SNAPSHOT,22,22,false,singleton-ljmzAWSjDGWvNtmeIhi5
m2cPIgGRcvybNcEUB6QU,photo-1541888946425-d81bb19240f5.jpg,1600,1067,ELIGIBLE,KEEP_IMAGE,IN_DOMAIN_ANNOTATED_SOURCE_IMAGE,PHASE_5A_CANONICAL_SNAPSHOT,21,21,false,singleton-m2cPIgGRcvybNcEUB6QU
mGpEymQ65D2CMZ9cGGfq,premium_photo-1661537890918-195517a95c03.jpg,1600,947,ELIGIBLE,KEEP_IMAGE,IN_DOMAIN_ANNOTATED_SOURCE_IMAGE,PHASE_5A_CANONICAL_SNAPSHOT,11,11,false,singleton-mGpEymQ65D2CMZ9cGGfq
me3L0EvJNoTCq7JgLKP6,wm_0208_FEMA_-_37928_-_Worker_being_interviewed_for_new_media_piece_in_Texas.jpg,1920,1276,ELIGIBLE,KEEP_IMAGE,IN_DOMAIN_ANNOTATED_SOURCE_IMAGE,PHASE_5A_CANONICAL_SNAPSHOT,4,4,false,singleton-me3L0EvJNoTCq7JgLKP6
mlodMvChxLj1pS9RDfqi,premium_photo-1682148005280-7d53f5d3664d.jpg,1600,1067,ELIGIBLE,KEEP_IMAGE,IN_DOMAIN_ANNOTATED_SOURCE_IMAGE,PHASE_5A_CANONICAL_SNAPSHOT,3,3,false,singleton-mlodMvChxLj1pS9RDfqi
mp5LAcrQy7CC3sruY2wU,photo-1576669801820-a9ab287ac2d1.jpg,1600,1067,ELIGIBLE,KEEP_IMAGE,IN_DOMAIN_ANNOTATED_SOURCE_IMAGE,PHASE_5A_CANONICAL_SNAPSHOT,1,1,false,singleton-mp5LAcrQy7CC3sruY2wU
mzi1EX980oEaKVVulnGv,photo-1599095190106-48ad26027383.jpg,1600,2472,ELIGIBLE,KEEP_IMAGE,IN_DOMAIN_ANNOTATED_SOURCE_IMAGE,PHASE_5A_CANONICAL_SNAPSHOT,4,4,false,singleton-mzi1EX980oEaKVVulnGv
n3HmiRWyY5MKTrr6Vrd3,px_0020_30661410.jpg,1880,1253,ELIGIBLE,KEEP_IMAGE,IN_DOMAIN_ANNOTATED_SOURCE_IMAGE,PHASE_5A_CANONICAL_SNAPSHOT,5,5,false,singleton-n3HmiRWyY5MKTrr6Vrd3
nQrqR72SD3sC9Hms1O9U,un_0010_J8Lr5bLerQ8.jpg,1080,608,ELIGIBLE,KEEP_IMAGE,IN_DOMAIN_ANNOTATED_SOURCE_IMAGE,PHASE_5A_CANONICAL_SNAPSHOT,1,1,false,singleton-nQrqR72SD3sC9Hms1O9U
nTcgBq8KIfwkvtofPfOw,premium_photo-1681823356451-17a244f37707.jpg,1600,1016,ELIGIBLE,KEEP_IMAGE,IN_DOMAIN_ANNOTATED_SOURCE_IMAGE,PHASE_5A_CANONICAL_SNAPSHOT,6,6,false,singleton-nTcgBq8KIfwkvtofPfOw
nXwfWz2We6dOnsyzeEno,photo-1557084230-27999d53fc13.jpg,1600,1066,ELIGIBLE,KEEP_IMAGE,IN_DOMAIN_ANNOTATED_SOURCE_IMAGE,PHASE_5A_CANONICAL_SNAPSHOT,25,25,false,singleton-nXwfWz2We6dOnsyzeEno
naWKv1VFkDVnpPnS59Bf,photo-1776381733574-372689e246b4.jpg,1600,2400,ELIGIBLE,KEEP_IMAGE,IN_DOMAIN_ANNOTATED_SOURCE_IMAGE,PHASE_5A_CANONICAL_SNAPSHOT,1,1,false,singleton-naWKv1VFkDVnpPnS59Bf
niY7CVigYcNQ0OdTBcor,premium_photo-1681823089588-5ad065dc85cd.jpg,1600,1021,ELIGIBLE,KEEP_IMAGE,IN_DOMAIN_ANNOTATED_SOURCE_IMAGE,PHASE_5A_CANONICAL_SNAPSHOT,13,13,false,singleton-niY7CVigYcNQ0OdTBcor
o0SiQwUZ5uRlCXASCtiR,px_0133_11666845.jpg,867,1300,ELIGIBLE,KEEP_IMAGE,IN_DOMAIN_ANNOTATED_SOURCE_IMAGE,PHASE_5A_CANONICAL_SNAPSHOT,2,2,false,singleton-o0SiQwUZ5uRlCXASCtiR
oC3kPMC7WbZm0vaMoq09,un_0176_Osd4kiWMZ3M.jpg,1080,720,ELIGIBLE,KEEP_IMAGE,IN_DOMAIN_ANNOTATED_SOURCE_IMAGE,PHASE_5A_CANONICAL_SNAPSHOT,2,2,false,singleton-oC3kPMC7WbZm0vaMoq09
oJppm5xk3UqypLwM3EiO,photo-1760161306014-e2dcc13cbdf8.jpg,1600,1067,ELIGIBLE,KEEP_IMAGE,IN_DOMAIN_ANNOTATED_SOURCE_IMAGE,PHASE_5A_CANONICAL_SNAPSHOT,6,6,false,singleton-oJppm5xk3UqypLwM3EiO
oL1x933NyN6wiKXhxOob,px_0005_8487734.jpg,975,1300,ELIGIBLE,KEEP_IMAGE,IN_DOMAIN_ANNOTATED_SOURCE_IMAGE,PHASE_5A_CANONICAL_SNAPSHOT,5,5,false,singleton-oL1x933NyN6wiKXhxOob
oNY9i1I2LbSYd4Zq924U,tu_px_09104_7843988.jpg,1880,1255,ELIGIBLE,KEEP_IMAGE,IN_DOMAIN_ANNOTATED_SOURCE_IMAGE,PHASE_5A_CANONICAL_SNAPSHOT,2,2,false,singleton-oNY9i1I2LbSYd4Zq924U
oTvvPXX0GF2JCGezEtXJ,photo-1640236889592-99fdc210494d.jpg,1600,1067,ELIGIBLE,KEEP_IMAGE,IN_DOMAIN_ANNOTATED_SOURCE_IMAGE,PHASE_5A_CANONICAL_SNAPSHOT,3,3,false,singleton-oTvvPXX0GF2JCGezEtXJ
ojwkuYxr8Yg4pw09PSCT,px_0214_16368418.jpg,867,1300,ELIGIBLE,KEEP_IMAGE,IN_DOMAIN_ANNOTATED_SOURCE_IMAGE,PHASE_5A_CANONICAL_SNAPSHOT,3,3,false,singleton-ojwkuYxr8Yg4pw09PSCT
p0WuKqx9EeARevPPWyRq,photo-1742203103007-8b79bdede0f8.jpg,1600,1067,ELIGIBLE,KEEP_IMAGE,IN_DOMAIN_ANNOTATED_SOURCE_IMAGE,PHASE_5A_CANONICAL_SNAPSHOT,1,1,false,singleton-p0WuKqx9EeARevPPWyRq
p5lxtMTKDL0gIgbqSrls,un_0161_wp81DxKUd1E.jpg,1080,657,ELIGIBLE,KEEP_IMAGE,IN_DOMAIN_ANNOTATED_SOURCE_IMAGE,PHASE_5A_CANONICAL_SNAPSHOT,48,48,false,singleton-p5lxtMTKDL0gIgbqSrls
p96kP7xmkvs84TmnINFt,photo-1755619063539-acb7020f025c.jpg,1600,2133,ELIGIBLE,KEEP_IMAGE,IN_DOMAIN_ANNOTATED_SOURCE_IMAGE,PHASE_5A_CANONICAL_SNAPSHOT,1,1,false,singleton-p96kP7xmkvs84TmnINFt
pE6UkMMWzcDOy86QHSoC,photo-1504384308090-c894fdcc538d.jpg,1600,1067,ELIGIBLE,KEEP_IMAGE,IN_DOMAIN_ANNOTATED_SOURCE_IMAGE,PHASE_5A_CANONICAL_SNAPSHOT,33,33,false,singleton-pE6UkMMWzcDOy86QHSoC
pIzGCRRLnf8bfGnx48Ka,tu_px_09054_35647482.jpg,867,1300,ELIGIBLE,KEEP_IMAGE,IN_DOMAIN_ANNOTATED_SOURCE_IMAGE,PHASE_5A_CANONICAL_SNAPSHOT,2,2,false,singleton-pIzGCRRLnf8bfGnx48Ka
pMftFzW2M3bmHHBJOTG2,photo-1568992687947-868a62a9f521.jpg,1600,900,ELIGIBLE,KEEP_IMAGE,IN_DOMAIN_ANNOTATED_SOURCE_IMAGE,PHASE_5A_CANONICAL_SNAPSHOT,7,7,false,singleton-pMftFzW2M3bmHHBJOTG2
pb3x906Z3qhaYLgBVWrb,photo-1763313304471-32c79de23c30.jpg,1600,2400,ELIGIBLE,KEEP_IMAGE,IN_DOMAIN_ANNOTATED_SOURCE_IMAGE,PHASE_5A_CANONICAL_SNAPSHOT,2,2,false,singleton-pb3x906Z3qhaYLgBVWrb
pbOZlgeseTpoTXwVJjAh,px_0124_15483291.jpg,867,1300,ELIGIBLE,KEEP_IMAGE,IN_DOMAIN_ANNOTATED_SOURCE_IMAGE,PHASE_5A_CANONICAL_SNAPSHOT,2,2,false,singleton-pbOZlgeseTpoTXwVJjAh
pd0SyehnE6l5xoGZqJCt,photo-1596266953826-e43f503716df.jpg,1600,1065,ELIGIBLE,KEEP_IMAGE,IN_DOMAIN_ANNOTATED_SOURCE_IMAGE,PHASE_5A_CANONICAL_SNAPSHOT,12,12,false,singleton-pd0SyehnE6l5xoGZqJCt
prVjNgHS0pAKIQUelidW,premium_photo-1680787316362-e1d5bd42b06b.jpg,1600,1067,ELIGIBLE,KEEP_IMAGE,IN_DOMAIN_ANNOTATED_SOURCE_IMAGE,PHASE_5A_CANONICAL_SNAPSHOT,1,1,false,singleton-prVjNgHS0pAKIQUelidW
pwZkhgJcda4HLCsziTh1,photo-1668786710595-afc9d92f304e.jpg,1600,1149,ELIGIBLE,KEEP_IMAGE,IN_DOMAIN_ANNOTATED_SOURCE_IMAGE,PHASE_5A_CANONICAL_SNAPSHOT,1,1,false,singleton-pwZkhgJcda4HLCsziTh1
q2wyXKnABjAqqL0mLiG7,tu_px_09179_20379378.jpg,1880,1253,ELIGIBLE,KEEP_IMAGE,IN_DOMAIN_ANNOTATED_SOURCE_IMAGE,PHASE_5A_CANONICAL_SNAPSHOT,6,6,false,singleton-q2wyXKnABjAqqL0mLiG7
q96gkRtLhrZTtKhFqiQU,photo-1564483335100-3413b45dbd37.jpg,1600,2073,ELIGIBLE,KEEP_IMAGE,IN_DOMAIN_ANNOTATED_SOURCE_IMAGE,PHASE_5A_CANONICAL_SNAPSHOT,1,1,false,singleton-q96gkRtLhrZTtKhFqiQU
qEBVz8CKiWp4KmTFLCBu,px_0119_29224564.jpg,867,1300,ELIGIBLE,KEEP_IMAGE,IN_DOMAIN_ANNOTATED_SOURCE_IMAGE,PHASE_5A_CANONICAL_SNAPSHOT,3,3,false,singleton-qEBVz8CKiWp4KmTFLCBu
ql4CBoTCV3vDAYdQsYAA,photo-1612787114413-a5e60ede7db8.jpg,1600,1200,ELIGIBLE,KEEP_IMAGE,IN_DOMAIN_ANNOTATED_SOURCE_IMAGE,PHASE_5A_CANONICAL_SNAPSHOT,2,2,false,singleton-ql4CBoTCV3vDAYdQsYAA
qm0fl8ee3HpSLSCrrqDG,pb_0019_7212655.jpg,960,1280,ELIGIBLE,KEEP_IMAGE,IN_DOMAIN_ANNOTATED_SOURCE_IMAGE,PHASE_5A_CANONICAL_SNAPSHOT,4,4,false,singleton-qm0fl8ee3HpSLSCrrqDG
qpGvhFrN8YelHx1yTsM9,px_0008_34670926.jpg,867,1300,ELIGIBLE,KEEP_IMAGE,IN_DOMAIN_ANNOTATED_SOURCE_IMAGE,PHASE_5A_CANONICAL_SNAPSHOT,9,9,false,singleton-qpGvhFrN8YelHx1yTsM9
qrutbsVFIvplPnd3QSpO,tu_px_09052_28123721.jpg,867,1300,ELIGIBLE,KEEP_IMAGE,IN_DOMAIN_ANNOTATED_SOURCE_IMAGE,PHASE_5A_CANONICAL_SNAPSHOT,2,2,false,singleton-qrutbsVFIvplPnd3QSpO
qx08jrWTs2SMpvKiaAT7,photo-1599995903128-531fc7fb694b.jpg,1600,901,ELIGIBLE,KEEP_IMAGE,NO_OBVIOUS_MISSING_TARGET_LABEL,PHASE_4B_HUMAN_AUDIT,0,0,true,singleton-qx08jrWTs2SMpvKiaAT7
r3HWnAoRdj2C2qeAdFkr,photo-1774599730788-a74cd9253b56.jpg,1600,900,ELIGIBLE,KEEP_IMAGE,IN_DOMAIN_ANNOTATED_SOURCE_IMAGE,PHASE_5A_CANONICAL_SNAPSHOT,15,15,false,singleton-r3HWnAoRdj2C2qeAdFkr
r3UicRnZtAlek7LbZebm,photo-1626885930974-4b69aa21bbf9.jpg,1600,1245,ELIGIBLE,KEEP_IMAGE,IN_DOMAIN_ANNOTATED_SOURCE_IMAGE,PHASE_5A_CANONICAL_SNAPSHOT,6,6,false,singleton-r3UicRnZtAlek7LbZebm
r4BbR2gJ7CPp1ObMrFIz,premium_photo-1723867211579-a4fa21fab238.jpg,1600,1068,ELIGIBLE,KEEP_IMAGE,IN_DOMAIN_ANNOTATED_SOURCE_IMAGE,PHASE_5A_CANONICAL_SNAPSHOT,3,3,false,singleton-r4BbR2gJ7CPp1ObMrFIz
rE8YybvIjJNdTtORaoUg,photo-1607128529586-a9617b46b693.jpg,1600,2400,ELIGIBLE,KEEP_IMAGE,IN_DOMAIN_ANNOTATED_SOURCE_IMAGE,PHASE_5A_CANONICAL_SNAPSHOT,2,2,false,singleton-rE8YybvIjJNdTtORaoUg
rGmTI5PGRqRSwShjd9Ud,photo-1763313304480-c72d0af66af4.jpg,1600,2400,ELIGIBLE,KEEP_IMAGE,IN_DOMAIN_ANNOTATED_SOURCE_IMAGE,PHASE_5A_CANONICAL_SNAPSHOT,2,2,false,singleton-rGmTI5PGRqRSwShjd9Ud
rH8exgws1DxUXM1Sl2EC,photo-1607134541878-f3bbce97b2dd.jpg,1600,1067,ELIGIBLE,KEEP_IMAGE,IN_DOMAIN_ANNOTATED_SOURCE_IMAGE,PHASE_5A_CANONICAL_SNAPSHOT,4,4,false,singleton-rH8exgws1DxUXM1Sl2EC
rTdiLvt8dIscf2PQBU1j,photo-1646082276009-bb35409086ed.jpg,1600,1067,ELIGIBLE,KEEP_IMAGE,IN_DOMAIN_ANNOTATED_SOURCE_IMAGE,PHASE_5A_CANONICAL_SNAPSHOT,2,2,false,singleton-rTdiLvt8dIscf2PQBU1j
rYhDjwrXPlmdX7ft3uh3,photo-1764422680743-a4dd78bc58d3.jpg,1600,2400,ELIGIBLE,KEEP_IMAGE,IN_DOMAIN_ANNOTATED_SOURCE_IMAGE,PHASE_5A_CANONICAL_SNAPSHOT,3,3,false,singleton-rYhDjwrXPlmdX7ft3uh3
reY8VQLEFB5lzBT6SyIc,photo-1776597172750-10d81fd69148.jpg,1600,2400,ELIGIBLE,KEEP_IMAGE,IN_DOMAIN_ANNOTATED_SOURCE_IMAGE,PHASE_5A_CANONICAL_SNAPSHOT,2,2,false,singleton-reY8VQLEFB5lzBT6SyIc
rgmMTV7vKJ6wlhm6IioB,photo-1758574697274-ebbbd08ec0d9.jpg,1600,1265,ELIGIBLE,KEEP_IMAGE,IN_DOMAIN_ANNOTATED_SOURCE_IMAGE,PHASE_5A_CANONICAL_SNAPSHOT,3,3,false,singleton-rgmMTV7vKJ6wlhm6IioB
rpdoJYbURHUkBIZtjRyx,photo-1556761175-b413da4baf72.jpg,1600,1200,ELIGIBLE,KEEP_IMAGE,IN_DOMAIN_ANNOTATED_SOURCE_IMAGE,PHASE_5A_CANONICAL_SNAPSHOT,6,6,false,singleton-rpdoJYbURHUkBIZtjRyx
s9ircNOjL3KJuH5uqnhY,photo-1762005900161-64680b26b3ea.jpg,1600,2172,ELIGIBLE,KEEP_IMAGE,IN_DOMAIN_ANNOTATED_SOURCE_IMAGE,PHASE_5A_CANONICAL_SNAPSHOT,14,14,false,singleton-s9ircNOjL3KJuH5uqnhY
sCBw5cHMoREKazVjQfkj,px_0189_38070.jpg,1880,1237,ELIGIBLE,KEEP_IMAGE,IN_DOMAIN_ANNOTATED_SOURCE_IMAGE,PHASE_5A_CANONICAL_SNAPSHOT,35,35,false,singleton-sCBw5cHMoREKazVjQfkj
sRXEOujQOUMfRHzPXYsE,photo-1742112125701-6b684d5bc98f.jpg,1600,1067,ELIGIBLE,KEEP_IMAGE,IN_DOMAIN_ANNOTATED_SOURCE_IMAGE,PHASE_5A_CANONICAL_SNAPSHOT,6,6,false,singleton-sRXEOujQOUMfRHzPXYsE
sSsfNfmuKklWQnB6wgFb,photo-1522071820081-009f0129c71c.jpg,1600,1067,ELIGIBLE,KEEP_IMAGE,IN_DOMAIN_ANNOTATED_SOURCE_IMAGE,PHASE_5A_CANONICAL_SNAPSHOT,5,5,false,singleton-sSsfNfmuKklWQnB6wgFb
sl5odNB8YRmCtgwWD7pE,premium_photo-1725408076489-44ba3817791f.jpg,1600,1067,ELIGIBLE,KEEP_IMAGE,IN_DOMAIN_ANNOTATED_SOURCE_IMAGE,PHASE_5A_CANONICAL_SNAPSHOT,1,1,false,singleton-sl5odNB8YRmCtgwWD7pE
szhdyw6JE1HhJo9ILihS,premium_photo-1679168116865-7f9d1fafd328.jpg,1600,1067,ELIGIBLE,KEEP_IMAGE,IN_DOMAIN_ANNOTATED_SOURCE_IMAGE,PHASE_5A_CANONICAL_SNAPSHOT,1,1,false,singleton-szhdyw6JE1HhJo9ILihS
szjOIXL0vHTzXnHCk2QD,px_0217_16368415.jpg,867,1300,ELIGIBLE,KEEP_IMAGE,IN_DOMAIN_ANNOTATED_SOURCE_IMAGE,PHASE_5A_CANONICAL_SNAPSHOT,3,3,false,singleton-szjOIXL0vHTzXnHCk2QD
t3Bt4eQVavoJA4eXFvEO,photo-1586528116691-012ff3ac0fec.jpg,1600,1067,ELIGIBLE,KEEP_IMAGE,IN_DOMAIN_ANNOTATED_SOURCE_IMAGE,PHASE_5A_CANONICAL_SNAPSHOT,2,2,false,singleton-t3Bt4eQVavoJA4eXFvEO
t92NygAuu8S9QMcR2Neh,px_0173_34965713.jpg,1880,1253,ELIGIBLE,KEEP_IMAGE,IN_DOMAIN_ANNOTATED_SOURCE_IMAGE,PHASE_5A_CANONICAL_SNAPSHOT,1,1,false,singleton-t92NygAuu8S9QMcR2Neh
tAHPTKhPWsGlGkTWoapB,px_0040_28663715.jpg,867,1300,ELIGIBLE,KEEP_IMAGE,IN_DOMAIN_ANNOTATED_SOURCE_IMAGE,PHASE_5A_CANONICAL_SNAPSHOT,3,3,false,singleton-tAHPTKhPWsGlGkTWoapB
tgYP65AdeQ00p58sCuL0,photo-1531497865144-0464ef8fb9a9.jpg,1600,1200,ELIGIBLE,KEEP_IMAGE,IN_DOMAIN_ANNOTATED_SOURCE_IMAGE,PHASE_5A_CANONICAL_SNAPSHOT,5,5,false,singleton-tgYP65AdeQ00p58sCuL0
tjHCOqwRIYw66vZcCHJp,photo-1640236889794-424977d08dda.jpg,1600,1067,ELIGIBLE,KEEP_IMAGE,IN_DOMAIN_ANNOTATED_SOURCE_IMAGE,PHASE_5A_CANONICAL_SNAPSHOT,3,3,false,manual_dup_006
tqzQPhC5wHy3xDwCdFuo,pb_0136_8499901.jpg,1280,854,ELIGIBLE,KEEP_IMAGE,IN_DOMAIN_ANNOTATED_SOURCE_IMAGE,PHASE_5A_CANONICAL_SNAPSHOT,3,3,false,singleton-tqzQPhC5wHy3xDwCdFuo
u4uGaDsy2tThEpOEs5TM,photo-1775880303572-791fbbb73d32.jpg,1600,1067,ELIGIBLE,KEEP_IMAGE,IN_DOMAIN_ANNOTATED_SOURCE_IMAGE,PHASE_5A_CANONICAL_SNAPSHOT,11,11,false,singleton-u4uGaDsy2tThEpOEs5TM
uZZkiFjkPxvryVuQh0S0,px_0117_4484152.jpg,867,1300,ELIGIBLE,KEEP_IMAGE,IN_DOMAIN_ANNOTATED_SOURCE_IMAGE,PHASE_5A_CANONICAL_SNAPSHOT,3,3,false,singleton-uZZkiFjkPxvryVuQh0S0
v1m3svUyUjC30E9pB92L,photo-1557145850-ec56befb224c.jpg,1600,1068,ELIGIBLE,KEEP_IMAGE,IN_DOMAIN_ANNOTATED_SOURCE_IMAGE,PHASE_5A_CANONICAL_SNAPSHOT,3,3,false,singleton-v1m3svUyUjC30E9pB92L
vYEZdbnXgIU3r7Aa4AWT,px_0002_8486899.jpg,975,1300,ELIGIBLE,KEEP_IMAGE,IN_DOMAIN_ANNOTATED_SOURCE_IMAGE,PHASE_5A_CANONICAL_SNAPSHOT,4,4,false,singleton-vYEZdbnXgIU3r7Aa4AWT
va1h7fuyzlYl8u8358Qx,premium_photo-1677707056491-163862724f66.jpg,1600,2400,ELIGIBLE,KEEP_IMAGE,IN_DOMAIN_ANNOTATED_SOURCE_IMAGE,PHASE_5A_CANONICAL_SNAPSHOT,1,1,false,singleton-va1h7fuyzlYl8u8358Qx
vh2ww5CJ1DQeofRTmQMg,photo-1764639567003-67eca9d60329.jpg,1600,1067,ELIGIBLE,KEEP_IMAGE,IN_DOMAIN_ANNOTATED_SOURCE_IMAGE,PHASE_5A_CANONICAL_SNAPSHOT,5,5,false,singleton-vh2ww5CJ1DQeofRTmQMg
vhz25WpcjcQ6mGS8YP5I,wm_0063__Exhaustion_and_Sadness_4934343751_.jpg,960,1540,ELIGIBLE,KEEP_IMAGE,IN_DOMAIN_ANNOTATED_SOURCE_IMAGE,PHASE_5A_CANONICAL_SNAPSHOT,2,2,false,singleton-vhz25WpcjcQ6mGS8YP5I
vltD7ae0puVQgcj8VjlZ,premium_photo-1674248799812-cacb8147fc65.jpg,1600,2390,ELIGIBLE,KEEP_IMAGE,IN_DOMAIN_ANNOTATED_SOURCE_IMAGE,PHASE_5A_CANONICAL_SNAPSHOT,38,38,false,singleton-vltD7ae0puVQgcj8VjlZ
vz16uUIqOlsdLgROccQ3,tu_px_09122_18760973.jpg,867,1300,ELIGIBLE,KEEP_IMAGE,IN_DOMAIN_ANNOTATED_SOURCE_IMAGE,PHASE_5A_CANONICAL_SNAPSHOT,2,2,false,singleton-vz16uUIqOlsdLgROccQ3
wFFDRQDkZr4rERlpbwFV,photo-1648135327756-b606e2eb8caa.jpg,1600,1066,ELIGIBLE,KEEP_IMAGE,IN_DOMAIN_ANNOTATED_SOURCE_IMAGE,PHASE_5A_CANONICAL_SNAPSHOT,1,1,false,singleton-wFFDRQDkZr4rERlpbwFV
wS4knG95ig6T2ZEozbZe,wm_0329_HK_Central_Man_Yiu_Street_Highways_Department_construction_site_office_06_Leight.jpg,1920,1440,ELIGIBLE,KEEP_IMAGE,IN_DOMAIN_ANNOTATED_SOURCE_IMAGE,PHASE_5A_CANONICAL_SNAPSHOT,9,9,false,singleton-wS4knG95ig6T2ZEozbZe
wYXa9TLh0h7ZFuKLZ9KA,premium_photo-1681989495076-cef5b89607d4.jpg,1600,1067,ELIGIBLE,KEEP_IMAGE,IN_DOMAIN_ANNOTATED_SOURCE_IMAGE,PHASE_5A_CANONICAL_SNAPSHOT,2,2,false,singleton-wYXa9TLh0h7ZFuKLZ9KA
wfDgURKw6U5nt33bmej0,photo-1646227655685-a530813759b3.jpg,1600,2400,ELIGIBLE,KEEP_IMAGE,IN_DOMAIN_ANNOTATED_SOURCE_IMAGE,PHASE_5A_CANONICAL_SNAPSHOT,2,2,false,singleton-wfDgURKw6U5nt33bmej0
wpbZJyURzZHruvXGMRtd,photo-1649836215936-41c76a724233.jpg,1600,1071,ELIGIBLE,KEEP_IMAGE,NO_OBVIOUS_MISSING_TARGET_LABEL,PHASE_4B_HUMAN_AUDIT,0,0,true,singleton-wpbZJyURzZHruvXGMRtd
x9uzQ6SwddanWcvV1McI,photo-1531834685032-c34bf0d84c77.jpg,1600,1165,ELIGIBLE,KEEP_IMAGE,IN_DOMAIN_ANNOTATED_SOURCE_IMAGE,PHASE_5A_CANONICAL_SNAPSHOT,26,26,false,singleton-x9uzQ6SwddanWcvV1McI
xCsoN8tQQsB259iyGJJD,premium_photo-1678837556054-cb0b59e83a7f.jpg,1600,2400,ELIGIBLE,KEEP_IMAGE,IN_DOMAIN_ANNOTATED_SOURCE_IMAGE,PHASE_5A_CANONICAL_SNAPSHOT,1,1,false,singleton-xCsoN8tQQsB259iyGJJD
xEWKVpjbfnBH9kQEaUbB,photo-1560264280-88b68371db39.jpg,1600,1068,ELIGIBLE,KEEP_IMAGE,IN_DOMAIN_ANNOTATED_SOURCE_IMAGE,PHASE_5A_CANONICAL_SNAPSHOT,17,17,false,singleton-xEWKVpjbfnBH9kQEaUbB
xibnPIqURhNVJI3zP0bz,px_0021_8486909.jpg,975,1300,ELIGIBLE,KEEP_IMAGE,IN_DOMAIN_ANNOTATED_SOURCE_IMAGE,PHASE_5A_CANONICAL_SNAPSHOT,3,3,false,singleton-xibnPIqURhNVJI3zP0bz
xnxssvkuDMAznbmlK9z8,px_0051_8487727.jpg,975,1300,ELIGIBLE,KEEP_IMAGE,IN_DOMAIN_ANNOTATED_SOURCE_IMAGE,PHASE_5A_CANONICAL_SNAPSHOT,3,3,false,singleton-xnxssvkuDMAznbmlK9z8
xwPbKAjD2vxaff0GdKp1,photo-1552879890-3a06dd3a06c2.jpg,1600,973,ELIGIBLE,KEEP_IMAGE,IN_DOMAIN_ANNOTATED_SOURCE_IMAGE,PHASE_5A_CANONICAL_SNAPSHOT,35,35,false,singleton-xwPbKAjD2vxaff0GdKp1
y3fseRK4akRrTNtrmPfb,premium_photo-1682147966883-5c9262bf8225.jpg,1600,1067,ELIGIBLE,KEEP_IMAGE,IN_DOMAIN_ANNOTATED_SOURCE_IMAGE,PHASE_5A_CANONICAL_SNAPSHOT,3,3,false,singleton-y3fseRK4akRrTNtrmPfb
yE5PdkrjifxbV7QoD5xc,photo-1616179283726-e96f7aa16a56.jpg,1600,1067,ELIGIBLE,KEEP_IMAGE,IN_DOMAIN_ANNOTATED_SOURCE_IMAGE,PHASE_5A_CANONICAL_SNAPSHOT,1,1,false,singleton-yE5PdkrjifxbV7QoD5xc
ySDlICqH087yeYmYSVbI,photo-1732053890874-5be21f55ec3d.jpg,1600,2400,ELIGIBLE,KEEP_IMAGE,IN_DOMAIN_ANNOTATED_SOURCE_IMAGE,PHASE_5A_CANONICAL_SNAPSHOT,2,2,false,singleton-ySDlICqH087yeYmYSVbI
yeO7WH7v2BmSeIvpsQxr,premium_photo-1661376741563-56e907c3ec0c.jpg,1600,1065,ELIGIBLE,KEEP_IMAGE,IN_DOMAIN_ANNOTATED_SOURCE_IMAGE,PHASE_5A_CANONICAL_SNAPSHOT,2,2,false,singleton-yeO7WH7v2BmSeIvpsQxr
ymICdUCkVq8IfApx2TvK,un_0074_WwMG7hiQgDE.jpg,1080,763,ELIGIBLE,KEEP_IMAGE,IN_DOMAIN_ANNOTATED_SOURCE_IMAGE,PHASE_5A_CANONICAL_SNAPSHOT,2,2,false,manual_dup_005
ywH2LFvRJto6sV68hk5v,px_0063_12357629.jpg,865,1300,ELIGIBLE,KEEP_IMAGE,IN_DOMAIN_ANNOTATED_SOURCE_IMAGE,PHASE_5A_CANONICAL_SNAPSHOT,5,5,false,singleton-ywH2LFvRJto6sV68hk5v
yyV4SbiMGeqs0hjR2Nmk,px_0106_28912700.jpg,867,1300,ELIGIBLE,KEEP_IMAGE,IN_DOMAIN_ANNOTATED_SOURCE_IMAGE,PHASE_5A_CANONICAL_SNAPSHOT,2,2,false,singleton-yyV4SbiMGeqs0hjR2Nmk
zIjMWx3EGNSbPhJ6eyDE,px_0060_8853470.jpg,1880,1256,ELIGIBLE,KEEP_IMAGE,IN_DOMAIN_ANNOTATED_SOURCE_IMAGE,PHASE_5A_CANONICAL_SNAPSHOT,6,6,false,singleton-zIjMWx3EGNSbPhJ6eyDE
zs9Fbr1mSnefWqSSmWcg,photo-1615475984826-73585a54f778.jpg,1600,2400,ELIGIBLE,KEEP_IMAGE,IN_DOMAIN_ANNOTATED_SOURCE_IMAGE,PHASE_5A_CANONICAL_SNAPSHOT,1,1,false,singleton-zs9Fbr1mSnefWqSSmWcg
