source_image_id,split,stable_rank_sha256
0OEuk7X9WrM64hqQbedA,validation,b0491efe6b7aa8fb09440b5cf9e99b9bcbb36c5209d717c0407ef5e2a93b372e
0sRAfq8grYqMA2xuCHP6,validation,ab5112582d89e8ad73fd67ec5be5e2fb78ab293bf1a70078dca9231da733d01f
3LUOWEww9aCx2Cx4B38y,validation,29a461ef58e371c041df44ebab615d49efc22ce70db6e8c7d60f4ca7516bcb8b
62UoaBv0beM5cBLCubmT,validation,45293282eee73bc77a110f898b1463f6a4a931a5d8e46f12714c719b8aed3071
6fMvy2k97BSY0a3P9Fbg,validation,65444e37cd727477581353176ea06c781689392b063cc0a91d0353e26c8f30a2
6hEWEvuUeZhYU514UX1O,validation,69623c39f38f899df01a88400ebda4647e6bee7886801f14a49885d0707eb1d8
6lWV6Qw0w487DgkyyVX9,validation,7cc5f665dcbe562a7eb00a330806a38e1e69d246c5f6867aa13c0336c9a3ebaf
7VMQ21x6vDuAvoY6Ku2F,validation,1cf276492c146767a24f4f0ac8f402cc9cc052642a536ccd433e0be7bcb04ac0
7fuygdEv6dS4UyQgImYj,validation,a95a03b6c21c03dd7b8b7ab170e68776c3ac8f7b5a1b45c257ec9fb1426ded6a
9uyGbpRuvoK6FWsiIhGx,validation,2eb1a0152f063e3f7ecb0d327e49841618ccc5c027f20d1d8901ffa94daceea2
9xNY90loilCLVSX84iwp,validation,d9713a353f477c2cbe4ad745b7b13cbf5253f55e98f1b8e600a995c7150dea4a
A2iSTnVfTHioOl73tkQd,validation,86b22cc71f88c905ff8276eb0c5bee0e468d0707cbee93a5d97fc9302bb62bc1
Ai3fqVHdn3cSDpuEaa5l,validation,a189929c7f264d111efe819caf306c95f692f1ff62fb132403ea3477f59c0c4a
CDbWzCeakwV73xXd2qlq,validation,19bcfc5b934f1dbfa6c1c0fd45c90b9db8b601cb3220429f9c67556c36620d9b
Dny3q3vJmCFOBIzhGir1,validation,efb239308b126bc45ecbd7af81cbcbdcd3436bf21095079604d41340cfbf8206
EdR5Rau43iqKaPKbjsHM,validation,33dfa0af71ed9bef881aa61abe69e00130ef2ffe79b0cbe9dca8d7f658bb8463
F75mTbxKUV3DbBpuTvZq,validation,ec757f36b8fa776b14556688e9d6da1d6fccdd0fb928fe2e321d7f450f776dbd
F9BUOPsajE69txpyePoP,validation,c0496b01dce78a62acfe2f0dba85de1632a59d53cc498de0a74e8104ee153ea4
Foo1oq3oHF7pBhTWKpnL,validation,f180f41ee9df2ba51cfd237caf2cc98c2c173d656639c80a88d8e1746563376d
G6t1yK9gNn0LIS4hbciD,validation,9909e1f29f0470372377203c82951b00fe08d45bf77f0f3cfd96e41cd56c9ebd
GKGcxwlCacsz6brHHLRV,validation,35e7d5c5e7333183172c9ea80bc7207651f0bb9395e2a786ca552a1bb5d1649c
H6Qo9zKVlWVMqPD3713Z,validation,60a03f42d99f34bec71495198f045b5de2eecf7b60cd515b91b824e0bbc0af78
HvvG43BEgtvO5Az8qBX5,validation,31d1bdb4ecfd299557ab1fd1cdbe4699af689584130aa463aaffb214d437992d
JSKtWAeEIHCqkNcipvGH,validation,83fe22a8a40736f6037d5c68eefc53cd1f39e6c814393baf39376c3e78c4fb0a
L51HLb9pTcXWg0hlY2eI,validation,0188c5066a10f3afa77e3380d8090995ba33d7108ae62ec25d3014e5269ff963
LVQG21gdyYgR1aZBE6h9,validation,a019d10226a6c57faad083f06a74cba9e1a6875cb10d13bd66624cd362cc7cb2
Mbgd4Kw22vX5vdWxqfRn,validation,d9acdc6d189ab4e04a1dbd8ad76aa5ea589803c74597ed76d2ea3f2e1b883ac3
NSxOF60pUyiloAjZa1zY,validation,0ab2e03a555538788932c0e9335562378ef62bf18e3f043fafa2bcf627b3849d
P2bOf45tvhUMqEYK8wqW,validation,4031009a1a39366bdc11002a733e3210a043f16569246fa887bf3673a63b51f3
QYjn7wMnjUSLcCSRwwn1,validation,92c25149a63388cb7c028af949e1599458a0e3495ec3a630ac308f4413b0111e
R32m4IeILycIsDayiufx,validation,e323792f22fff7f105bd603151e2194c82ec5ae69137eeac99fb37573a88bda1
RRlPrUJXfRWGGJ6CeKIL,validation,d8bbf6b90dfbd32ac5525acb6bd5a5086cfb14a91172f97604a1ddff9570267e
SA6z7RB5PM7Ij8AwZgp1,validation,a92c17c8c077b83a78a0eef6e3938d6877eae1bb5ffbfccab1b769cce0b5060c
Sx8zzDNF7sd2E0aaDtN8,validation,d0d665bbc3ebee9843d0997c39c32e5622d6de7eb45b621fec36698a83b0e8fb
UzXLvGMEvzoOvv29dkyY,validation,ab0cfe736a2c8e278f1181cdf56e9176edf302719ad23b2cf8cfdc77340bed48
VBtNhSPdKWG9aB5UwSAp,validation,7c23c7f110bc1b2cf61396dc13135276c56429fac4b4a655088719f6dbab32e9
WRFgtFooB6kjdViPXWHk,validation,c3300eb1d776d8694f99f1283b258f71dd263082c9b983958dc72bfb89f72c6a
WeIamb2srt7SBgcfAFq1,validation,879b65227b523b03c83c5a3f2ffd9d2bc7abda554b1959d9e0bbb0b355aaf6c2
WvGmeXrUqULTXbaSGJgZ,validation,a3a660a9049c615a7482e1ba8a53bd182b90ce0c0a245829fd80761e008f3bc3
ZtkHwixUGYxprWRUjVfK,validation,6f7f848104f9a665d9037512fe7687e1de6fb4ad5031beaef960c919361ac2ad
ahfMFVQYlwiC5qDCiYTe,validation,212168fcbeeedc077d9e62c1c3b92bc744c62580cfb083a8a8f98f4fcfc527e0
d1LRdQbKYoIKVWX76Mj1,validation,2b879dcd39e5dc764834a0deccb476afad4d6b419ee4d0d484c27e4073dd12a6
eK6ftnVVMa7WC57HMKWj,validation,0f2cfb8baf8e86fc73e5161d5e8a10a456e9c8de08ff5bf91854e2b7e0dc0128
feq9UuxoWtVRBPUnMr4G,validation,04cfa2e1fee6fa3e4c9a6996d8df9b3ff0cddca41e5a283d8cb04fd99b5bd694
fl9aZo56CB47TAGghJlT,validation,b52e7c2b81c5cd8bd477b45618a7deb607de8151a266e6b75241239ea8fe9df4
hKVfPWLhNq2uN8d3SJs1,validation,379c2406ee12322ce188ea18d568888ccaa4d25f42e8deb8ee85b71d1724eecd
hn0aQnTlX2RCubxvozTD,validation,8921a70af8327282d1007893e202cd9f362304ff6ae3fe54c39dd60ad24992fd
hsfBHYazMXnS3WJlQzR7,validation,324aee92b146a32a0173f0c6d98148c0a59de874481473b9a897de82a120fab5
k9xkkgvQEhZ5r4UBzBLi,validation,8f7714e6ef8a382db6f96cb2e53b67a1ed9ed12312423eaf434e8557aab2bfab
lSb8IK6pm0WEKyASISFH,validation,5d71b2e4275c77de96ae10febafe345e11daeecbf547e0cf780e9c0a39f42e2e
nTcgBq8KIfwkvtofPfOw,validation,8ff4a50d5d45fd51b45cc06ae6d43ca9ec8b318ed8e33a53da2fc71e73042f65
nXwfWz2We6dOnsyzeEno,validation,2326dada3892407858e69520cd6631145f28115dd0dc7db43e79693aa9ff8d4c
naWKv1VFkDVnpPnS59Bf,validation,b0fa9058d0b9459a4dde770dbf6e9ab02898bc0f68698994ce97c0b4cae79c64
o0SiQwUZ5uRlCXASCtiR,validation,11dfdf127a4235088f77590dc4d4d658551c9e1267ebe8005c8575a9036e32cc
pMftFzW2M3bmHHBJOTG2,validation,0659515c71c279e072616a43e9b40f04d6711acd88c9adb8bf0f2a7a3e4e2750
qm0fl8ee3HpSLSCrrqDG,validation,2eb728639d954ed56c570f2a3024d642cf4ead28b27075b148cad3c074036322
rYhDjwrXPlmdX7ft3uh3,validation,ca5badeb31ec2e83a667186ac84aaf0390325fc7a7120fe38bebf69d053a7c14
sCBw5cHMoREKazVjQfkj,validation,0734b905cd568d7b8c16c8b5a4760ec226871d077d4ad6a8daa7c22fb6d53076
t92NygAuu8S9QMcR2Neh,validation,a437e0633449dc8e775ca92a081ba74a46d8a0697d9a8798c3fe27ce7a3f56a4
u4uGaDsy2tThEpOEs5TM,validation,07bc190111cdd2f56e9d9e8f08ce91806bc14534f776fab6f59e4b36e0039ba1
wS4knG95ig6T2ZEozbZe,validation,48f07562f1459f82400377b5ebe8fb2bb70651b4142c8341828dae6a16acf8ae
wfDgURKw6U5nt33bmej0,validation,87211085ef9cfc04d47230748618f671fb3a54a0fdd0b169f089cebea71e211a
xEWKVpjbfnBH9kQEaUbB,validation,a6552dc6519846b4f099981b319af4a6195a10736360018db45517768fad54ec
yE5PdkrjifxbV7QoD5xc,validation,2c3001dfca64ed46fa3322c952fc14759c6898da4b31065a414dd5c758ba64bb
ywH2LFvRJto6sV68hk5v,validation,d2ea09bccbf90cc4696cc67ee29dd130079e5a8c8eaadd5cbb7def8aee1259ea
