group_id,source_image_id,group_type,group_origin,split_indivisible,notes
manual_dup_001,4UEcuYsspsOsSV0XYgSR,SEMANTIC_DUPLICATE,PHASE_4B_HUMAN_AUDIT,true,visually confirmed as the same content; must not be split apart
manual_dup_001,6hpR44qukoBLy0iFwzip,SEMANTIC_DUPLICATE,PHASE_4B_HUMAN_AUDIT,true,visually confirmed as the same content; must not be split apart
manual_dup_002,FBzxttXYsNSZKcVNofUI,SEMANTIC_DUPLICATE,PHASE_4B_HUMAN_AUDIT,true,visually confirmed as the same content; must not be split apart
manual_dup_002,Um5Oft7wh92nWZzcd33C,SEMANTIC_DUPLICATE,PHASE_4B_HUMAN_AUDIT,true,visually confirmed as the same content; must not be split apart
manual_dup_003,L51HLb9pTcXWg0hlY2eI,SEMANTIC_DUPLICATE,PHASE_4B_HUMAN_AUDIT,true,visually confirmed as the same content; must not be split apart
manual_dup_003,WRFgtFooB6kjdViPXWHk,SEMANTIC_DUPLICATE,PHASE_4B_HUMAN_AUDIT,true,visually confirmed as the same content; must not be split apart
manual_dup_004,OgbeepjjlVIRghzAMurI,SEMANTIC_DUPLICATE,PHASE_4B_HUMAN_AUDIT,true,visually confirmed as the same content; must not be split apart
manual_dup_004,Ud5BlYIB2FSpmLDEEq9z,SEMANTIC_DUPLICATE,PHASE_4B_HUMAN_AUDIT,true,visually confirmed as the same content; must not be split apart
manual_dup_005,THaelQmgDKdUwfSFIAx5,SEMANTIC_DUPLICATE,PHASE_4B_HUMAN_AUDIT,true,visually confirmed as the same content; must not be split apart
manual_dup_005,ymICdUCkVq8IfApx2TvK,SEMANTIC_DUPLICATE,PHASE_4B_HUMAN_AUDIT,true,visually confirmed as the same content; must not be split apart
manual_dup_006,kvlkvPKhlcIlNoa2lJKq,SEMANTIC_DUPLICATE,PHASE_4B_HUMAN_AUDIT,true,visually confirmed as the same content; must not be split apart
manual_dup_006,tjHCOqwRIYw66vZcCHJp,SEMANTIC_DUPLICATE,PHASE_4B_HUMAN_AUDIT,true,visually confirmed as the same content; must not be split apart
singleton-0CHrBSJAmY24quC0QSYA,0CHrBSJAmY24quC0QSYA,SINGLETON,DEFAULT_ONE_IMAGE_PER_GROUP,true,
singleton-0OEuk7X9WrM64hqQbedA,0OEuk7X9WrM64hqQbedA,SINGLETON,DEFAULT_ONE_IMAGE_PER_GROUP,true,
singleton-0Orp0pwbiOU0MIg0a28r,0Orp0pwbiOU0MIg0a28r,SINGLETON,DEFAULT_ONE_IMAGE_PER_GROUP,true,
singleton-0TCko19jiO1CcXl2vqsd,0TCko19jiO1CcXl2vqsd,SINGLETON,DEFAULT_ONE_IMAGE_PER_GROUP,true,
singleton-0ajF0d1eniugei3qRqvl,0ajF0d1eniugei3qRqvl,SINGLETON,DEFAULT_ONE_IMAGE_PER_GROUP,true,
singleton-0ejTKqobP0Z7bG7iS1dF,0ejTKqobP0Z7bG7iS1dF,SINGLETON,DEFAULT_ONE_IMAGE_PER_GROUP,true,
singleton-0fMloNWonp8DEQff6L2n,0fMloNWonp8DEQff6L2n,SINGLETON,DEFAULT_ONE_IMAGE_PER_GROUP,true,
singleton-0g77gkQGLuqJIxRBDCMC,0g77gkQGLuqJIxRBDCMC,SINGLETON,DEFAULT_ONE_IMAGE_PER_GROUP,true,
singleton-0sRAfq8grYqMA2xuCHP6,0sRAfq8grYqMA2xuCHP6,SINGLETON,DEFAULT_ONE_IMAGE_PER_GROUP,true,
singleton-0vIelRhK7EUfEcEMkBV0,0vIelRhK7EUfEcEMkBV0,SINGLETON,DEFAULT_ONE_IMAGE_PER_GROUP,true,
singleton-1BVaqcupKpVSmlh5tncK,1BVaqcupKpVSmlh5tncK,SINGLETON,DEFAULT_ONE_IMAGE_PER_GROUP,true,
singleton-1XJO4jpZ1EjuFK7M5WzU,1XJO4jpZ1EjuFK7M5WzU,SINGLETON,DEFAULT_ONE_IMAGE_PER_GROUP,true,
singleton-1dnS0NtMgQN35Eb4GNTe,1dnS0NtMgQN35Eb4GNTe,SINGLETON,DEFAULT_ONE_IMAGE_PER_GROUP,true,
singleton-1zBF8eW6TRm4IBAb3Kwv,1zBF8eW6TRm4IBAb3Kwv,SINGLETON,DEFAULT_ONE_IMAGE_PER_GROUP,true,
singleton-2Qh4yEmcE64JRJXTM10C,2Qh4yEmcE64JRJXTM10C,SINGLETON,DEFAULT_ONE_IMAGE_PER_GROUP,true,
singleton-2estUvSXu4usdh4plcAm,2estUvSXu4usdh4plcAm,SINGLETON,DEFAULT_ONE_IMAGE_PER_GROUP,true,
singleton-2qD9FzEoqf4Rsihf6kf7,2qD9FzEoqf4Rsihf6kf7,SINGLETON,DEFAULT_ONE_IMAGE_PER_GROUP,true,
singleton-35kJU6sOxBnL8qucfgHx,35kJU6sOxBnL8qucfgHx,SINGLETON,DEFAULT_ONE_IMAGE_PER_GROUP,true,
singleton-3INKyAoeOEbPQKuxINbX,3INKyAoeOEbPQKuxINbX,SINGLETON,DEFAULT_ONE_IMAGE_PER_GROUP,true,
singleton-3LUOWEww9aCx2Cx4B38y,3LUOWEww9aCx2Cx4B38y,SINGLETON,DEFAULT_ONE_IMAGE_PER_GROUP,true,
singleton-3wdTWWyA3a9YrQ9EfLc9,3wdTWWyA3a9YrQ9EfLc9,SINGLETON,DEFAULT_ONE_IMAGE_PER_GROUP,true,
singleton-4XETInqs70Y4H9ry55k3,4XETInqs70Y4H9ry55k3,SINGLETON,DEFAULT_ONE_IMAGE_PER_GROUP,true,
singleton-4ajEucaVD61th8hqHdux,4ajEucaVD61th8hqHdux,SINGLETON,DEFAULT_ONE_IMAGE_PER_GROUP,true,
singleton-4baqXpqm2eXB2CHZWkM9,4baqXpqm2eXB2CHZWkM9,SINGLETON,DEFAULT_ONE_IMAGE_PER_GROUP,true,
singleton-4ezyg6KhKI36ubNpMX1z,4ezyg6KhKI36ubNpMX1z,SINGLETON,DEFAULT_ONE_IMAGE_PER_GROUP,true,
singleton-5fj7MBBP6mq9NtLfV51m,5fj7MBBP6mq9NtLfV51m,SINGLETON,DEFAULT_ONE_IMAGE_PER_GROUP,true,
singleton-5p4hDwmBcrn3EI04GmlA,5p4hDwmBcrn3EI04GmlA,SINGLETON,DEFAULT_ONE_IMAGE_PER_GROUP,true,
singleton-5tvMIxMJkb5Hp9bD8hBw,5tvMIxMJkb5Hp9bD8hBw,SINGLETON,DEFAULT_ONE_IMAGE_PER_GROUP,true,
singleton-5xqkoD8kcbQ7JWIll2KF,5xqkoD8kcbQ7JWIll2KF,SINGLETON,DEFAULT_ONE_IMAGE_PER_GROUP,true,
singleton-5z8XJfD2gto4gT3gwPAK,5z8XJfD2gto4gT3gwPAK,SINGLETON,DEFAULT_ONE_IMAGE_PER_GROUP,true,
singleton-60TqAIaOldetEAmBqqMX,60TqAIaOldetEAmBqqMX,SINGLETON,DEFAULT_ONE_IMAGE_PER_GROUP,true,
singleton-619mdz3TlcOedTGFv0za,619mdz3TlcOedTGFv0za,SINGLETON,DEFAULT_ONE_IMAGE_PER_GROUP,true,
singleton-62UoaBv0beM5cBLCubmT,62UoaBv0beM5cBLCubmT,SINGLETON,DEFAULT_ONE_IMAGE_PER_GROUP,true,
singleton-66p9gzaQFGcmQA2v40Of,66p9gzaQFGcmQA2v40Of,SINGLETON,DEFAULT_ONE_IMAGE_PER_GROUP,true,
singleton-6B8gSWbJYQFfVadXSWxT,6B8gSWbJYQFfVadXSWxT,SINGLETON,DEFAULT_ONE_IMAGE_PER_GROUP,true,
singleton-6R3F7WoZUjSohZEFSgXr,6R3F7WoZUjSohZEFSgXr,SINGLETON,DEFAULT_ONE_IMAGE_PER_GROUP,true,
singleton-6ZHpQueANukCh7UeL4s5,6ZHpQueANukCh7UeL4s5,SINGLETON,DEFAULT_ONE_IMAGE_PER_GROUP,true,
singleton-6fMvy2k97BSY0a3P9Fbg,6fMvy2k97BSY0a3P9Fbg,SINGLETON,DEFAULT_ONE_IMAGE_PER_GROUP,true,
singleton-6hEWEvuUeZhYU514UX1O,6hEWEvuUeZhYU514UX1O,SINGLETON,DEFAULT_ONE_IMAGE_PER_GROUP,true,
singleton-6lWV6Qw0w487DgkyyVX9,6lWV6Qw0w487DgkyyVX9,SINGLETON,DEFAULT_ONE_IMAGE_PER_GROUP,true,
singleton-6nPmmdeGSmklKpfLZ04I,6nPmmdeGSmklKpfLZ04I,SINGLETON,DEFAULT_ONE_IMAGE_PER_GROUP,true,
singleton-6wbVR0oBIJ7D6xM1XfYh,6wbVR0oBIJ7D6xM1XfYh,SINGLETON,DEFAULT_ONE_IMAGE_PER_GROUP,true,
singleton-6yISFDLTaSrGRErrVKUw,6yISFDLTaSrGRErrVKUw,SINGLETON,DEFAULT_ONE_IMAGE_PER_GROUP,true,
singleton-6zcUFRrk82e1KtW3sxk6,6zcUFRrk82e1KtW3sxk6,SINGLETON,DEFAULT_ONE_IMAGE_PER_GROUP,true,
singleton-70XMYeBZO8t3mAXtu9ke,70XMYeBZO8t3mAXtu9ke,SINGLETON,DEFAULT_ONE_IMAGE_PER_GROUP,true,
singleton-77sSza06NSDiTCn9F0sb,77sSza06NSDiTCn9F0sb,SINGLETON,DEFAULT_ONE_IMAGE_PER_GROUP,true,
singleton-7Qa4QokXVymOY6hvk9CF,7Qa4QokXVymOY6hvk9CF,SINGLETON,DEFAULT_ONE_IMAGE_PER_GROUP,true,
singleton-7VMQ21x6vDuAvoY6Ku2F,7VMQ21x6vDuAvoY6Ku2F,SINGLETON,DEFAULT_ONE_IMAGE_PER_GROUP,true,
singleton-7ZBa5LYXLSg2gd59x0Nl,7ZBa5LYXLSg2gd59x0Nl,SINGLETON,DEFAULT_ONE_IMAGE_PER_GROUP,true,
singleton-7aLiOz0V7KPglydbD5H7,7aLiOz0V7KPglydbD5H7,SINGLETON,DEFAULT_ONE_IMAGE_PER_GROUP,true,
singleton-7fuygdEv6dS4UyQgImYj,7fuygdEv6dS4UyQgImYj,SINGLETON,DEFAULT_ONE_IMAGE_PER_GROUP,true,
singleton-84V2JE8FINqroFaJRHRL,84V2JE8FINqroFaJRHRL,SINGLETON,DEFAULT_ONE_IMAGE_PER_GROUP,true,
singleton-88HbrJU619doTzltW6lx,88HbrJU619doTzltW6lx,SINGLETON,DEFAULT_ONE_IMAGE_PER_GROUP,true,
singleton-8ClEJ3kbOB1pz5A9tOlh,8ClEJ3kbOB1pz5A9tOlh,SINGLETON,DEFAULT_ONE_IMAGE_PER_GROUP,true,
singleton-8JoO2wxDSeESnh5SmJpP,8JoO2wxDSeESnh5SmJpP,SINGLETON,DEFAULT_ONE_IMAGE_PER_GROUP,true,
singleton-8LgvW2srLb751N5SJDxq,8LgvW2srLb751N5SJDxq,SINGLETON,DEFAULT_ONE_IMAGE_PER_GROUP,true,
singleton-8NK1Ihm4MCS1gRXK4WzH,8NK1Ihm4MCS1gRXK4WzH,SINGLETON,DEFAULT_ONE_IMAGE_PER_GROUP,true,
singleton-8O2JjSJCb1ylJibwosnA,8O2JjSJCb1ylJibwosnA,SINGLETON,DEFAULT_ONE_IMAGE_PER_GROUP,true,
singleton-8Ru4Ji0Klp7qaNJNZXqv,8Ru4Ji0Klp7qaNJNZXqv,SINGLETON,DEFAULT_ONE_IMAGE_PER_GROUP,true,
singleton-8kz63cbCBKbeeiebv7po,8kz63cbCBKbeeiebv7po,SINGLETON,DEFAULT_ONE_IMAGE_PER_GROUP,true,
singleton-9ImTEhfk6VqdMSI01r6x,9ImTEhfk6VqdMSI01r6x,SINGLETON,DEFAULT_ONE_IMAGE_PER_GROUP,true,
singleton-9RMi9YBhKa1nLz3ugIma,9RMi9YBhKa1nLz3ugIma,SINGLETON,DEFAULT_ONE_IMAGE_PER_GROUP,true,
singleton-9T2zKDdtXzGyeq44pjGp,9T2zKDdtXzGyeq44pjGp,SINGLETON,DEFAULT_ONE_IMAGE_PER_GROUP,true,
singleton-9V8ayqofeUijfaI5tMrr,9V8ayqofeUijfaI5tMrr,SINGLETON,DEFAULT_ONE_IMAGE_PER_GROUP,true,
singleton-9VzteFV9D5SnmZlhQHfL,9VzteFV9D5SnmZlhQHfL,SINGLETON,DEFAULT_ONE_IMAGE_PER_GROUP,true,
singleton-9jEW0aifcZKM5bRlaCWY,9jEW0aifcZKM5bRlaCWY,SINGLETON,DEFAULT_ONE_IMAGE_PER_GROUP,true,
singleton-9koFugzZozUI9YIfWZk0,9koFugzZozUI9YIfWZk0,SINGLETON,DEFAULT_ONE_IMAGE_PER_GROUP,true,
singleton-9uyGbpRuvoK6FWsiIhGx,9uyGbpRuvoK6FWsiIhGx,SINGLETON,DEFAULT_ONE_IMAGE_PER_GROUP,true,
singleton-9xNY90loilCLVSX84iwp,9xNY90loilCLVSX84iwp,SINGLETON,DEFAULT_ONE_IMAGE_PER_GROUP,true,
singleton-A2iSTnVfTHioOl73tkQd,A2iSTnVfTHioOl73tkQd,SINGLETON,DEFAULT_ONE_IMAGE_PER_GROUP,true,
singleton-AIAwqRIKtkrSOj8atqNs,AIAwqRIKtkrSOj8atqNs,SINGLETON,DEFAULT_ONE_IMAGE_PER_GROUP,true,
singleton-Ai3fqVHdn3cSDpuEaa5l,Ai3fqVHdn3cSDpuEaa5l,SINGLETON,DEFAULT_ONE_IMAGE_PER_GROUP,true,
singleton-Ais9TUGiL1MJDTRdjVnE,Ais9TUGiL1MJDTRdjVnE,SINGLETON,DEFAULT_ONE_IMAGE_PER_GROUP,true,
singleton-AvvR6iF4C7rqEdb4F2SB,AvvR6iF4C7rqEdb4F2SB,SINGLETON,DEFAULT_ONE_IMAGE_PER_GROUP,true,
singleton-B28mQjiO7iQrGNpLEnKa,B28mQjiO7iQrGNpLEnKa,SINGLETON,DEFAULT_ONE_IMAGE_PER_GROUP,true,
singleton-B2QiCIntf9RxLHCBKmVy,B2QiCIntf9RxLHCBKmVy,SINGLETON,DEFAULT_ONE_IMAGE_PER_GROUP,true,
singleton-B2znvjHzOOKJdNuzNnwo,B2znvjHzOOKJdNuzNnwo,SINGLETON,DEFAULT_ONE_IMAGE_PER_GROUP,true,
singleton-B809pvlQ32XXT2akrDG5,B809pvlQ32XXT2akrDG5,SINGLETON,DEFAULT_ONE_IMAGE_PER_GROUP,true,
singleton-BFG4pp4pV1WkTUQUDVvc,BFG4pp4pV1WkTUQUDVvc,SINGLETON,DEFAULT_ONE_IMAGE_PER_GROUP,true,
singleton-BKQc0VOlqhWGIuqGozuK,BKQc0VOlqhWGIuqGozuK,SINGLETON,DEFAULT_ONE_IMAGE_PER_GROUP,true,
singleton-BTDhw7BCTG4sfwnaraKa,BTDhw7BCTG4sfwnaraKa,SINGLETON,DEFAULT_ONE_IMAGE_PER_GROUP,true,
singleton-BZkvs1U3ZhiNDdJ7EitR,BZkvs1U3ZhiNDdJ7EitR,SINGLETON,DEFAULT_ONE_IMAGE_PER_GROUP,true,
singleton-BgmyvUGHmaKd9YGpEfYd,BgmyvUGHmaKd9YGpEfYd,SINGLETON,DEFAULT_ONE_IMAGE_PER_GROUP,true,
singleton-BhdMkBrR1P1zUTVq9DaC,BhdMkBrR1P1zUTVq9DaC,SINGLETON,DEFAULT_ONE_IMAGE_PER_GROUP,true,
singleton-BqslKEg23m8hmDaQGJMo,BqslKEg23m8hmDaQGJMo,SINGLETON,DEFAULT_ONE_IMAGE_PER_GROUP,true,
singleton-BwtdnuFIdhZLIWJuO3BZ,BwtdnuFIdhZLIWJuO3BZ,SINGLETON,DEFAULT_ONE_IMAGE_PER_GROUP,true,
singleton-CDbWzCeakwV73xXd2qlq,CDbWzCeakwV73xXd2qlq,SINGLETON,DEFAULT_ONE_IMAGE_PER_GROUP,true,
singleton-CF4PPPCAZgulnXoSl3hj,CF4PPPCAZgulnXoSl3hj,SINGLETON,DEFAULT_ONE_IMAGE_PER_GROUP,true,
singleton-CGks86YYT3ldFKEyDmBe,CGks86YYT3ldFKEyDmBe,SINGLETON,DEFAULT_ONE_IMAGE_PER_GROUP,true,
singleton-CM5yr8YHsaaoIdidqtnU,CM5yr8YHsaaoIdidqtnU,SINGLETON,DEFAULT_ONE_IMAGE_PER_GROUP,true,
singleton-CSJxc0owYRXzhKLvpTQ9,CSJxc0owYRXzhKLvpTQ9,SINGLETON,DEFAULT_ONE_IMAGE_PER_GROUP,true,
singleton-CVIS4alNHovwaIjoYMxe,CVIS4alNHovwaIjoYMxe,SINGLETON,DEFAULT_ONE_IMAGE_PER_GROUP,true,
singleton-Cd1T5uyp8ZPWDdHbg0nr,Cd1T5uyp8ZPWDdHbg0nr,SINGLETON,DEFAULT_ONE_IMAGE_PER_GROUP,true,
singleton-CoVIro6CIADvOn5LnoQw,CoVIro6CIADvOn5LnoQw,SINGLETON,DEFAULT_ONE_IMAGE_PER_GROUP,true,
singleton-D2TlRBeF3Z3XnwTXgwdf,D2TlRBeF3Z3XnwTXgwdf,SINGLETON,DEFAULT_ONE_IMAGE_PER_GROUP,true,
singleton-DErEbvqFZXpWqvCNQa9N,DErEbvqFZXpWqvCNQa9N,SINGLETON,DEFAULT_ONE_IMAGE_PER_GROUP,true,
singleton-DOt8L8n8BNwvRpo1BFy7,DOt8L8n8BNwvRpo1BFy7,SINGLETON,DEFAULT_ONE_IMAGE_PER_GROUP,true,
singleton-DQK6LrJqCXecgKPqH5UV,DQK6LrJqCXecgKPqH5UV,SINGLETON,DEFAULT_ONE_IMAGE_PER_GROUP,true,
singleton-DRtY5eg2m6BkQJHYfMJy,DRtY5eg2m6BkQJHYfMJy,SINGLETON,DEFAULT_ONE_IMAGE_PER_GROUP,true,
singleton-DY7f9eSSIqF3cejIv59H,DY7f9eSSIqF3cejIv59H,SINGLETON,DEFAULT_ONE_IMAGE_PER_GROUP,true,
singleton-DcP4LlxYQwLImU646IZ7,DcP4LlxYQwLImU646IZ7,SINGLETON,DEFAULT_ONE_IMAGE_PER_GROUP,true,
singleton-Df656VZ1wmrTjmmkqq3j,Df656VZ1wmrTjmmkqq3j,SINGLETON,DEFAULT_ONE_IMAGE_PER_GROUP,true,
singleton-DiZN18wef1vuHh6pVvtI,DiZN18wef1vuHh6pVvtI,SINGLETON,DEFAULT_ONE_IMAGE_PER_GROUP,true,
singleton-Dl8EqAh6dPQw7Dq34TlH,Dl8EqAh6dPQw7Dq34TlH,SINGLETON,DEFAULT_ONE_IMAGE_PER_GROUP,true,
singleton-Dny3q3vJmCFOBIzhGir1,Dny3q3vJmCFOBIzhGir1,SINGLETON,DEFAULT_ONE_IMAGE_PER_GROUP,true,
singleton-EMcfZIuO2gmvi4krBUxS,EMcfZIuO2gmvi4krBUxS,SINGLETON,DEFAULT_ONE_IMAGE_PER_GROUP,true,
singleton-EdR5Rau43iqKaPKbjsHM,EdR5Rau43iqKaPKbjsHM,SINGLETON,DEFAULT_ONE_IMAGE_PER_GROUP,true,
singleton-F75mTbxKUV3DbBpuTvZq,F75mTbxKUV3DbBpuTvZq,SINGLETON,DEFAULT_ONE_IMAGE_PER_GROUP,true,
singleton-F9BUOPsajE69txpyePoP,F9BUOPsajE69txpyePoP,SINGLETON,DEFAULT_ONE_IMAGE_PER_GROUP,true,
singleton-FbZqQM7gZbTKYNSbQPNc,FbZqQM7gZbTKYNSbQPNc,SINGLETON,DEFAULT_ONE_IMAGE_PER_GROUP,true,
singleton-Fclex3JhZn6KA5UzhPqs,Fclex3JhZn6KA5UzhPqs,SINGLETON,DEFAULT_ONE_IMAGE_PER_GROUP,true,
singleton-FdDCioACvsve0FOYsuw2,FdDCioACvsve0FOYsuw2,SINGLETON,DEFAULT_ONE_IMAGE_PER_GROUP,true,
singleton-FnmvDGwRQ2lAaLFhuOWQ,FnmvDGwRQ2lAaLFhuOWQ,SINGLETON,DEFAULT_ONE_IMAGE_PER_GROUP,true,
singleton-Foo1oq3oHF7pBhTWKpnL,Foo1oq3oHF7pBhTWKpnL,SINGLETON,DEFAULT_ONE_IMAGE_PER_GROUP,true,
singleton-FxSzogHP5qjTmbBVRQ5K,FxSzogHP5qjTmbBVRQ5K,SINGLETON,DEFAULT_ONE_IMAGE_PER_GROUP,true,
singleton-FyyZcyYXsPHz2XgfCwAs,FyyZcyYXsPHz2XgfCwAs,SINGLETON,DEFAULT_ONE_IMAGE_PER_GROUP,true,
singleton-G4gekWExHFiC5oxkqJg6,G4gekWExHFiC5oxkqJg6,SINGLETON,DEFAULT_ONE_IMAGE_PER_GROUP,true,
singleton-G6t1yK9gNn0LIS4hbciD,G6t1yK9gNn0LIS4hbciD,SINGLETON,DEFAULT_ONE_IMAGE_PER_GROUP,true,
singleton-GAAQsDQ6cH9YB5cJ6aHb,GAAQsDQ6cH9YB5cJ6aHb,SINGLETON,DEFAULT_ONE_IMAGE_PER_GROUP,true,
singleton-GF2RQ1mpGBJzlTjKoCHR,GF2RQ1mpGBJzlTjKoCHR,SINGLETON,DEFAULT_ONE_IMAGE_PER_GROUP,true,
singleton-GI3xss1sRRS18wHohAkx,GI3xss1sRRS18wHohAkx,SINGLETON,DEFAULT_ONE_IMAGE_PER_GROUP,true,
singleton-GKGcxwlCacsz6brHHLRV,GKGcxwlCacsz6brHHLRV,SINGLETON,DEFAULT_ONE_IMAGE_PER_GROUP,true,
singleton-Gbgzj50ZzCdiYvoAOmpo,Gbgzj50ZzCdiYvoAOmpo,SINGLETON,DEFAULT_ONE_IMAGE_PER_GROUP,true,
singleton-GgFocHO8SbtIBUGEFc8E,GgFocHO8SbtIBUGEFc8E,SINGLETON,DEFAULT_ONE_IMAGE_PER_GROUP,true,
singleton-GpEW4sBKjwFabVZSUq2b,GpEW4sBKjwFabVZSUq2b,SINGLETON,DEFAULT_ONE_IMAGE_PER_GROUP,true,
singleton-Gu6rHBgSwUF5mwFa6lfI,Gu6rHBgSwUF5mwFa6lfI,SINGLETON,DEFAULT_ONE_IMAGE_PER_GROUP,true,
singleton-H6Qo9zKVlWVMqPD3713Z,H6Qo9zKVlWVMqPD3713Z,SINGLETON,DEFAULT_ONE_IMAGE_PER_GROUP,true,
singleton-HKL8h8X9rHt0XCXlAVNL,HKL8h8X9rHt0XCXlAVNL,SINGLETON,DEFAULT_ONE_IMAGE_PER_GROUP,true,
singleton-HQnZU6tMxbfwgxWzc8mt,HQnZU6tMxbfwgxWzc8mt,SINGLETON,DEFAULT_ONE_IMAGE_PER_GROUP,true,
singleton-HU0eUY9BAn3Cnsxt7y4r,HU0eUY9BAn3Cnsxt7y4r,SINGLETON,DEFAULT_ONE_IMAGE_PER_GROUP,true,
singleton-HY3Mq3OzeaAt6PXtTxKq,HY3Mq3OzeaAt6PXtTxKq,SINGLETON,DEFAULT_ONE_IMAGE_PER_GROUP,true,
singleton-HYb9stwdqDCKBBrTeTLe,HYb9stwdqDCKBBrTeTLe,SINGLETON,DEFAULT_ONE_IMAGE_PER_GROUP,true,
singleton-HYomb2CyhaWUoXglExmz,HYomb2CyhaWUoXglExmz,SINGLETON,DEFAULT_ONE_IMAGE_PER_GROUP,true,
singleton-HvvG43BEgtvO5Az8qBX5,HvvG43BEgtvO5Az8qBX5,SINGLETON,DEFAULT_ONE_IMAGE_PER_GROUP,true,
singleton-HwlufkrcXA9g8e3aNCm5,HwlufkrcXA9g8e3aNCm5,SINGLETON,DEFAULT_ONE_IMAGE_PER_GROUP,true,
singleton-IGdAVWEbTKrgM8llrZbm,IGdAVWEbTKrgM8llrZbm,SINGLETON,DEFAULT_ONE_IMAGE_PER_GROUP,true,
singleton-IUKDvF2wZjRXWHNvujtd,IUKDvF2wZjRXWHNvujtd,SINGLETON,DEFAULT_ONE_IMAGE_PER_GROUP,true,
singleton-IdQmnhilWUB8CW2LFhdD,IdQmnhilWUB8CW2LFhdD,SINGLETON,DEFAULT_ONE_IMAGE_PER_GROUP,true,
singleton-IdlpHmd45MACc3eXTRqN,IdlpHmd45MACc3eXTRqN,SINGLETON,DEFAULT_ONE_IMAGE_PER_GROUP,true,
singleton-IxZ3C1K7vs4I43UcFG63,IxZ3C1K7vs4I43UcFG63,SINGLETON,DEFAULT_ONE_IMAGE_PER_GROUP,true,
singleton-IyVJr4DcosMWf0wZS1uN,IyVJr4DcosMWf0wZS1uN,SINGLETON,DEFAULT_ONE_IMAGE_PER_GROUP,true,
singleton-J1TlMOzR3PfvLVrD3kL2,J1TlMOzR3PfvLVrD3kL2,SINGLETON,DEFAULT_ONE_IMAGE_PER_GROUP,true,
singleton-J3hznbBPysK0tWYT9WUi,J3hznbBPysK0tWYT9WUi,SINGLETON,DEFAULT_ONE_IMAGE_PER_GROUP,true,
singleton-J43xY0jaSQexxzdN3Uoe,J43xY0jaSQexxzdN3Uoe,SINGLETON,DEFAULT_ONE_IMAGE_PER_GROUP,true,
singleton-J8VVYL7NFqag8Q2h1LdU,J8VVYL7NFqag8Q2h1LdU,SINGLETON,DEFAULT_ONE_IMAGE_PER_GROUP,true,
singleton-JFPLvXzjr38rcbgvCedz,JFPLvXzjr38rcbgvCedz,SINGLETON,DEFAULT_ONE_IMAGE_PER_GROUP,true,
singleton-JQnSkF4L5Wmw2aJj0nae,JQnSkF4L5Wmw2aJj0nae,SINGLETON,DEFAULT_ONE_IMAGE_PER_GROUP,true,
singleton-JSKtWAeEIHCqkNcipvGH,JSKtWAeEIHCqkNcipvGH,SINGLETON,DEFAULT_ONE_IMAGE_PER_GROUP,true,
singleton-Jn53NESS4TbEWJbuvG70,Jn53NESS4TbEWJbuvG70,SINGLETON,DEFAULT_ONE_IMAGE_PER_GROUP,true,
singleton-JtlLc8vU4kkL2Jz7ctjA,JtlLc8vU4kkL2Jz7ctjA,SINGLETON,DEFAULT_ONE_IMAGE_PER_GROUP,true,
singleton-K0CnIma3AqzHtRo2VNdu,K0CnIma3AqzHtRo2VNdu,SINGLETON,DEFAULT_ONE_IMAGE_PER_GROUP,true,
singleton-KMRRC0uoR29Yq6wEaJrP,KMRRC0uoR29Yq6wEaJrP,SINGLETON,DEFAULT_ONE_IMAGE_PER_GROUP,true,
singleton-KN9YcUjf4MbiILNfF6d1,KN9YcUjf4MbiILNfF6d1,SINGLETON,DEFAULT_ONE_IMAGE_PER_GROUP,true,
singleton-KyqVojaz6oaARWVjEAyG,KyqVojaz6oaARWVjEAyG,SINGLETON,DEFAULT_ONE_IMAGE_PER_GROUP,true,
singleton-LECJ0QrWJeyWICbOqamy,LECJ0QrWJeyWICbOqamy,SINGLETON,DEFAULT_ONE_IMAGE_PER_GROUP,true,
singleton-LSzsvsjaUz4782epO92M,LSzsvsjaUz4782epO92M,SINGLETON,DEFAULT_ONE_IMAGE_PER_GROUP,true,
singleton-LUvZ2w5JsB8sHFevCPRy,LUvZ2w5JsB8sHFevCPRy,SINGLETON,DEFAULT_ONE_IMAGE_PER_GROUP,true,
singleton-LVQG21gdyYgR1aZBE6h9,LVQG21gdyYgR1aZBE6h9,SINGLETON,DEFAULT_ONE_IMAGE_PER_GROUP,true,
singleton-LgO9XnFYKArvgSB2viem,LgO9XnFYKArvgSB2viem,SINGLETON,DEFAULT_ONE_IMAGE_PER_GROUP,true,
singleton-LkPWuopeX4IeCkstwBpU,LkPWuopeX4IeCkstwBpU,SINGLETON,DEFAULT_ONE_IMAGE_PER_GROUP,true,
singleton-MBuNKaZBdNlilQvSv3zC,MBuNKaZBdNlilQvSv3zC,SINGLETON,DEFAULT_ONE_IMAGE_PER_GROUP,true,
singleton-MUAB7pAwP5R5mAfVEWsH,MUAB7pAwP5R5mAfVEWsH,SINGLETON,DEFAULT_ONE_IMAGE_PER_GROUP,true,
singleton-Mbgd4Kw22vX5vdWxqfRn,Mbgd4Kw22vX5vdWxqfRn,SINGLETON,DEFAULT_ONE_IMAGE_PER_GROUP,true,
singleton-MkxXQ8wmfbTbRbgDBAK1,MkxXQ8wmfbTbRbgDBAK1,SINGLETON,DEFAULT_ONE_IMAGE_PER_GROUP,true,
singleton-MqWRDetc1VZN6mHw7iwA,MqWRDetc1VZN6mHw7iwA,SINGLETON,DEFAULT_ONE_IMAGE_PER_GROUP,true,
singleton-MvvtCo7VlWi4U7eiAk9x,MvvtCo7VlWi4U7eiAk9x,SINGLETON,DEFAULT_ONE_IMAGE_PER_GROUP,true,
singleton-NCdN7Jz3Eoh0ICakh5Cx,NCdN7Jz3Eoh0ICakh5Cx,SINGLETON,DEFAULT_ONE_IMAGE_PER_GROUP,true,
singleton-NL3zUnIqUyNKhcch1hNK,NL3zUnIqUyNKhcch1hNK,SINGLETON,DEFAULT_ONE_IMAGE_PER_GROUP,true,
singleton-NSxOF60pUyiloAjZa1zY,NSxOF60pUyiloAjZa1zY,SINGLETON,DEFAULT_ONE_IMAGE_PER_GROUP,true,
singleton-Npv1zPbAHshMBBa1mbY4,Npv1zPbAHshMBBa1mbY4,SINGLETON,DEFAULT_ONE_IMAGE_PER_GROUP,true,
singleton-NtpAqzunm5la8DrZocsj,NtpAqzunm5la8DrZocsj,SINGLETON,DEFAULT_ONE_IMAGE_PER_GROUP,true,
singleton-OQJwjQoYsf1KUgr9G0V8,OQJwjQoYsf1KUgr9G0V8,SINGLETON,DEFAULT_ONE_IMAGE_PER_GROUP,true,
singleton-OnqsKM2CX6FubTfVtaAG,OnqsKM2CX6FubTfVtaAG,SINGLETON,DEFAULT_ONE_IMAGE_PER_GROUP,true,
singleton-Onxr5fVm9Rf4SRgJSUwU,Onxr5fVm9Rf4SRgJSUwU,SINGLETON,DEFAULT_ONE_IMAGE_PER_GROUP,true,
singleton-OugGxvkSv1brFNywY26P,OugGxvkSv1brFNywY26P,SINGLETON,DEFAULT_ONE_IMAGE_PER_GROUP,true,
singleton-P2bOf45tvhUMqEYK8wqW,P2bOf45tvhUMqEYK8wqW,SINGLETON,DEFAULT_ONE_IMAGE_PER_GROUP,true,
singleton-P4kyoAALuWE7lYtori2d,P4kyoAALuWE7lYtori2d,SINGLETON,DEFAULT_ONE_IMAGE_PER_GROUP,true,
singleton-P7zAHwjb68yXM9zLAlb1,P7zAHwjb68yXM9zLAlb1,SINGLETON,DEFAULT_ONE_IMAGE_PER_GROUP,true,
singleton-P9Jz8sNsaNTHaD6dqhKc,P9Jz8sNsaNTHaD6dqhKc,SINGLETON,DEFAULT_ONE_IMAGE_PER_GROUP,true,
singleton-PIo6f9EGJ9nINHXHAGy7,PIo6f9EGJ9nINHXHAGy7,SINGLETON,DEFAULT_ONE_IMAGE_PER_GROUP,true,
singleton-PTpMxjS814v4U28HlRcf,PTpMxjS814v4U28HlRcf,SINGLETON,DEFAULT_ONE_IMAGE_PER_GROUP,true,
singleton-PqhswFNoQbq1qKOEBp5u,PqhswFNoQbq1qKOEBp5u,SINGLETON,DEFAULT_ONE_IMAGE_PER_GROUP,true,
singleton-Pto3IbY2BV6RjJJsxw4T,Pto3IbY2BV6RjJJsxw4T,SINGLETON,DEFAULT_ONE_IMAGE_PER_GROUP,true,
singleton-QUQENHzkWEHi5igbSpA1,QUQENHzkWEHi5igbSpA1,SINGLETON,DEFAULT_ONE_IMAGE_PER_GROUP,true,
singleton-QVvTSJRWlcfwVnFYCOJ9,QVvTSJRWlcfwVnFYCOJ9,SINGLETON,DEFAULT_ONE_IMAGE_PER_GROUP,true,
singleton-QYjn7wMnjUSLcCSRwwn1,QYjn7wMnjUSLcCSRwwn1,SINGLETON,DEFAULT_ONE_IMAGE_PER_GROUP,true,
singleton-QiKJqc8mjFL8EnIf105y,QiKJqc8mjFL8EnIf105y,SINGLETON,DEFAULT_ONE_IMAGE_PER_GROUP,true,
singleton-QmjHa7u0ZQG0cE5HadWX,QmjHa7u0ZQG0cE5HadWX,SINGLETON,DEFAULT_ONE_IMAGE_PER_GROUP,true,
singleton-R32m4IeILycIsDayiufx,R32m4IeILycIsDayiufx,SINGLETON,DEFAULT_ONE_IMAGE_PER_GROUP,true,
singleton-RGHYIrvH4ypjKeh0X9jI,RGHYIrvH4ypjKeh0X9jI,SINGLETON,DEFAULT_ONE_IMAGE_PER_GROUP,true,
singleton-RKuAbxAitj0j4NzRD0Px,RKuAbxAitj0j4NzRD0Px,SINGLETON,DEFAULT_ONE_IMAGE_PER_GROUP,true,
singleton-RL2s7RdAmeNec6fLrJez,RL2s7RdAmeNec6fLrJez,SINGLETON,DEFAULT_ONE_IMAGE_PER_GROUP,true,
singleton-RRlPrUJXfRWGGJ6CeKIL,RRlPrUJXfRWGGJ6CeKIL,SINGLETON,DEFAULT_ONE_IMAGE_PER_GROUP,true,
singleton-RdJdZdkvlh1EvYQcyy98,RdJdZdkvlh1EvYQcyy98,SINGLETON,DEFAULT_ONE_IMAGE_PER_GROUP,true,
singleton-RpNbe3NA9Ewqpz10Tid7,RpNbe3NA9Ewqpz10Tid7,SINGLETON,DEFAULT_ONE_IMAGE_PER_GROUP,true,
singleton-SA6z7RB5PM7Ij8AwZgp1,SA6z7RB5PM7Ij8AwZgp1,SINGLETON,DEFAULT_ONE_IMAGE_PER_GROUP,true,
singleton-SAxTZz7s67P7PHgPiVQD,SAxTZz7s67P7PHgPiVQD,SINGLETON,DEFAULT_ONE_IMAGE_PER_GROUP,true,
singleton-SJJJI5U15RfnloEUpsCl,SJJJI5U15RfnloEUpsCl,SINGLETON,DEFAULT_ONE_IMAGE_PER_GROUP,true,
singleton-SOVx70YdnCwZQTD0yb1N,SOVx70YdnCwZQTD0yb1N,SINGLETON,DEFAULT_ONE_IMAGE_PER_GROUP,true,
singleton-SPkjTewbo5B0mADZT61m,SPkjTewbo5B0mADZT61m,SINGLETON,DEFAULT_ONE_IMAGE_PER_GROUP,true,
singleton-STq4QNtivjTEw93pnzUf,STq4QNtivjTEw93pnzUf,SINGLETON,DEFAULT_ONE_IMAGE_PER_GROUP,true,
singleton-SkRWCmGhaCswgUNKIAos,SkRWCmGhaCswgUNKIAos,SINGLETON,DEFAULT_ONE_IMAGE_PER_GROUP,true,
singleton-SoyYOpTgmlQWlluJOZEE,SoyYOpTgmlQWlluJOZEE,SINGLETON,DEFAULT_ONE_IMAGE_PER_GROUP,true,
singleton-SpqTKP1HgPTfRMf3kjMw,SpqTKP1HgPTfRMf3kjMw,SINGLETON,DEFAULT_ONE_IMAGE_PER_GROUP,true,
singleton-SurmZufksfn5NllTtjD8,SurmZufksfn5NllTtjD8,SINGLETON,DEFAULT_ONE_IMAGE_PER_GROUP,true,
singleton-Sx8zzDNF7sd2E0aaDtN8,Sx8zzDNF7sd2E0aaDtN8,SINGLETON,DEFAULT_ONE_IMAGE_PER_GROUP,true,
singleton-Sxg7i96XAHXonWrVAV8Q,Sxg7i96XAHXonWrVAV8Q,SINGLETON,DEFAULT_ONE_IMAGE_PER_GROUP,true,
singleton-T6C7HiZwQDa07dlanhBF,T6C7HiZwQDa07dlanhBF,SINGLETON,DEFAULT_ONE_IMAGE_PER_GROUP,true,
singleton-TRn9Bx3c2kyqm0x9Suct,TRn9Bx3c2kyqm0x9Suct,SINGLETON,DEFAULT_ONE_IMAGE_PER_GROUP,true,
singleton-TfT34mr30shVLpJdQuu4,TfT34mr30shVLpJdQuu4,SINGLETON,DEFAULT_ONE_IMAGE_PER_GROUP,true,
singleton-TqbtZYtTWiEhg5zB0duU,TqbtZYtTWiEhg5zB0duU,SINGLETON,DEFAULT_ONE_IMAGE_PER_GROUP,true,
singleton-Tw3kcCGIMX2DmGQevfCR,Tw3kcCGIMX2DmGQevfCR,SINGLETON,DEFAULT_ONE_IMAGE_PER_GROUP,true,
singleton-TwF1Rahc7CIP2gpmlbLS,TwF1Rahc7CIP2gpmlbLS,SINGLETON,DEFAULT_ONE_IMAGE_PER_GROUP,true,
singleton-TypXpPM2GOKRXVcgFCjR,TypXpPM2GOKRXVcgFCjR,SINGLETON,DEFAULT_ONE_IMAGE_PER_GROUP,true,
singleton-U0AseIcul3Oj2l27WnM8,U0AseIcul3Oj2l27WnM8,SINGLETON,DEFAULT_ONE_IMAGE_PER_GROUP,true,
singleton-U1qd4okczSBsE3VT6pzg,U1qd4okczSBsE3VT6pzg,SINGLETON,DEFAULT_ONE_IMAGE_PER_GROUP,true,
singleton-U8OKPL7BU1Y2lII5M7Ui,U8OKPL7BU1Y2lII5M7Ui,SINGLETON,DEFAULT_ONE_IMAGE_PER_GROUP,true,
singleton-UCdf01APuQuNPLZxO7Vb,UCdf01APuQuNPLZxO7Vb,SINGLETON,DEFAULT_ONE_IMAGE_PER_GROUP,true,
singleton-UUktj1unQEF7oxAAKuge,UUktj1unQEF7oxAAKuge,SINGLETON,DEFAULT_ONE_IMAGE_PER_GROUP,true,
singleton-UzXLvGMEvzoOvv29dkyY,UzXLvGMEvzoOvv29dkyY,SINGLETON,DEFAULT_ONE_IMAGE_PER_GROUP,true,
singleton-V2ZGAcXVfLD8h3Nv7zCq,V2ZGAcXVfLD8h3Nv7zCq,SINGLETON,DEFAULT_ONE_IMAGE_PER_GROUP,true,
singleton-VBtNhSPdKWG9aB5UwSAp,VBtNhSPdKWG9aB5UwSAp,SINGLETON,DEFAULT_ONE_IMAGE_PER_GROUP,true,
singleton-VKyk8uoMs024kVF0SQRN,VKyk8uoMs024kVF0SQRN,SINGLETON,DEFAULT_ONE_IMAGE_PER_GROUP,true,
singleton-Vtt35PA66TdcCFU5LqWG,Vtt35PA66TdcCFU5LqWG,SINGLETON,DEFAULT_ONE_IMAGE_PER_GROUP,true,
singleton-VzapfWdPlwdZ5ZjvR9Lz,VzapfWdPlwdZ5ZjvR9Lz,SINGLETON,DEFAULT_ONE_IMAGE_PER_GROUP,true,
singleton-WDUbla9aKXNSFb1VPo3Y,WDUbla9aKXNSFb1VPo3Y,SINGLETON,DEFAULT_ONE_IMAGE_PER_GROUP,true,
singleton-WK7rSXorlMi85h9asAR3,WK7rSXorlMi85h9asAR3,SINGLETON,DEFAULT_ONE_IMAGE_PER_GROUP,true,
singleton-WeIamb2srt7SBgcfAFq1,WeIamb2srt7SBgcfAFq1,SINGLETON,DEFAULT_ONE_IMAGE_PER_GROUP,true,
singleton-WfgDXbNWgS61DtELPPR9,WfgDXbNWgS61DtELPPR9,SINGLETON,DEFAULT_ONE_IMAGE_PER_GROUP,true,
singleton-WiRPJkDVQdPSvkqMW8Rh,WiRPJkDVQdPSvkqMW8Rh,SINGLETON,DEFAULT_ONE_IMAGE_PER_GROUP,true,
singleton-WizgfRCkmeL3P8qusBOI,WizgfRCkmeL3P8qusBOI,SINGLETON,DEFAULT_ONE_IMAGE_PER_GROUP,true,
singleton-WmrVhZUFxNgrZvYUWnIJ,WmrVhZUFxNgrZvYUWnIJ,SINGLETON,DEFAULT_ONE_IMAGE_PER_GROUP,true,
singleton-WrxzGNad1ocUQmr32npK,WrxzGNad1ocUQmr32npK,SINGLETON,DEFAULT_ONE_IMAGE_PER_GROUP,true,
singleton-Wv9gMcKNBNTvFlSRuZe3,Wv9gMcKNBNTvFlSRuZe3,SINGLETON,DEFAULT_ONE_IMAGE_PER_GROUP,true,
singleton-WvGmeXrUqULTXbaSGJgZ,WvGmeXrUqULTXbaSGJgZ,SINGLETON,DEFAULT_ONE_IMAGE_PER_GROUP,true,
singleton-Wxlj5YOPuTXsUopMH7bg,Wxlj5YOPuTXsUopMH7bg,SINGLETON,DEFAULT_ONE_IMAGE_PER_GROUP,true,
singleton-WzTgGIeyuH1B3BYfY7tf,WzTgGIeyuH1B3BYfY7tf,SINGLETON,DEFAULT_ONE_IMAGE_PER_GROUP,true,
singleton-X5ZA7xQ8Kzl1xm0xBcdd,X5ZA7xQ8Kzl1xm0xBcdd,SINGLETON,DEFAULT_ONE_IMAGE_PER_GROUP,true,
singleton-X8B97hWGbmozigS9fEf4,X8B97hWGbmozigS9fEf4,SINGLETON,DEFAULT_ONE_IMAGE_PER_GROUP,true,
singleton-XJ12x7QMBoWQ5JDrvK1E,XJ12x7QMBoWQ5JDrvK1E,SINGLETON,DEFAULT_ONE_IMAGE_PER_GROUP,true,
singleton-XQUau6Bs9iWpTYrXHtq0,XQUau6Bs9iWpTYrXHtq0,SINGLETON,DEFAULT_ONE_IMAGE_PER_GROUP,true,
singleton-XR2eyVIj5HC0jcNt3TaF,XR2eyVIj5HC0jcNt3TaF,SINGLETON,DEFAULT_ONE_IMAGE_PER_GROUP,true,
singleton-XakHn7NQJzcdCBMuA4V1,XakHn7NQJzcdCBMuA4V1,SINGLETON,DEFAULT_ONE_IMAGE_PER_GROUP,true,
singleton-XglPXJS02oKjbtcYMeG1,XglPXJS02oKjbtcYMeG1,SINGLETON,DEFAULT_ONE_IMAGE_PER_GROUP,true,
singleton-XvqBrAuKPXCrvqEIjBai,XvqBrAuKPXCrvqEIjBai,SINGLETON,DEFAULT_ONE_IMAGE_PER_GROUP,true,
singleton-Y1meTyz9qAlTOKqcMF21,Y1meTyz9qAlTOKqcMF21,SINGLETON,DEFAULT_ONE_IMAGE_PER_GROUP,true,
singleton-Y8Qx4RUxXlcq5dm2gx4n,Y8Qx4RUxXlcq5dm2gx4n,SINGLETON,DEFAULT_ONE_IMAGE_PER_GROUP,true,
singleton-YEZrZA7GrbvlyKBA7z5q,YEZrZA7GrbvlyKBA7z5q,SINGLETON,DEFAULT_ONE_IMAGE_PER_GROUP,true,
singleton-YUsaUSUsoTg1Dhf5PVRS,YUsaUSUsoTg1Dhf5PVRS,SINGLETON,DEFAULT_ONE_IMAGE_PER_GROUP,true,
singleton-Ye8ccAU3zvBw2RWzUr4w,Ye8ccAU3zvBw2RWzUr4w,SINGLETON,DEFAULT_ONE_IMAGE_PER_GROUP,true,
singleton-Yus4GG8O9bfML35pe2Xg,Yus4GG8O9bfML35pe2Xg,SINGLETON,DEFAULT_ONE_IMAGE_PER_GROUP,true,
singleton-ZBOFTpRZenVU4pLo2qvs,ZBOFTpRZenVU4pLo2qvs,SINGLETON,DEFAULT_ONE_IMAGE_PER_GROUP,true,
singleton-ZC5U6cHpgTUpFTtOQWiW,ZC5U6cHpgTUpFTtOQWiW,SINGLETON,DEFAULT_ONE_IMAGE_PER_GROUP,true,
singleton-ZSEtO1xi7ojj6XTirEb1,ZSEtO1xi7ojj6XTirEb1,SINGLETON,DEFAULT_ONE_IMAGE_PER_GROUP,true,
singleton-ZtkHwixUGYxprWRUjVfK,ZtkHwixUGYxprWRUjVfK,SINGLETON,DEFAULT_ONE_IMAGE_PER_GROUP,true,
singleton-ZyE71IGsDLI6OG9aIUwV,ZyE71IGsDLI6OG9aIUwV,SINGLETON,DEFAULT_ONE_IMAGE_PER_GROUP,true,
singleton-aEsSiryCIhDl2uLhyYVc,aEsSiryCIhDl2uLhyYVc,SINGLETON,DEFAULT_ONE_IMAGE_PER_GROUP,true,
singleton-aY9eNC7XGXN7yzM04BIy,aY9eNC7XGXN7yzM04BIy,SINGLETON,DEFAULT_ONE_IMAGE_PER_GROUP,true,
singleton-ahfMFVQYlwiC5qDCiYTe,ahfMFVQYlwiC5qDCiYTe,SINGLETON,DEFAULT_ONE_IMAGE_PER_GROUP,true,
singleton-ajCO2t9BGFENy5GElzHf,ajCO2t9BGFENy5GElzHf,SINGLETON,DEFAULT_ONE_IMAGE_PER_GROUP,true,
singleton-ajcbQPBpsaCua5ocPPgp,ajcbQPBpsaCua5ocPPgp,SINGLETON,DEFAULT_ONE_IMAGE_PER_GROUP,true,
singleton-arsAD5W3OM2LZE59FvZO,arsAD5W3OM2LZE59FvZO,SINGLETON,DEFAULT_ONE_IMAGE_PER_GROUP,true,
singleton-bQfpZl7W2IH4XyIddjOY,bQfpZl7W2IH4XyIddjOY,SINGLETON,DEFAULT_ONE_IMAGE_PER_GROUP,true,
singleton-bQh3X6QEPcT50H0QeLPP,bQh3X6QEPcT50H0QeLPP,SINGLETON,DEFAULT_ONE_IMAGE_PER_GROUP,true,
singleton-bya4T8yTfPXtyN71EGq6,bya4T8yTfPXtyN71EGq6,SINGLETON,DEFAULT_ONE_IMAGE_PER_GROUP,true,
singleton-cR6jQqnXlXEih0YeParx,cR6jQqnXlXEih0YeParx,SINGLETON,DEFAULT_ONE_IMAGE_PER_GROUP,true,
singleton-cYheOItaMXJ9X72dU5u4,cYheOItaMXJ9X72dU5u4,SINGLETON,DEFAULT_ONE_IMAGE_PER_GROUP,true,
singleton-d1LRdQbKYoIKVWX76Mj1,d1LRdQbKYoIKVWX76Mj1,SINGLETON,DEFAULT_ONE_IMAGE_PER_GROUP,true,
singleton-dOdZyD1R1kVyKKu9TD1D,dOdZyD1R1kVyKKu9TD1D,SINGLETON,DEFAULT_ONE_IMAGE_PER_GROUP,true,
singleton-dV0CbyCSJtXWWMuNiUBb,dV0CbyCSJtXWWMuNiUBb,SINGLETON,DEFAULT_ONE_IMAGE_PER_GROUP,true,
singleton-dVaKcGZ9EJmsN6TEqTdZ,dVaKcGZ9EJmsN6TEqTdZ,SINGLETON,DEFAULT_ONE_IMAGE_PER_GROUP,true,
singleton-dYU1JnyrMTQu4U60pGK9,dYU1JnyrMTQu4U60pGK9,SINGLETON,DEFAULT_ONE_IMAGE_PER_GROUP,true,
singleton-dcveFfgBcxZdfrcwfGt2,dcveFfgBcxZdfrcwfGt2,SINGLETON,DEFAULT_ONE_IMAGE_PER_GROUP,true,
singleton-dkDUAa5JcRqtBp6op5UD,dkDUAa5JcRqtBp6op5UD,SINGLETON,DEFAULT_ONE_IMAGE_PER_GROUP,true,
singleton-dwz8H6tUE91TOzWAqabt,dwz8H6tUE91TOzWAqabt,SINGLETON,DEFAULT_ONE_IMAGE_PER_GROUP,true,
singleton-eAKrlJVl2YEdaogp9yez,eAKrlJVl2YEdaogp9yez,SINGLETON,DEFAULT_ONE_IMAGE_PER_GROUP,true,
singleton-eK6ftnVVMa7WC57HMKWj,eK6ftnVVMa7WC57HMKWj,SINGLETON,DEFAULT_ONE_IMAGE_PER_GROUP,true,
singleton-eZW0CBCWqoYoxqYPQphx,eZW0CBCWqoYoxqYPQphx,SINGLETON,DEFAULT_ONE_IMAGE_PER_GROUP,true,
singleton-euCQjjUlEThJqziS0g9T,euCQjjUlEThJqziS0g9T,SINGLETON,DEFAULT_ONE_IMAGE_PER_GROUP,true,
singleton-f0Z2QQcy1PolmwGQXPzx,f0Z2QQcy1PolmwGQXPzx,SINGLETON,DEFAULT_ONE_IMAGE_PER_GROUP,true,
singleton-f1CUR1R0AXa8BF8OuBa2,f1CUR1R0AXa8BF8OuBa2,SINGLETON,DEFAULT_ONE_IMAGE_PER_GROUP,true,
singleton-f9lN7loqzgrkrUl5cotk,f9lN7loqzgrkrUl5cotk,SINGLETON,DEFAULT_ONE_IMAGE_PER_GROUP,true,
singleton-fACVNCxfZ1UpWLOyW5Un,fACVNCxfZ1UpWLOyW5Un,SINGLETON,DEFAULT_ONE_IMAGE_PER_GROUP,true,
singleton-fCguAs4b5u4OAThWLpsh,fCguAs4b5u4OAThWLpsh,SINGLETON,DEFAULT_ONE_IMAGE_PER_GROUP,true,
singleton-fLAAu4V914vaOBpzi2jz,fLAAu4V914vaOBpzi2jz,SINGLETON,DEFAULT_ONE_IMAGE_PER_GROUP,true,
singleton-fUSboNBF7gsWxFhJcana,fUSboNBF7gsWxFhJcana,SINGLETON,DEFAULT_ONE_IMAGE_PER_GROUP,true,
singleton-fVfuf7cWPnRyw4D9x1vo,fVfuf7cWPnRyw4D9x1vo,SINGLETON,DEFAULT_ONE_IMAGE_PER_GROUP,true,
singleton-fZbJypRfWdeUfPmPJbv2,fZbJypRfWdeUfPmPJbv2,SINGLETON,DEFAULT_ONE_IMAGE_PER_GROUP,true,
singleton-feq9UuxoWtVRBPUnMr4G,feq9UuxoWtVRBPUnMr4G,SINGLETON,DEFAULT_ONE_IMAGE_PER_GROUP,true,
singleton-fh9ZLK61WWobTGZsxZtb,fh9ZLK61WWobTGZsxZtb,SINGLETON,DEFAULT_ONE_IMAGE_PER_GROUP,true,
singleton-fl9aZo56CB47TAGghJlT,fl9aZo56CB47TAGghJlT,SINGLETON,DEFAULT_ONE_IMAGE_PER_GROUP,true,
singleton-fttALlrksUCBwd1P1uxT,fttALlrksUCBwd1P1uxT,SINGLETON,DEFAULT_ONE_IMAGE_PER_GROUP,true,
singleton-g1wRtvNq6gOrnSakm4aj,g1wRtvNq6gOrnSakm4aj,SINGLETON,DEFAULT_ONE_IMAGE_PER_GROUP,true,
singleton-gNPDrOkY5ncvCstpk8Ir,gNPDrOkY5ncvCstpk8Ir,SINGLETON,DEFAULT_ONE_IMAGE_PER_GROUP,true,
singleton-gPFGULsXJIadGfSxA0ZC,gPFGULsXJIadGfSxA0ZC,SINGLETON,DEFAULT_ONE_IMAGE_PER_GROUP,true,
singleton-gYn6rlfE3jNZF4ue6QGT,gYn6rlfE3jNZF4ue6QGT,SINGLETON,DEFAULT_ONE_IMAGE_PER_GROUP,true,
singleton-ghzZPWPu7P2hqWEVXzdK,ghzZPWPu7P2hqWEVXzdK,SINGLETON,DEFAULT_ONE_IMAGE_PER_GROUP,true,
singleton-glS8kOIkWw2z5g9Jf0YI,glS8kOIkWw2z5g9Jf0YI,SINGLETON,DEFAULT_ONE_IMAGE_PER_GROUP,true,
singleton-gtQyCqdKvXk2yIeURzCw,gtQyCqdKvXk2yIeURzCw,SINGLETON,DEFAULT_ONE_IMAGE_PER_GROUP,true,
singleton-guTxd6qoSMleRrrzuudX,guTxd6qoSMleRrrzuudX,SINGLETON,DEFAULT_ONE_IMAGE_PER_GROUP,true,
singleton-gwAoT5NhaRgUOaU5OHpI,gwAoT5NhaRgUOaU5OHpI,SINGLETON,DEFAULT_ONE_IMAGE_PER_GROUP,true,
singleton-hKVfPWLhNq2uN8d3SJs1,hKVfPWLhNq2uN8d3SJs1,SINGLETON,DEFAULT_ONE_IMAGE_PER_GROUP,true,
singleton-hRBalleqqyG7t2msbEJX,hRBalleqqyG7t2msbEJX,SINGLETON,DEFAULT_ONE_IMAGE_PER_GROUP,true,
singleton-hn0aQnTlX2RCubxvozTD,hn0aQnTlX2RCubxvozTD,SINGLETON,DEFAULT_ONE_IMAGE_PER_GROUP,true,
singleton-hsfBHYazMXnS3WJlQzR7,hsfBHYazMXnS3WJlQzR7,SINGLETON,DEFAULT_ONE_IMAGE_PER_GROUP,true,
singleton-iJ4dUZWQCFaMhFRpxFFB,iJ4dUZWQCFaMhFRpxFFB,SINGLETON,DEFAULT_ONE_IMAGE_PER_GROUP,true,
singleton-iYDeCo5SbjJugwsbVESB,iYDeCo5SbjJugwsbVESB,SINGLETON,DEFAULT_ONE_IMAGE_PER_GROUP,true,
singleton-iaiWnIvvT5pVlhb0dKOl,iaiWnIvvT5pVlhb0dKOl,SINGLETON,DEFAULT_ONE_IMAGE_PER_GROUP,true,
singleton-ifby7cAiqu9ONl1N8bBb,ifby7cAiqu9ONl1N8bBb,SINGLETON,DEFAULT_ONE_IMAGE_PER_GROUP,true,
singleton-imjwATL2GrVSVnpZbh6h,imjwATL2GrVSVnpZbh6h,SINGLETON,DEFAULT_ONE_IMAGE_PER_GROUP,true,
singleton-inWNXCMjoiZbYJ8VZYuO,inWNXCMjoiZbYJ8VZYuO,SINGLETON,DEFAULT_ONE_IMAGE_PER_GROUP,true,
singleton-iubfYkjY0FQevxBHrSDF,iubfYkjY0FQevxBHrSDF,SINGLETON,DEFAULT_ONE_IMAGE_PER_GROUP,true,
singleton-j62kdLyGTgOcZr6cFg4l,j62kdLyGTgOcZr6cFg4l,SINGLETON,DEFAULT_ONE_IMAGE_PER_GROUP,true,
singleton-jB6vHTpd3bg6PYMbkqIa,jB6vHTpd3bg6PYMbkqIa,SINGLETON,DEFAULT_ONE_IMAGE_PER_GROUP,true,
singleton-jDwIXNJBgF475XoAE6vp,jDwIXNJBgF475XoAE6vp,SINGLETON,DEFAULT_ONE_IMAGE_PER_GROUP,true,
singleton-jMjBquUFO7RKmJoREtKf,jMjBquUFO7RKmJoREtKf,SINGLETON,DEFAULT_ONE_IMAGE_PER_GROUP,true,
singleton-jZRJXWZrSuoa2xxRDSQL,jZRJXWZrSuoa2xxRDSQL,SINGLETON,DEFAULT_ONE_IMAGE_PER_GROUP,true,
singleton-k5KncB0t5cKDlnJjjD7R,k5KncB0t5cKDlnJjjD7R,SINGLETON,DEFAULT_ONE_IMAGE_PER_GROUP,true,
singleton-k9xkkgvQEhZ5r4UBzBLi,k9xkkgvQEhZ5r4UBzBLi,SINGLETON,DEFAULT_ONE_IMAGE_PER_GROUP,true,
singleton-kTH5lgBkMr7IPrRdEdsH,kTH5lgBkMr7IPrRdEdsH,SINGLETON,DEFAULT_ONE_IMAGE_PER_GROUP,true,
singleton-kd9SJdeJNaqWF3otEono,kd9SJdeJNaqWF3otEono,SINGLETON,DEFAULT_ONE_IMAGE_PER_GROUP,true,
singleton-keYyPpX3glyxtyVpJW0h,keYyPpX3glyxtyVpJW0h,SINGLETON,DEFAULT_ONE_IMAGE_PER_GROUP,true,
singleton-kfY9GYBFnMHnsmXlT7Pk,kfY9GYBFnMHnsmXlT7Pk,SINGLETON,DEFAULT_ONE_IMAGE_PER_GROUP,true,
singleton-krq8FSSwp3IHgm9N0pao,krq8FSSwp3IHgm9N0pao,SINGLETON,DEFAULT_ONE_IMAGE_PER_GROUP,true,
singleton-kusZ7rL0IJdPP025Z3VL,kusZ7rL0IJdPP025Z3VL,SINGLETON,DEFAULT_ONE_IMAGE_PER_GROUP,true,
singleton-l3CKxvrKhNSJ5s7EZGYx,l3CKxvrKhNSJ5s7EZGYx,SINGLETON,DEFAULT_ONE_IMAGE_PER_GROUP,true,
singleton-l6p3b5329wOTIlDWrxKz,l6p3b5329wOTIlDWrxKz,SINGLETON,DEFAULT_ONE_IMAGE_PER_GROUP,true,
singleton-l9Dl2hgmgUUntj7KnCDr,l9Dl2hgmgUUntj7KnCDr,SINGLETON,DEFAULT_ONE_IMAGE_PER_GROUP,true,
singleton-lHkj3xNmUL3G67dHG1Zr,lHkj3xNmUL3G67dHG1Zr,SINGLETON,DEFAULT_ONE_IMAGE_PER_GROUP,true,
singleton-lSb8IK6pm0WEKyASISFH,lSb8IK6pm0WEKyASISFH,SINGLETON,DEFAULT_ONE_IMAGE_PER_GROUP,true,
singleton-lgBtELsXF4mmvJVuTAhW,lgBtELsXF4mmvJVuTAhW,SINGLETON,DEFAULT_ONE_IMAGE_PER_GROUP,true,
singleton-ljmzAWSjDGWvNtmeIhi5,ljmzAWSjDGWvNtmeIhi5,SINGLETON,DEFAULT_ONE_IMAGE_PER_GROUP,true,
singleton-m2cPIgGRcvybNcEUB6QU,m2cPIgGRcvybNcEUB6QU,SINGLETON,DEFAULT_ONE_IMAGE_PER_GROUP,true,
singleton-mGpEymQ65D2CMZ9cGGfq,mGpEymQ65D2CMZ9cGGfq,SINGLETON,DEFAULT_ONE_IMAGE_PER_GROUP,true,
singleton-me3L0EvJNoTCq7JgLKP6,me3L0EvJNoTCq7JgLKP6,SINGLETON,DEFAULT_ONE_IMAGE_PER_GROUP,true,
singleton-mlodMvChxLj1pS9RDfqi,mlodMvChxLj1pS9RDfqi,SINGLETON,DEFAULT_ONE_IMAGE_PER_GROUP,true,
singleton-mp5LAcrQy7CC3sruY2wU,mp5LAcrQy7CC3sruY2wU,SINGLETON,DEFAULT_ONE_IMAGE_PER_GROUP,true,
singleton-mzi1EX980oEaKVVulnGv,mzi1EX980oEaKVVulnGv,SINGLETON,DEFAULT_ONE_IMAGE_PER_GROUP,true,
singleton-n3HmiRWyY5MKTrr6Vrd3,n3HmiRWyY5MKTrr6Vrd3,SINGLETON,DEFAULT_ONE_IMAGE_PER_GROUP,true,
singleton-nQrqR72SD3sC9Hms1O9U,nQrqR72SD3sC9Hms1O9U,SINGLETON,DEFAULT_ONE_IMAGE_PER_GROUP,true,
singleton-nTcgBq8KIfwkvtofPfOw,nTcgBq8KIfwkvtofPfOw,SINGLETON,DEFAULT_ONE_IMAGE_PER_GROUP,true,
singleton-nXwfWz2We6dOnsyzeEno,nXwfWz2We6dOnsyzeEno,SINGLETON,DEFAULT_ONE_IMAGE_PER_GROUP,true,
singleton-naWKv1VFkDVnpPnS59Bf,naWKv1VFkDVnpPnS59Bf,SINGLETON,DEFAULT_ONE_IMAGE_PER_GROUP,true,
singleton-niY7CVigYcNQ0OdTBcor,niY7CVigYcNQ0OdTBcor,SINGLETON,DEFAULT_ONE_IMAGE_PER_GROUP,true,
singleton-o0SiQwUZ5uRlCXASCtiR,o0SiQwUZ5uRlCXASCtiR,SINGLETON,DEFAULT_ONE_IMAGE_PER_GROUP,true,
singleton-oC3kPMC7WbZm0vaMoq09,oC3kPMC7WbZm0vaMoq09,SINGLETON,DEFAULT_ONE_IMAGE_PER_GROUP,true,
singleton-oJppm5xk3UqypLwM3EiO,oJppm5xk3UqypLwM3EiO,SINGLETON,DEFAULT_ONE_IMAGE_PER_GROUP,true,
singleton-oL1x933NyN6wiKXhxOob,oL1x933NyN6wiKXhxOob,SINGLETON,DEFAULT_ONE_IMAGE_PER_GROUP,true,
singleton-oNY9i1I2LbSYd4Zq924U,oNY9i1I2LbSYd4Zq924U,SINGLETON,DEFAULT_ONE_IMAGE_PER_GROUP,true,
singleton-oTvvPXX0GF2JCGezEtXJ,oTvvPXX0GF2JCGezEtXJ,SINGLETON,DEFAULT_ONE_IMAGE_PER_GROUP,true,
singleton-ojwkuYxr8Yg4pw09PSCT,ojwkuYxr8Yg4pw09PSCT,SINGLETON,DEFAULT_ONE_IMAGE_PER_GROUP,true,
singleton-p0WuKqx9EeARevPPWyRq,p0WuKqx9EeARevPPWyRq,SINGLETON,DEFAULT_ONE_IMAGE_PER_GROUP,true,
singleton-p5lxtMTKDL0gIgbqSrls,p5lxtMTKDL0gIgbqSrls,SINGLETON,DEFAULT_ONE_IMAGE_PER_GROUP,true,
singleton-p96kP7xmkvs84TmnINFt,p96kP7xmkvs84TmnINFt,SINGLETON,DEFAULT_ONE_IMAGE_PER_GROUP,true,
singleton-pE6UkMMWzcDOy86QHSoC,pE6UkMMWzcDOy86QHSoC,SINGLETON,DEFAULT_ONE_IMAGE_PER_GROUP,true,
singleton-pIzGCRRLnf8bfGnx48Ka,pIzGCRRLnf8bfGnx48Ka,SINGLETON,DEFAULT_ONE_IMAGE_PER_GROUP,true,
singleton-pMftFzW2M3bmHHBJOTG2,pMftFzW2M3bmHHBJOTG2,SINGLETON,DEFAULT_ONE_IMAGE_PER_GROUP,true,
singleton-pb3x906Z3qhaYLgBVWrb,pb3x906Z3qhaYLgBVWrb,SINGLETON,DEFAULT_ONE_IMAGE_PER_GROUP,true,
singleton-pbOZlgeseTpoTXwVJjAh,pbOZlgeseTpoTXwVJjAh,SINGLETON,DEFAULT_ONE_IMAGE_PER_GROUP,true,
singleton-pd0SyehnE6l5xoGZqJCt,pd0SyehnE6l5xoGZqJCt,SINGLETON,DEFAULT_ONE_IMAGE_PER_GROUP,true,
singleton-prVjNgHS0pAKIQUelidW,prVjNgHS0pAKIQUelidW,SINGLETON,DEFAULT_ONE_IMAGE_PER_GROUP,true,
singleton-pwZkhgJcda4HLCsziTh1,pwZkhgJcda4HLCsziTh1,SINGLETON,DEFAULT_ONE_IMAGE_PER_GROUP,true,
singleton-q2wyXKnABjAqqL0mLiG7,q2wyXKnABjAqqL0mLiG7,SINGLETON,DEFAULT_ONE_IMAGE_PER_GROUP,true,
singleton-q96gkRtLhrZTtKhFqiQU,q96gkRtLhrZTtKhFqiQU,SINGLETON,DEFAULT_ONE_IMAGE_PER_GROUP,true,
singleton-qEBVz8CKiWp4KmTFLCBu,qEBVz8CKiWp4KmTFLCBu,SINGLETON,DEFAULT_ONE_IMAGE_PER_GROUP,true,
singleton-ql4CBoTCV3vDAYdQsYAA,ql4CBoTCV3vDAYdQsYAA,SINGLETON,DEFAULT_ONE_IMAGE_PER_GROUP,true,
singleton-qm0fl8ee3HpSLSCrrqDG,qm0fl8ee3HpSLSCrrqDG,SINGLETON,DEFAULT_ONE_IMAGE_PER_GROUP,true,
singleton-qpGvhFrN8YelHx1yTsM9,qpGvhFrN8YelHx1yTsM9,SINGLETON,DEFAULT_ONE_IMAGE_PER_GROUP,true,
singleton-qrutbsVFIvplPnd3QSpO,qrutbsVFIvplPnd3QSpO,SINGLETON,DEFAULT_ONE_IMAGE_PER_GROUP,true,
singleton-qx08jrWTs2SMpvKiaAT7,qx08jrWTs2SMpvKiaAT7,SINGLETON,DEFAULT_ONE_IMAGE_PER_GROUP,true,
singleton-r3HWnAoRdj2C2qeAdFkr,r3HWnAoRdj2C2qeAdFkr,SINGLETON,DEFAULT_ONE_IMAGE_PER_GROUP,true,
singleton-r3UicRnZtAlek7LbZebm,r3UicRnZtAlek7LbZebm,SINGLETON,DEFAULT_ONE_IMAGE_PER_GROUP,true,
singleton-r4BbR2gJ7CPp1ObMrFIz,r4BbR2gJ7CPp1ObMrFIz,SINGLETON,DEFAULT_ONE_IMAGE_PER_GROUP,true,
singleton-rE8YybvIjJNdTtORaoUg,rE8YybvIjJNdTtORaoUg,SINGLETON,DEFAULT_ONE_IMAGE_PER_GROUP,true,
singleton-rGmTI5PGRqRSwShjd9Ud,rGmTI5PGRqRSwShjd9Ud,SINGLETON,DEFAULT_ONE_IMAGE_PER_GROUP,true,
singleton-rH8exgws1DxUXM1Sl2EC,rH8exgws1DxUXM1Sl2EC,SINGLETON,DEFAULT_ONE_IMAGE_PER_GROUP,true,
singleton-rTdiLvt8dIscf2PQBU1j,rTdiLvt8dIscf2PQBU1j,SINGLETON,DEFAULT_ONE_IMAGE_PER_GROUP,true,
singleton-rYhDjwrXPlmdX7ft3uh3,rYhDjwrXPlmdX7ft3uh3,SINGLETON,DEFAULT_ONE_IMAGE_PER_GROUP,true,
singleton-reY8VQLEFB5lzBT6SyIc,reY8VQLEFB5lzBT6SyIc,SINGLETON,DEFAULT_ONE_IMAGE_PER_GROUP,true,
singleton-rgmMTV7vKJ6wlhm6IioB,rgmMTV7vKJ6wlhm6IioB,SINGLETON,DEFAULT_ONE_IMAGE_PER_GROUP,true,
singleton-rpdoJYbURHUkBIZtjRyx,rpdoJYbURHUkBIZtjRyx,SINGLETON,DEFAULT_ONE_IMAGE_PER_GROUP,true,
singleton-s9ircNOjL3KJuH5uqnhY,s9ircNOjL3KJuH5uqnhY,SINGLETON,DEFAULT_ONE_IMAGE_PER_GROUP,true,
singleton-sCBw5cHMoREKazVjQfkj,sCBw5cHMoREKazVjQfkj,SINGLETON,DEFAULT_ONE_IMAGE_PER_GROUP,true,
singleton-sRXEOujQOUMfRHzPXYsE,sRXEOujQOUMfRHzPXYsE,SINGLETON,DEFAULT_ONE_IMAGE_PER_GROUP,true,
singleton-sSsfNfmuKklWQnB6wgFb,sSsfNfmuKklWQnB6wgFb,SINGLETON,DEFAULT_ONE_IMAGE_PER_GROUP,true,
singleton-sl5odNB8YRmCtgwWD7pE,sl5odNB8YRmCtgwWD7pE,SINGLETON,DEFAULT_ONE_IMAGE_PER_GROUP,true,
singleton-szhdyw6JE1HhJo9ILihS,szhdyw6JE1HhJo9ILihS,SINGLETON,DEFAULT_ONE_IMAGE_PER_GROUP,true,
singleton-szjOIXL0vHTzXnHCk2QD,szjOIXL0vHTzXnHCk2QD,SINGLETON,DEFAULT_ONE_IMAGE_PER_GROUP,true,
singleton-t3Bt4eQVavoJA4eXFvEO,t3Bt4eQVavoJA4eXFvEO,SINGLETON,DEFAULT_ONE_IMAGE_PER_GROUP,true,
singleton-t92NygAuu8S9QMcR2Neh,t92NygAuu8S9QMcR2Neh,SINGLETON,DEFAULT_ONE_IMAGE_PER_GROUP,true,
singleton-tAHPTKhPWsGlGkTWoapB,tAHPTKhPWsGlGkTWoapB,SINGLETON,DEFAULT_ONE_IMAGE_PER_GROUP,true,
singleton-tgYP65AdeQ00p58sCuL0,tgYP65AdeQ00p58sCuL0,SINGLETON,DEFAULT_ONE_IMAGE_PER_GROUP,true,
singleton-tqzQPhC5wHy3xDwCdFuo,tqzQPhC5wHy3xDwCdFuo,SINGLETON,DEFAULT_ONE_IMAGE_PER_GROUP,true,
singleton-u4uGaDsy2tThEpOEs5TM,u4uGaDsy2tThEpOEs5TM,SINGLETON,DEFAULT_ONE_IMAGE_PER_GROUP,true,
singleton-uZZkiFjkPxvryVuQh0S0,uZZkiFjkPxvryVuQh0S0,SINGLETON,DEFAULT_ONE_IMAGE_PER_GROUP,true,
singleton-v1m3svUyUjC30E9pB92L,v1m3svUyUjC30E9pB92L,SINGLETON,DEFAULT_ONE_IMAGE_PER_GROUP,true,
singleton-vYEZdbnXgIU3r7Aa4AWT,vYEZdbnXgIU3r7Aa4AWT,SINGLETON,DEFAULT_ONE_IMAGE_PER_GROUP,true,
singleton-va1h7fuyzlYl8u8358Qx,va1h7fuyzlYl8u8358Qx,SINGLETON,DEFAULT_ONE_IMAGE_PER_GROUP,true,
singleton-vh2ww5CJ1DQeofRTmQMg,vh2ww5CJ1DQeofRTmQMg,SINGLETON,DEFAULT_ONE_IMAGE_PER_GROUP,true,
singleton-vhz25WpcjcQ6mGS8YP5I,vhz25WpcjcQ6mGS8YP5I,SINGLETON,DEFAULT_ONE_IMAGE_PER_GROUP,true,
singleton-vltD7ae0puVQgcj8VjlZ,vltD7ae0puVQgcj8VjlZ,SINGLETON,DEFAULT_ONE_IMAGE_PER_GROUP,true,
singleton-vz16uUIqOlsdLgROccQ3,vz16uUIqOlsdLgROccQ3,SINGLETON,DEFAULT_ONE_IMAGE_PER_GROUP,true,
singleton-wFFDRQDkZr4rERlpbwFV,wFFDRQDkZr4rERlpbwFV,SINGLETON,DEFAULT_ONE_IMAGE_PER_GROUP,true,
singleton-wS4knG95ig6T2ZEozbZe,wS4knG95ig6T2ZEozbZe,SINGLETON,DEFAULT_ONE_IMAGE_PER_GROUP,true,
singleton-wYXa9TLh0h7ZFuKLZ9KA,wYXa9TLh0h7ZFuKLZ9KA,SINGLETON,DEFAULT_ONE_IMAGE_PER_GROUP,true,
singleton-wfDgURKw6U5nt33bmej0,wfDgURKw6U5nt33bmej0,SINGLETON,DEFAULT_ONE_IMAGE_PER_GROUP,true,
singleton-wpbZJyURzZHruvXGMRtd,wpbZJyURzZHruvXGMRtd,SINGLETON,DEFAULT_ONE_IMAGE_PER_GROUP,true,
singleton-x9uzQ6SwddanWcvV1McI,x9uzQ6SwddanWcvV1McI,SINGLETON,DEFAULT_ONE_IMAGE_PER_GROUP,true,
singleton-xCsoN8tQQsB259iyGJJD,xCsoN8tQQsB259iyGJJD,SINGLETON,DEFAULT_ONE_IMAGE_PER_GROUP,true,
singleton-xEWKVpjbfnBH9kQEaUbB,xEWKVpjbfnBH9kQEaUbB,SINGLETON,DEFAULT_ONE_IMAGE_PER_GROUP,true,
singleton-xibnPIqURhNVJI3zP0bz,xibnPIqURhNVJI3zP0bz,SINGLETON,DEFAULT_ONE_IMAGE_PER_GROUP,true,
singleton-xnxssvkuDMAznbmlK9z8,xnxssvkuDMAznbmlK9z8,SINGLETON,DEFAULT_ONE_IMAGE_PER_GROUP,true,
singleton-xwPbKAjD2vxaff0GdKp1,xwPbKAjD2vxaff0GdKp1,SINGLETON,DEFAULT_ONE_IMAGE_PER_GROUP,true,
singleton-y3fseRK4akRrTNtrmPfb,y3fseRK4akRrTNtrmPfb,SINGLETON,DEFAULT_ONE_IMAGE_PER_GROUP,true,
singleton-yE5PdkrjifxbV7QoD5xc,yE5PdkrjifxbV7QoD5xc,SINGLETON,DEFAULT_ONE_IMAGE_PER_GROUP,true,
singleton-ySDlICqH087yeYmYSVbI,ySDlICqH087yeYmYSVbI,SINGLETON,DEFAULT_ONE_IMAGE_PER_GROUP,true,
singleton-yeO7WH7v2BmSeIvpsQxr,yeO7WH7v2BmSeIvpsQxr,SINGLETON,DEFAULT_ONE_IMAGE_PER_GROUP,true,
singleton-ywH2LFvRJto6sV68hk5v,ywH2LFvRJto6sV68hk5v,SINGLETON,DEFAULT_ONE_IMAGE_PER_GROUP,true,
singleton-yyV4SbiMGeqs0hjR2Nmk,yyV4SbiMGeqs0hjR2Nmk,SINGLETON,DEFAULT_ONE_IMAGE_PER_GROUP,true,
singleton-zIjMWx3EGNSbPhJ6eyDE,zIjMWx3EGNSbPhJ6eyDE,SINGLETON,DEFAULT_ONE_IMAGE_PER_GROUP,true,
singleton-zs9Fbr1mSnefWqSSmWcg,zs9Fbr1mSnefWqSSmWcg,SINGLETON,DEFAULT_ONE_IMAGE_PER_GROUP,true,
