group_id,image_count,zero_instance_image_count,group_type,has_helmet_loose,has_helmet_on_head,has_person,has_vest_loose,has_vest_on_body,images_with_helmet_loose,images_with_helmet_on_head,images_with_person,images_with_vest_loose,images_with_vest_on_body,instances_helmet_loose,instances_helmet_on_head,instances_person,instances_vest_loose,instances_vest_on_body,total_instances
manual_dup_001,2,0,SEMANTIC_DUPLICATE,true,false,false,false,false,2,0,0,0,0,2,0,0,0,0,2
manual_dup_002,2,0,SEMANTIC_DUPLICATE,false,true,true,false,false,0,1,2,0,0,0,1,6,0,0,7
manual_dup_003,2,0,SEMANTIC_DUPLICATE,true,false,false,false,false,2,0,0,0,0,4,0,0,0,0,4
manual_dup_004,2,0,SEMANTIC_DUPLICATE,false,true,true,false,true,0,2,2,0,2,0,2,2,0,2,6
manual_dup_005,2,0,SEMANTIC_DUPLICATE,true,false,true,false,false,2,0,2,0,0,2,0,2,0,0,4
manual_dup_006,2,0,SEMANTIC_DUPLICATE,false,true,true,false,true,0,2,2,0,2,0,2,2,0,2,6
manual_dup_007,2,0,SEMANTIC_DUPLICATE,false,false,true,false,false,0,0,2,0,0,0,0,2,0,0,2
manual_dup_008,2,0,SEMANTIC_DUPLICATE,false,false,true,false,true,0,0,2,0,2,0,0,2,0,2,4
manual_dup_009,2,0,SEMANTIC_DUPLICATE,true,false,false,false,false,2,0,0,0,0,2,0,0,0,0,2
manual_dup_010,2,0,SEMANTIC_DUPLICATE,true,false,false,true,false,2,0,0,2,0,10,0,0,13,0,23
manual_dup_011,2,0,SEMANTIC_DUPLICATE,true,false,false,false,false,2,0,0,0,0,83,0,0,0,0,83
singleton-0CHrBSJAmY24quC0QSYA,1,0,SINGLETON,false,false,true,false,false,0,0,1,0,0,0,0,2,0,0,2
singleton-0OEuk7X9WrM64hqQbedA,1,0,SINGLETON,true,false,true,false,true,1,0,1,0,1,1,0,1,0,1,3
singleton-0Orp0pwbiOU0MIg0a28r,1,0,SINGLETON,false,false,true,false,false,0,0,1,0,0,0,0,1,0,0,1
singleton-0TCko19jiO1CcXl2vqsd,1,0,SINGLETON,false,true,true,false,true,0,1,1,0,1,0,4,4,0,4,12
singleton-0ajF0d1eniugei3qRqvl,1,0,SINGLETON,false,true,true,false,true,0,1,1,0,1,0,1,1,0,2,4
singleton-0ejTKqobP0Z7bG7iS1dF,1,0,SINGLETON,true,true,true,false,false,1,1,1,0,0,1,1,1,0,0,3
singleton-0fMloNWonp8DEQff6L2n,1,0,SINGLETON,false,false,true,false,false,0,0,1,0,0,0,0,3,0,0,3
singleton-0g77gkQGLuqJIxRBDCMC,1,0,SINGLETON,false,true,true,false,false,0,1,1,0,0,0,1,1,0,0,2
singleton-0sRAfq8grYqMA2xuCHP6,1,0,SINGLETON,false,true,true,false,true,0,1,1,0,1,0,4,4,0,4,12
singleton-0vIelRhK7EUfEcEMkBV0,1,0,SINGLETON,false,true,true,false,true,0,1,1,0,1,0,3,3,0,3,9
singleton-1BVaqcupKpVSmlh5tncK,1,0,SINGLETON,true,false,false,false,false,1,0,0,0,0,1,0,0,0,0,1
singleton-1XJO4jpZ1EjuFK7M5WzU,1,0,SINGLETON,true,false,false,false,false,1,0,0,0,0,1,0,0,0,0,1
singleton-1dnS0NtMgQN35Eb4GNTe,1,0,SINGLETON,false,false,false,true,false,0,0,0,1,0,0,0,0,3,0,3
singleton-1zBF8eW6TRm4IBAb3Kwv,1,0,SINGLETON,false,false,true,false,false,0,0,1,0,0,0,0,4,0,0,4
singleton-2Qh4yEmcE64JRJXTM10C,1,0,SINGLETON,false,false,true,false,true,0,0,1,0,1,0,0,1,0,1,2
singleton-2estUvSXu4usdh4plcAm,1,0,SINGLETON,true,true,true,false,true,1,1,1,0,1,1,2,5,0,3,11
singleton-2qD9FzEoqf4Rsihf6kf7,1,0,SINGLETON,false,false,true,false,true,0,0,1,0,1,0,0,1,0,1,2
singleton-35kJU6sOxBnL8qucfgHx,1,0,SINGLETON,false,true,true,false,false,0,1,1,0,0,0,2,2,0,0,4
singleton-3INKyAoeOEbPQKuxINbX,1,0,SINGLETON,false,false,true,false,true,0,0,1,0,1,0,0,18,0,7,25
singleton-3wdTWWyA3a9YrQ9EfLc9,1,0,SINGLETON,false,true,true,false,true,0,1,1,0,1,0,1,2,0,1,4
singleton-4XETInqs70Y4H9ry55k3,1,0,SINGLETON,false,false,true,false,true,0,0,1,0,1,0,0,1,0,1,2
singleton-4ajEucaVD61th8hqHdux,1,0,SINGLETON,false,false,true,false,false,0,0,1,0,0,0,0,1,0,0,1
singleton-4baqXpqm2eXB2CHZWkM9,1,0,SINGLETON,false,false,true,false,false,0,0,1,0,0,0,0,5,0,0,5
singleton-4ezyg6KhKI36ubNpMX1z,1,0,SINGLETON,false,true,true,false,true,0,1,1,0,1,0,1,1,0,1,3
singleton-5fj7MBBP6mq9NtLfV51m,1,0,SINGLETON,false,false,true,false,true,0,0,1,0,1,0,0,1,0,1,2
singleton-5p4hDwmBcrn3EI04GmlA,1,0,SINGLETON,false,true,true,false,true,0,1,1,0,1,0,1,1,0,2,4
singleton-5tvMIxMJkb5Hp9bD8hBw,1,0,SINGLETON,false,false,true,false,false,0,0,1,0,0,0,0,1,0,0,1
singleton-5xqkoD8kcbQ7JWIll2KF,1,0,SINGLETON,false,true,true,false,true,0,1,1,0,1,0,7,8,0,7,22
singleton-5z8XJfD2gto4gT3gwPAK,1,0,SINGLETON,false,true,true,false,true,0,1,1,0,1,0,1,2,0,1,4
singleton-60TqAIaOldetEAmBqqMX,1,1,SINGLETON,false,false,false,false,false,0,0,0,0,0,0,0,0,0,0,0
singleton-619mdz3TlcOedTGFv0za,1,0,SINGLETON,false,false,true,false,false,0,0,1,0,0,0,0,1,0,0,1
singleton-62UoaBv0beM5cBLCubmT,1,1,SINGLETON,false,false,false,false,false,0,0,0,0,0,0,0,0,0,0,0
singleton-6B8gSWbJYQFfVadXSWxT,1,0,SINGLETON,false,false,true,false,false,0,0,1,0,0,0,0,4,0,0,4
singleton-6R3F7WoZUjSohZEFSgXr,1,0,SINGLETON,false,false,true,false,false,0,0,1,0,0,0,0,1,0,0,1
singleton-6ZHpQueANukCh7UeL4s5,1,0,SINGLETON,false,false,true,false,true,0,0,1,0,1,0,0,2,0,1,3
singleton-6fMvy2k97BSY0a3P9Fbg,1,0,SINGLETON,false,false,true,false,false,0,0,1,0,0,0,0,11,0,0,11
singleton-6hEWEvuUeZhYU514UX1O,1,0,SINGLETON,false,false,true,false,false,0,0,1,0,0,0,0,1,0,0,1
singleton-6lWV6Qw0w487DgkyyVX9,1,0,SINGLETON,false,true,true,false,true,0,1,1,0,1,0,1,1,0,1,3
singleton-6nPmmdeGSmklKpfLZ04I,1,0,SINGLETON,false,true,true,false,true,0,1,1,0,1,0,1,1,0,1,3
singleton-6wbVR0oBIJ7D6xM1XfYh,1,0,SINGLETON,false,false,true,false,true,0,0,1,0,1,0,0,1,0,1,2
singleton-6yISFDLTaSrGRErrVKUw,1,0,SINGLETON,true,false,false,false,false,1,0,0,0,0,32,0,0,0,0,32
singleton-6zcUFRrk82e1KtW3sxk6,1,0,SINGLETON,false,true,true,false,false,0,1,1,0,0,0,1,1,0,0,2
singleton-70XMYeBZO8t3mAXtu9ke,1,0,SINGLETON,false,true,true,false,true,0,1,1,0,1,0,1,1,0,1,3
singleton-77sSza06NSDiTCn9F0sb,1,0,SINGLETON,false,true,true,false,true,0,1,1,0,1,0,1,3,0,1,5
singleton-7Qa4QokXVymOY6hvk9CF,1,0,SINGLETON,false,false,true,false,true,0,0,1,0,1,0,0,1,0,1,2
singleton-7VMQ21x6vDuAvoY6Ku2F,1,0,SINGLETON,false,false,true,false,true,0,0,1,0,1,0,0,5,0,1,6
singleton-7ZBa5LYXLSg2gd59x0Nl,1,1,SINGLETON,false,false,false,false,false,0,0,0,0,0,0,0,0,0,0,0
singleton-7aLiOz0V7KPglydbD5H7,1,0,SINGLETON,false,true,true,false,true,0,1,1,0,1,0,3,3,0,3,9
singleton-7fuygdEv6dS4UyQgImYj,1,0,SINGLETON,false,false,true,false,true,0,0,1,0,1,0,0,4,0,2,6
singleton-84V2JE8FINqroFaJRHRL,1,0,SINGLETON,false,false,true,false,true,0,0,1,0,1,0,0,2,0,2,4
singleton-88HbrJU619doTzltW6lx,1,0,SINGLETON,false,false,true,false,false,0,0,1,0,0,0,0,7,0,0,7
singleton-8ClEJ3kbOB1pz5A9tOlh,1,0,SINGLETON,false,false,true,false,true,0,0,1,0,1,0,0,2,0,1,3
singleton-8JoO2wxDSeESnh5SmJpP,1,0,SINGLETON,false,false,true,false,true,0,0,1,0,1,0,0,6,0,3,9
singleton-8LgvW2srLb751N5SJDxq,1,0,SINGLETON,false,true,true,false,true,0,1,1,0,1,0,1,1,0,1,3
singleton-8NK1Ihm4MCS1gRXK4WzH,1,0,SINGLETON,false,false,true,false,false,0,0,1,0,0,0,0,1,0,0,1
singleton-8O2JjSJCb1ylJibwosnA,1,0,SINGLETON,false,true,true,false,true,0,1,1,0,1,0,1,1,0,1,3
singleton-8Ru4Ji0Klp7qaNJNZXqv,1,0,SINGLETON,false,false,true,false,true,0,0,1,0,1,0,0,5,0,1,6
singleton-8kz63cbCBKbeeiebv7po,1,0,SINGLETON,false,false,true,false,false,0,0,1,0,0,0,0,1,0,0,1
singleton-9ImTEhfk6VqdMSI01r6x,1,0,SINGLETON,true,false,false,false,false,1,0,0,0,0,1,0,0,0,0,1
singleton-9RMi9YBhKa1nLz3ugIma,1,0,SINGLETON,false,false,true,false,true,0,0,1,0,1,0,0,1,0,1,2
singleton-9T2zKDdtXzGyeq44pjGp,1,0,SINGLETON,false,false,true,false,false,0,0,1,0,0,0,0,2,0,0,2
singleton-9V8ayqofeUijfaI5tMrr,1,0,SINGLETON,false,true,true,false,true,0,1,1,0,1,0,2,2,0,2,6
singleton-9VzteFV9D5SnmZlhQHfL,1,0,SINGLETON,false,false,true,false,true,0,0,1,0,1,0,0,1,0,1,2
singleton-9jEW0aifcZKM5bRlaCWY,1,0,SINGLETON,true,false,false,false,false,1,0,0,0,0,2,0,0,0,0,2
singleton-9koFugzZozUI9YIfWZk0,1,1,SINGLETON,false,false,false,false,false,0,0,0,0,0,0,0,0,0,0,0
singleton-9uyGbpRuvoK6FWsiIhGx,1,0,SINGLETON,false,true,true,false,true,0,1,1,0,1,0,1,2,0,1,4
singleton-9xNY90loilCLVSX84iwp,1,0,SINGLETON,false,true,true,false,false,0,1,1,0,0,0,1,1,0,0,2
singleton-A2iSTnVfTHioOl73tkQd,1,0,SINGLETON,false,true,true,false,false,0,1,1,0,0,0,1,3,0,0,4
singleton-AIAwqRIKtkrSOj8atqNs,1,0,SINGLETON,false,true,true,false,true,0,1,1,0,1,0,1,1,0,1,3
singleton-Ai3fqVHdn3cSDpuEaa5l,1,0,SINGLETON,false,true,true,false,false,0,1,1,0,0,0,1,1,0,0,2
singleton-Ais9TUGiL1MJDTRdjVnE,1,0,SINGLETON,true,false,false,false,false,1,0,0,0,0,1,0,0,0,0,1
singleton-AvvR6iF4C7rqEdb4F2SB,1,0,SINGLETON,false,false,true,false,false,0,0,1,0,0,0,0,1,0,0,1
singleton-B28mQjiO7iQrGNpLEnKa,1,0,SINGLETON,true,false,true,false,false,1,0,1,0,0,1,0,1,0,0,2
singleton-B2QiCIntf9RxLHCBKmVy,1,0,SINGLETON,false,true,true,false,true,0,1,1,0,1,0,1,2,0,1,4
singleton-B2znvjHzOOKJdNuzNnwo,1,0,SINGLETON,false,true,true,false,true,0,1,1,0,1,0,1,1,0,1,3
singleton-B809pvlQ32XXT2akrDG5,1,0,SINGLETON,false,false,true,false,false,0,0,1,0,0,0,0,2,0,0,2
singleton-BFG4pp4pV1WkTUQUDVvc,1,0,SINGLETON,false,false,true,false,true,0,0,1,0,1,0,0,1,0,1,2
singleton-BKQc0VOlqhWGIuqGozuK,1,0,SINGLETON,true,false,false,false,false,1,0,0,0,0,1,0,0,0,0,1
singleton-BTDhw7BCTG4sfwnaraKa,1,0,SINGLETON,false,false,true,false,true,0,0,1,0,1,0,0,1,0,1,2
singleton-BZkvs1U3ZhiNDdJ7EitR,1,0,SINGLETON,true,false,false,false,false,1,0,0,0,0,1,0,0,0,0,1
singleton-BgmyvUGHmaKd9YGpEfYd,1,0,SINGLETON,false,true,true,false,true,0,1,1,0,1,0,1,1,0,1,3
singleton-BhdMkBrR1P1zUTVq9DaC,1,0,SINGLETON,true,false,true,false,false,1,0,1,0,0,1,0,1,0,0,2
singleton-BqslKEg23m8hmDaQGJMo,1,0,SINGLETON,false,true,true,false,true,0,1,1,0,1,0,1,1,0,2,4
singleton-BwtdnuFIdhZLIWJuO3BZ,1,0,SINGLETON,false,false,true,false,false,0,0,1,0,0,0,0,1,0,0,1
singleton-CDbWzCeakwV73xXd2qlq,1,0,SINGLETON,false,true,true,false,true,0,1,1,0,1,0,1,1,0,4,6
singleton-CF4PPPCAZgulnXoSl3hj,1,0,SINGLETON,false,true,true,false,true,0,1,1,0,1,0,2,2,0,2,6
singleton-CGks86YYT3ldFKEyDmBe,1,0,SINGLETON,false,false,true,false,false,0,0,1,0,0,0,0,1,0,0,1
singleton-CM5yr8YHsaaoIdidqtnU,1,0,SINGLETON,false,false,true,false,true,0,0,1,0,1,0,0,1,0,1,2
singleton-CSJxc0owYRXzhKLvpTQ9,1,0,SINGLETON,false,false,true,false,false,0,0,1,0,0,0,0,1,0,0,1
singleton-CVIS4alNHovwaIjoYMxe,1,0,SINGLETON,false,false,true,false,false,0,0,1,0,0,0,0,1,0,0,1
singleton-Cd1T5uyp8ZPWDdHbg0nr,1,0,SINGLETON,false,false,true,false,false,0,0,1,0,0,0,0,4,0,0,4
singleton-CoVIro6CIADvOn5LnoQw,1,0,SINGLETON,false,true,true,false,false,0,1,1,0,0,0,1,1,0,0,2
singleton-D2TlRBeF3Z3XnwTXgwdf,1,0,SINGLETON,false,true,true,false,true,0,1,1,0,1,0,2,2,0,2,6
singleton-DErEbvqFZXpWqvCNQa9N,1,0,SINGLETON,false,true,true,false,false,0,1,1,0,0,0,1,1,0,0,2
singleton-DOt8L8n8BNwvRpo1BFy7,1,0,SINGLETON,false,false,true,false,false,0,0,1,0,0,0,0,2,0,0,2
singleton-DQK6LrJqCXecgKPqH5UV,1,0,SINGLETON,false,true,true,false,false,0,1,1,0,0,0,1,1,0,0,2
singleton-DRtY5eg2m6BkQJHYfMJy,1,0,SINGLETON,false,true,true,false,false,0,1,1,0,0,0,1,1,0,0,2
singleton-DY7f9eSSIqF3cejIv59H,1,0,SINGLETON,false,false,true,false,false,0,0,1,0,0,0,0,6,0,0,6
singleton-DcP4LlxYQwLImU646IZ7,1,0,SINGLETON,false,true,true,false,true,0,1,1,0,1,0,1,1,0,2,4
singleton-Df656VZ1wmrTjmmkqq3j,1,0,SINGLETON,false,false,true,false,false,0,0,1,0,0,0,0,1,0,0,1
singleton-DiZN18wef1vuHh6pVvtI,1,0,SINGLETON,true,false,false,false,false,1,0,0,0,0,1,0,0,0,0,1
singleton-Dl8EqAh6dPQw7Dq34TlH,1,0,SINGLETON,true,false,true,false,true,1,0,1,0,1,1,0,1,0,1,3
singleton-Dny3q3vJmCFOBIzhGir1,1,0,SINGLETON,false,true,true,false,false,0,1,1,0,0,0,1,1,0,0,2
singleton-EMcfZIuO2gmvi4krBUxS,1,0,SINGLETON,false,true,true,false,true,0,1,1,0,1,0,1,2,0,2,5
singleton-EdR5Rau43iqKaPKbjsHM,1,0,SINGLETON,false,false,true,false,true,0,0,1,0,1,0,0,1,0,1,2
singleton-F75mTbxKUV3DbBpuTvZq,1,0,SINGLETON,false,true,true,false,true,0,1,1,0,1,0,1,2,0,1,4
singleton-F9BUOPsajE69txpyePoP,1,0,SINGLETON,true,false,true,false,true,1,0,1,0,1,1,0,2,0,2,5
singleton-FbZqQM7gZbTKYNSbQPNc,1,0,SINGLETON,false,true,true,false,true,0,1,1,0,1,0,2,5,0,2,9
singleton-Fclex3JhZn6KA5UzhPqs,1,0,SINGLETON,true,false,true,false,true,1,0,1,0,1,1,0,1,0,1,3
singleton-FdDCioACvsve0FOYsuw2,1,0,SINGLETON,false,false,true,false,true,0,0,1,0,1,0,0,1,0,1,2
singleton-FnmvDGwRQ2lAaLFhuOWQ,1,0,SINGLETON,false,true,true,false,false,0,1,1,0,0,0,1,1,0,0,2
singleton-Foo1oq3oHF7pBhTWKpnL,1,0,SINGLETON,true,false,true,false,true,1,0,1,0,1,1,0,1,0,1,3
singleton-FxSzogHP5qjTmbBVRQ5K,1,0,SINGLETON,false,false,true,false,true,0,0,1,0,1,0,0,2,0,1,3
singleton-FyyZcyYXsPHz2XgfCwAs,1,0,SINGLETON,false,true,true,false,true,0,1,1,0,1,0,1,1,0,1,3
singleton-G4gekWExHFiC5oxkqJg6,1,0,SINGLETON,false,false,true,false,false,0,0,1,0,0,0,0,6,0,0,6
singleton-G6t1yK9gNn0LIS4hbciD,1,0,SINGLETON,false,false,true,false,true,0,0,1,0,1,0,0,1,0,1,2
singleton-GAAQsDQ6cH9YB5cJ6aHb,1,0,SINGLETON,false,true,true,false,true,0,1,1,0,1,0,1,1,0,1,3
singleton-GF2RQ1mpGBJzlTjKoCHR,1,0,SINGLETON,false,true,true,false,true,0,1,1,0,1,0,2,2,0,2,6
singleton-GI3xss1sRRS18wHohAkx,1,0,SINGLETON,false,false,true,false,true,0,0,1,0,1,0,0,1,0,1,2
singleton-GKGcxwlCacsz6brHHLRV,1,0,SINGLETON,true,false,false,false,false,1,0,0,0,0,1,0,0,0,0,1
singleton-Gbgzj50ZzCdiYvoAOmpo,1,0,SINGLETON,false,false,true,false,true,0,0,1,0,1,0,0,1,0,1,2
singleton-GgFocHO8SbtIBUGEFc8E,1,0,SINGLETON,false,false,true,false,false,0,0,1,0,0,0,0,1,0,0,1
singleton-GpEW4sBKjwFabVZSUq2b,1,0,SINGLETON,false,true,true,false,true,0,1,1,0,1,0,2,2,0,2,6
singleton-Gu6rHBgSwUF5mwFa6lfI,1,0,SINGLETON,false,false,true,false,false,0,0,1,0,0,0,0,1,0,0,1
singleton-H6Qo9zKVlWVMqPD3713Z,1,0,SINGLETON,false,false,true,false,false,0,0,1,0,0,0,0,1,0,0,1
singleton-HKL8h8X9rHt0XCXlAVNL,1,0,SINGLETON,false,true,true,false,true,0,1,1,0,1,0,1,1,0,1,3
singleton-HQnZU6tMxbfwgxWzc8mt,1,0,SINGLETON,true,false,false,false,false,1,0,0,0,0,1,0,0,0,0,1
singleton-HU0eUY9BAn3Cnsxt7y4r,1,0,SINGLETON,false,false,true,false,false,0,0,1,0,0,0,0,1,0,0,1
singleton-HY3Mq3OzeaAt6PXtTxKq,1,0,SINGLETON,true,false,true,false,false,1,0,1,0,0,1,0,1,0,0,2
singleton-HYb9stwdqDCKBBrTeTLe,1,0,SINGLETON,false,true,true,false,true,0,1,1,0,1,0,1,1,0,1,3
singleton-HYomb2CyhaWUoXglExmz,1,0,SINGLETON,false,true,true,false,true,0,1,1,0,1,0,4,4,0,4,12
singleton-HvvG43BEgtvO5Az8qBX5,1,0,SINGLETON,false,true,true,false,true,0,1,1,0,1,0,4,3,0,4,11
singleton-HwlufkrcXA9g8e3aNCm5,1,0,SINGLETON,true,false,false,true,false,1,0,0,1,0,4,0,0,4,0,8
singleton-IGdAVWEbTKrgM8llrZbm,1,0,SINGLETON,false,true,true,false,true,0,1,1,0,1,0,1,1,0,1,3
singleton-IUKDvF2wZjRXWHNvujtd,1,0,SINGLETON,false,false,true,false,true,0,0,1,0,1,0,0,2,0,2,4
singleton-IdQmnhilWUB8CW2LFhdD,1,0,SINGLETON,true,false,false,false,false,1,0,0,0,0,1,0,0,0,0,1
singleton-IdlpHmd45MACc3eXTRqN,1,0,SINGLETON,false,false,true,false,false,0,0,1,0,0,0,0,1,0,0,1
singleton-IxZ3C1K7vs4I43UcFG63,1,0,SINGLETON,false,true,true,false,false,0,1,1,0,0,0,4,7,0,0,11
singleton-J1TlMOzR3PfvLVrD3kL2,1,0,SINGLETON,false,false,true,false,false,0,0,1,0,0,0,0,1,0,0,1
singleton-J3hznbBPysK0tWYT9WUi,1,0,SINGLETON,false,false,true,false,true,0,0,1,0,1,0,0,1,0,1,2
singleton-J43xY0jaSQexxzdN3Uoe,1,0,SINGLETON,false,false,true,false,true,0,0,1,0,1,0,0,1,0,1,2
singleton-J8VVYL7NFqag8Q2h1LdU,1,0,SINGLETON,false,true,true,false,false,0,1,1,0,0,0,1,6,0,0,7
singleton-JFPLvXzjr38rcbgvCedz,1,0,SINGLETON,false,true,true,false,false,0,1,1,0,0,0,1,1,0,0,2
singleton-JQnSkF4L5Wmw2aJj0nae,1,0,SINGLETON,false,true,true,false,false,0,1,1,0,0,0,1,1,0,0,2
singleton-JSKtWAeEIHCqkNcipvGH,1,0,SINGLETON,false,true,true,false,true,0,1,1,0,1,0,2,2,0,2,6
singleton-Jn53NESS4TbEWJbuvG70,1,0,SINGLETON,false,true,true,false,true,0,1,1,0,1,0,1,1,0,1,3
singleton-JtlLc8vU4kkL2Jz7ctjA,1,0,SINGLETON,false,true,true,false,false,0,1,1,0,0,0,1,1,0,0,2
singleton-K0CnIma3AqzHtRo2VNdu,1,0,SINGLETON,false,true,true,false,true,0,1,1,0,1,0,2,2,0,2,6
singleton-KMRRC0uoR29Yq6wEaJrP,1,0,SINGLETON,true,false,false,false,false,1,0,0,0,0,5,0,0,0,0,5
singleton-KN9YcUjf4MbiILNfF6d1,1,0,SINGLETON,false,true,true,false,false,0,1,1,0,0,0,3,3,0,0,6
singleton-KyqVojaz6oaARWVjEAyG,1,0,SINGLETON,false,true,true,false,true,0,1,1,0,1,0,3,3,0,3,9
singleton-LECJ0QrWJeyWICbOqamy,1,0,SINGLETON,false,true,true,false,false,0,1,1,0,0,0,4,4,0,0,8
singleton-LSzsvsjaUz4782epO92M,1,0,SINGLETON,false,true,true,false,true,0,1,1,0,1,0,4,4,0,3,11
singleton-LUvZ2w5JsB8sHFevCPRy,1,0,SINGLETON,false,false,true,false,false,0,0,1,0,0,0,0,1,0,0,1
singleton-LgO9XnFYKArvgSB2viem,1,0,SINGLETON,false,true,true,false,true,0,1,1,0,1,0,1,1,0,1,3
singleton-LkPWuopeX4IeCkstwBpU,1,0,SINGLETON,false,true,true,false,true,0,1,1,0,1,0,2,2,0,2,6
singleton-MBuNKaZBdNlilQvSv3zC,1,0,SINGLETON,false,false,true,false,false,0,0,1,0,0,0,0,8,0,0,8
singleton-MUAB7pAwP5R5mAfVEWsH,1,0,SINGLETON,false,true,true,false,true,0,1,1,0,1,0,1,1,0,1,3
singleton-Mbgd4Kw22vX5vdWxqfRn,1,0,SINGLETON,false,false,false,true,false,0,0,0,1,0,0,0,0,8,0,8
singleton-MkxXQ8wmfbTbRbgDBAK1,1,0,SINGLETON,false,true,true,false,true,0,1,1,0,1,0,1,4,0,1,6
singleton-MqWRDetc1VZN6mHw7iwA,1,0,SINGLETON,false,true,true,false,true,0,1,1,0,1,0,1,1,0,1,3
singleton-MvvtCo7VlWi4U7eiAk9x,1,0,SINGLETON,false,true,true,false,false,0,1,1,0,0,0,3,3,0,0,6
singleton-NCdN7Jz3Eoh0ICakh5Cx,1,0,SINGLETON,false,false,true,false,true,0,0,1,0,1,0,0,1,0,1,2
singleton-NL3zUnIqUyNKhcch1hNK,1,0,SINGLETON,false,true,true,false,true,0,1,1,0,1,0,1,1,0,1,3
singleton-NSxOF60pUyiloAjZa1zY,1,0,SINGLETON,false,false,true,false,false,0,0,1,0,0,0,0,4,0,0,4
singleton-Npv1zPbAHshMBBa1mbY4,1,0,SINGLETON,true,false,false,false,false,1,0,0,0,0,1,0,0,0,0,1
singleton-NtpAqzunm5la8DrZocsj,1,1,SINGLETON,false,false,false,false,false,0,0,0,0,0,0,0,0,0,0,0
singleton-OQJwjQoYsf1KUgr9G0V8,1,0,SINGLETON,false,true,true,false,true,0,1,1,0,1,0,5,4,0,4,13
singleton-OnqsKM2CX6FubTfVtaAG,1,1,SINGLETON,false,false,false,false,false,0,0,0,0,0,0,0,0,0,0,0
singleton-Onxr5fVm9Rf4SRgJSUwU,1,0,SINGLETON,false,false,true,false,false,0,0,1,0,0,0,0,1,0,0,1
singleton-OugGxvkSv1brFNywY26P,1,0,SINGLETON,true,false,false,false,false,1,0,0,0,0,1,0,0,0,0,1
singleton-P2bOf45tvhUMqEYK8wqW,1,0,SINGLETON,false,true,true,false,true,0,1,1,0,1,0,1,1,0,1,3
singleton-P4kyoAALuWE7lYtori2d,1,0,SINGLETON,false,false,true,false,false,0,0,1,0,0,0,0,1,0,0,1
singleton-P7zAHwjb68yXM9zLAlb1,1,0,SINGLETON,false,false,true,false,false,0,0,1,0,0,0,0,1,0,0,1
singleton-P9Jz8sNsaNTHaD6dqhKc,1,0,SINGLETON,false,true,true,false,true,0,1,1,0,1,0,4,4,0,4,12
singleton-PIo6f9EGJ9nINHXHAGy7,1,0,SINGLETON,true,false,true,false,true,1,0,1,0,1,1,0,1,0,1,3
singleton-PTpMxjS814v4U28HlRcf,1,0,SINGLETON,false,false,true,false,false,0,0,1,0,0,0,0,1,0,0,1
singleton-PqhswFNoQbq1qKOEBp5u,1,0,SINGLETON,true,false,false,false,false,1,0,0,0,0,16,0,0,0,0,16
singleton-Pto3IbY2BV6RjJJsxw4T,1,0,SINGLETON,true,false,false,false,false,1,0,0,0,0,1,0,0,0,0,1
singleton-QUQENHzkWEHi5igbSpA1,1,0,SINGLETON,false,true,true,false,false,0,1,1,0,0,0,1,1,0,0,2
singleton-QVvTSJRWlcfwVnFYCOJ9,1,0,SINGLETON,false,false,true,false,true,0,0,1,0,1,0,0,1,0,1,2
singleton-QYjn7wMnjUSLcCSRwwn1,1,0,SINGLETON,false,false,true,false,false,0,0,1,0,0,0,0,2,0,0,2
singleton-QiKJqc8mjFL8EnIf105y,1,0,SINGLETON,false,false,true,false,false,0,0,1,0,0,0,0,1,0,0,1
singleton-QmjHa7u0ZQG0cE5HadWX,1,0,SINGLETON,false,false,true,false,false,0,0,1,0,0,0,0,1,0,0,1
singleton-R32m4IeILycIsDayiufx,1,0,SINGLETON,false,false,true,false,true,0,0,1,0,1,0,0,1,0,1,2
singleton-RGHYIrvH4ypjKeh0X9jI,1,0,SINGLETON,false,false,true,false,true,0,0,1,0,1,0,0,7,0,1,8
singleton-RKuAbxAitj0j4NzRD0Px,1,0,SINGLETON,false,true,true,false,true,0,1,1,0,1,0,1,2,0,2,5
singleton-RL2s7RdAmeNec6fLrJez,1,0,SINGLETON,true,false,false,false,false,1,0,0,0,0,9,0,0,0,0,9
singleton-RRlPrUJXfRWGGJ6CeKIL,1,0,SINGLETON,false,true,true,false,true,0,1,1,0,1,0,1,1,0,3,5
singleton-RdJdZdkvlh1EvYQcyy98,1,0,SINGLETON,false,false,true,false,true,0,0,1,0,1,0,0,1,0,1,2
singleton-RpNbe3NA9Ewqpz10Tid7,1,0,SINGLETON,false,true,true,false,true,0,1,1,0,1,0,1,2,0,2,5
singleton-SA6z7RB5PM7Ij8AwZgp1,1,0,SINGLETON,false,true,true,false,true,0,1,1,0,1,0,1,1,0,1,3
singleton-SAxTZz7s67P7PHgPiVQD,1,0,SINGLETON,true,true,true,false,true,1,1,1,0,1,1,4,10,0,6,21
singleton-SJJJI5U15RfnloEUpsCl,1,0,SINGLETON,false,false,true,false,false,0,0,1,0,0,0,0,1,0,0,1
singleton-SOVx70YdnCwZQTD0yb1N,1,0,SINGLETON,false,true,true,false,true,0,1,1,0,1,0,1,1,0,1,3
singleton-SPkjTewbo5B0mADZT61m,1,0,SINGLETON,false,true,true,false,true,0,1,1,0,1,0,1,1,0,1,3
singleton-STq4QNtivjTEw93pnzUf,1,0,SINGLETON,false,true,true,false,false,0,1,1,0,0,0,1,1,0,0,2
singleton-SkRWCmGhaCswgUNKIAos,1,0,SINGLETON,false,true,true,false,false,0,1,1,0,0,0,1,1,0,0,2
singleton-SoyYOpTgmlQWlluJOZEE,1,0,SINGLETON,false,false,true,false,true,0,0,1,0,1,0,0,1,0,1,2
singleton-SpqTKP1HgPTfRMf3kjMw,1,0,SINGLETON,true,true,true,false,true,1,1,1,0,1,2,2,1,0,1,6
singleton-SurmZufksfn5NllTtjD8,1,0,SINGLETON,false,false,true,false,false,0,0,1,0,0,0,0,2,0,0,2
singleton-Sx8zzDNF7sd2E0aaDtN8,1,0,SINGLETON,false,true,true,false,true,0,1,1,0,1,0,1,4,0,1,6
singleton-Sxg7i96XAHXonWrVAV8Q,1,0,SINGLETON,false,false,true,false,false,0,0,1,0,0,0,0,1,0,0,1
singleton-T6C7HiZwQDa07dlanhBF,1,0,SINGLETON,false,true,true,false,true,0,1,1,0,1,0,1,2,0,2,5
singleton-TRn9Bx3c2kyqm0x9Suct,1,0,SINGLETON,false,false,true,false,true,0,0,1,0,1,0,0,1,0,1,2
singleton-TfT34mr30shVLpJdQuu4,1,0,SINGLETON,false,false,true,false,true,0,0,1,0,1,0,0,1,0,1,2
singleton-TqbtZYtTWiEhg5zB0duU,1,0,SINGLETON,false,false,true,false,false,0,0,1,0,0,0,0,1,0,0,1
singleton-Tw3kcCGIMX2DmGQevfCR,1,0,SINGLETON,false,false,true,false,true,0,0,1,0,1,0,0,1,0,1,2
singleton-TypXpPM2GOKRXVcgFCjR,1,0,SINGLETON,false,true,true,false,true,0,1,1,0,1,0,1,1,0,1,3
singleton-U0AseIcul3Oj2l27WnM8,1,0,SINGLETON,false,true,true,false,false,0,1,1,0,0,0,1,1,0,0,2
singleton-U1qd4okczSBsE3VT6pzg,1,0,SINGLETON,false,false,true,false,false,0,0,1,0,0,0,0,1,0,0,1
singleton-U8OKPL7BU1Y2lII5M7Ui,1,0,SINGLETON,false,false,true,false,false,0,0,1,0,0,0,0,1,0,0,1
singleton-UCdf01APuQuNPLZxO7Vb,1,0,SINGLETON,true,false,false,false,false,1,0,0,0,0,16,0,0,0,0,16
singleton-UUktj1unQEF7oxAAKuge,1,0,SINGLETON,false,false,true,false,false,0,0,1,0,0,0,0,1,0,0,1
singleton-UzXLvGMEvzoOvv29dkyY,1,0,SINGLETON,true,false,false,false,false,1,0,0,0,0,3,0,0,0,0,3
singleton-V2ZGAcXVfLD8h3Nv7zCq,1,0,SINGLETON,false,true,true,false,true,0,1,1,0,1,0,3,4,0,3,10
singleton-VBtNhSPdKWG9aB5UwSAp,1,0,SINGLETON,true,false,true,false,true,1,0,1,0,1,1,0,1,0,1,3
singleton-VKyk8uoMs024kVF0SQRN,1,0,SINGLETON,false,false,true,false,false,0,0,1,0,0,0,0,1,0,0,1
singleton-Vtt35PA66TdcCFU5LqWG,1,0,SINGLETON,true,false,false,true,false,1,0,0,1,0,14,0,0,13,0,27
singleton-VzapfWdPlwdZ5ZjvR9Lz,1,0,SINGLETON,true,false,true,false,true,1,0,1,0,1,1,0,2,0,1,4
singleton-WDUbla9aKXNSFb1VPo3Y,1,0,SINGLETON,false,true,true,false,true,0,1,1,0,1,0,1,1,0,1,3
singleton-WK7rSXorlMi85h9asAR3,1,0,SINGLETON,false,true,true,false,true,0,1,1,0,1,0,1,1,0,1,3
singleton-WeIamb2srt7SBgcfAFq1,1,0,SINGLETON,false,false,true,false,false,0,0,1,0,0,0,0,3,0,0,3
singleton-WfgDXbNWgS61DtELPPR9,1,0,SINGLETON,false,false,true,false,false,0,0,1,0,0,0,0,1,0,0,1
singleton-WiRPJkDVQdPSvkqMW8Rh,1,0,SINGLETON,true,false,false,false,false,1,0,0,0,0,1,0,0,0,0,1
singleton-WizgfRCkmeL3P8qusBOI,1,0,SINGLETON,false,true,true,false,true,0,1,1,0,1,0,3,7,0,4,14
singleton-WmrVhZUFxNgrZvYUWnIJ,1,0,SINGLETON,false,true,true,false,true,0,1,1,0,1,0,1,1,0,2,4
singleton-WrxzGNad1ocUQmr32npK,1,0,SINGLETON,false,true,true,false,true,0,1,1,0,1,0,1,1,0,1,3
singleton-Wv9gMcKNBNTvFlSRuZe3,1,0,SINGLETON,true,false,true,false,true,1,0,1,0,1,1,0,1,0,1,3
singleton-WvGmeXrUqULTXbaSGJgZ,1,0,SINGLETON,false,true,true,false,true,0,1,1,0,1,0,1,1,0,3,5
singleton-Wxlj5YOPuTXsUopMH7bg,1,0,SINGLETON,false,false,true,false,false,0,0,1,0,0,0,0,1,0,0,1
singleton-WzTgGIeyuH1B3BYfY7tf,1,0,SINGLETON,false,false,true,false,false,0,0,1,0,0,0,0,1,0,0,1
singleton-X5ZA7xQ8Kzl1xm0xBcdd,1,0,SINGLETON,false,false,true,false,true,0,0,1,0,1,0,0,1,0,1,2
singleton-X8B97hWGbmozigS9fEf4,1,0,SINGLETON,false,false,true,false,true,0,0,1,0,1,0,0,1,0,1,2
singleton-XJ12x7QMBoWQ5JDrvK1E,1,0,SINGLETON,false,true,true,false,true,0,1,1,0,1,0,1,1,0,1,3
singleton-XQUau6Bs9iWpTYrXHtq0,1,0,SINGLETON,false,false,true,false,false,0,0,1,0,0,0,0,1,0,0,1
singleton-XR2eyVIj5HC0jcNt3TaF,1,0,SINGLETON,false,true,true,false,true,0,1,1,0,1,0,1,1,0,1,3
singleton-XakHn7NQJzcdCBMuA4V1,1,0,SINGLETON,false,false,true,false,false,0,0,1,0,0,0,0,4,0,0,4
singleton-XglPXJS02oKjbtcYMeG1,1,0,SINGLETON,true,false,true,false,false,1,0,1,0,0,1,0,1,0,0,2
singleton-XvqBrAuKPXCrvqEIjBai,1,0,SINGLETON,false,true,true,false,true,0,1,1,0,1,0,1,2,0,1,4
singleton-Y1meTyz9qAlTOKqcMF21,1,0,SINGLETON,false,true,true,false,true,0,1,1,0,1,0,1,1,0,4,6
singleton-Y8Qx4RUxXlcq5dm2gx4n,1,0,SINGLETON,false,true,true,false,true,0,1,1,0,1,0,3,3,0,2,8
singleton-YEZrZA7GrbvlyKBA7z5q,1,0,SINGLETON,true,false,true,false,false,1,0,1,0,0,2,0,1,0,0,3
singleton-YUsaUSUsoTg1Dhf5PVRS,1,0,SINGLETON,false,true,true,false,true,0,1,1,0,1,0,1,1,0,1,3
singleton-Ye8ccAU3zvBw2RWzUr4w,1,0,SINGLETON,false,false,true,false,true,0,0,1,0,1,0,0,2,0,2,4
singleton-Yus4GG8O9bfML35pe2Xg,1,0,SINGLETON,false,true,true,false,true,0,1,1,0,1,0,3,4,0,3,10
singleton-ZBOFTpRZenVU4pLo2qvs,1,0,SINGLETON,true,false,false,false,false,1,0,0,0,0,4,0,0,0,0,4
singleton-ZC5U6cHpgTUpFTtOQWiW,1,0,SINGLETON,false,false,true,false,true,0,0,1,0,1,0,0,2,0,1,3
singleton-ZSEtO1xi7ojj6XTirEb1,1,0,SINGLETON,false,true,true,false,true,0,1,1,0,1,0,4,4,0,6,14
singleton-ZtkHwixUGYxprWRUjVfK,1,0,SINGLETON,false,true,true,false,false,0,1,1,0,0,0,1,1,0,0,2
singleton-ZyE71IGsDLI6OG9aIUwV,1,0,SINGLETON,false,false,true,false,true,0,0,1,0,1,0,0,2,0,1,3
singleton-aEsSiryCIhDl2uLhyYVc,1,0,SINGLETON,true,false,false,false,false,1,0,0,0,0,1,0,0,0,0,1
singleton-aY9eNC7XGXN7yzM04BIy,1,1,SINGLETON,false,false,false,false,false,0,0,0,0,0,0,0,0,0,0,0
singleton-ahfMFVQYlwiC5qDCiYTe,1,0,SINGLETON,false,false,true,false,true,0,0,1,0,1,0,0,1,0,1,2
singleton-ajCO2t9BGFENy5GElzHf,1,0,SINGLETON,false,false,true,false,true,0,0,1,0,1,0,0,1,0,1,2
singleton-ajcbQPBpsaCua5ocPPgp,1,0,SINGLETON,false,false,true,false,false,0,0,1,0,0,0,0,2,0,0,2
singleton-arsAD5W3OM2LZE59FvZO,1,1,SINGLETON,false,false,false,false,false,0,0,0,0,0,0,0,0,0,0,0
singleton-bQfpZl7W2IH4XyIddjOY,1,0,SINGLETON,false,false,true,false,false,0,0,1,0,0,0,0,7,0,0,7
singleton-bQh3X6QEPcT50H0QeLPP,1,0,SINGLETON,false,false,true,false,false,0,0,1,0,0,0,0,3,0,0,3
singleton-bya4T8yTfPXtyN71EGq6,1,0,SINGLETON,false,false,true,false,false,0,0,1,0,0,0,0,1,0,0,1
singleton-cR6jQqnXlXEih0YeParx,1,0,SINGLETON,true,false,false,false,false,1,0,0,0,0,9,0,0,0,0,9
singleton-cYheOItaMXJ9X72dU5u4,1,0,SINGLETON,false,true,true,false,false,0,1,1,0,0,0,2,2,0,0,4
singleton-d1LRdQbKYoIKVWX76Mj1,1,0,SINGLETON,false,false,true,false,false,0,0,1,0,0,0,0,1,0,0,1
singleton-dOdZyD1R1kVyKKu9TD1D,1,0,SINGLETON,false,false,false,true,false,0,0,0,1,0,0,0,0,3,0,3
singleton-dV0CbyCSJtXWWMuNiUBb,1,0,SINGLETON,false,true,true,false,true,0,1,1,0,1,0,1,2,0,2,5
singleton-dVaKcGZ9EJmsN6TEqTdZ,1,0,SINGLETON,false,false,true,false,false,0,0,1,0,0,0,0,1,0,0,1
singleton-dYU1JnyrMTQu4U60pGK9,1,0,SINGLETON,false,false,true,false,false,0,0,1,0,0,0,0,1,0,0,1
singleton-dcveFfgBcxZdfrcwfGt2,1,0,SINGLETON,false,true,true,false,true,0,1,1,0,1,0,3,3,0,3,9
singleton-dkDUAa5JcRqtBp6op5UD,1,0,SINGLETON,false,true,true,false,true,0,1,1,0,1,0,2,2,0,2,6
singleton-dwz8H6tUE91TOzWAqabt,1,0,SINGLETON,false,true,true,false,true,0,1,1,0,1,0,1,9,0,3,13
singleton-eAKrlJVl2YEdaogp9yez,1,0,SINGLETON,false,false,true,false,false,0,0,1,0,0,0,0,4,0,0,4
singleton-eK6ftnVVMa7WC57HMKWj,1,0,SINGLETON,false,false,true,false,false,0,0,1,0,0,0,0,2,0,0,2
singleton-eZW0CBCWqoYoxqYPQphx,1,0,SINGLETON,false,true,true,false,false,0,1,1,0,0,0,1,1,0,0,2
singleton-euCQjjUlEThJqziS0g9T,1,0,SINGLETON,false,true,true,false,true,0,1,1,0,1,0,1,1,0,1,3
singleton-f0Z2QQcy1PolmwGQXPzx,1,0,SINGLETON,false,false,true,false,true,0,0,1,0,1,0,0,5,0,1,6
singleton-f1CUR1R0AXa8BF8OuBa2,1,0,SINGLETON,true,false,false,false,false,1,0,0,0,0,28,0,0,0,0,28
singleton-f9lN7loqzgrkrUl5cotk,1,0,SINGLETON,false,true,true,false,false,0,1,1,0,0,0,2,2,0,0,4
singleton-fACVNCxfZ1UpWLOyW5Un,1,0,SINGLETON,false,false,true,false,false,0,0,1,0,0,0,0,1,0,0,1
singleton-fCguAs4b5u4OAThWLpsh,1,0,SINGLETON,false,true,true,false,false,0,1,1,0,0,0,3,3,0,0,6
singleton-fLAAu4V914vaOBpzi2jz,1,0,SINGLETON,false,false,true,false,false,0,0,1,0,0,0,0,1,0,0,1
singleton-fUSboNBF7gsWxFhJcana,1,0,SINGLETON,false,true,true,false,true,0,1,1,0,1,0,1,1,0,1,3
singleton-fVfuf7cWPnRyw4D9x1vo,1,0,SINGLETON,false,false,true,false,false,0,0,1,0,0,0,0,1,0,0,1
singleton-fZbJypRfWdeUfPmPJbv2,1,0,SINGLETON,true,false,false,false,false,1,0,0,0,0,14,0,0,0,0,14
singleton-feq9UuxoWtVRBPUnMr4G,1,0,SINGLETON,false,false,true,false,false,0,0,1,0,0,0,0,3,0,0,3
singleton-fh9ZLK61WWobTGZsxZtb,1,0,SINGLETON,false,true,true,false,true,0,1,1,0,1,0,1,1,0,1,3
singleton-fl9aZo56CB47TAGghJlT,1,1,SINGLETON,false,false,false,false,false,0,0,0,0,0,0,0,0,0,0,0
singleton-fttALlrksUCBwd1P1uxT,1,0,SINGLETON,false,true,true,false,true,0,1,1,0,1,0,1,3,0,2,6
singleton-g1wRtvNq6gOrnSakm4aj,1,0,SINGLETON,false,false,true,false,false,0,0,1,0,0,0,0,7,0,0,7
singleton-gNPDrOkY5ncvCstpk8Ir,1,0,SINGLETON,false,true,true,false,false,0,1,1,0,0,0,1,1,0,0,2
singleton-gPFGULsXJIadGfSxA0ZC,1,0,SINGLETON,false,false,true,false,true,0,0,1,0,1,0,0,1,0,1,2
singleton-gYn6rlfE3jNZF4ue6QGT,1,0,SINGLETON,true,false,true,false,false,1,0,1,0,0,1,0,2,0,0,3
singleton-glS8kOIkWw2z5g9Jf0YI,1,0,SINGLETON,false,false,true,false,false,0,0,1,0,0,0,0,2,0,0,2
singleton-gtQyCqdKvXk2yIeURzCw,1,0,SINGLETON,true,false,true,false,false,1,0,1,0,0,1,0,1,0,0,2
singleton-guTxd6qoSMleRrrzuudX,1,0,SINGLETON,false,true,true,false,true,0,1,1,0,1,0,2,3,0,2,7
singleton-gwAoT5NhaRgUOaU5OHpI,1,0,SINGLETON,false,true,true,false,true,0,1,1,0,1,0,1,1,0,1,3
singleton-hKVfPWLhNq2uN8d3SJs1,1,0,SINGLETON,false,true,true,false,true,0,1,1,0,1,0,1,1,0,1,3
singleton-hRBalleqqyG7t2msbEJX,1,0,SINGLETON,false,false,true,false,false,0,0,1,0,0,0,0,4,0,0,4
singleton-hn0aQnTlX2RCubxvozTD,1,0,SINGLETON,false,false,true,false,false,0,0,1,0,0,0,0,1,0,0,1
singleton-hsfBHYazMXnS3WJlQzR7,1,0,SINGLETON,false,true,true,false,true,0,1,1,0,1,0,2,2,0,2,6
singleton-iJ4dUZWQCFaMhFRpxFFB,1,0,SINGLETON,false,true,true,false,false,0,1,1,0,0,0,1,1,0,0,2
singleton-iYDeCo5SbjJugwsbVESB,1,0,SINGLETON,false,true,true,false,true,0,1,1,0,1,0,14,21,0,1,36
singleton-iaiWnIvvT5pVlhb0dKOl,1,0,SINGLETON,false,true,true,false,false,0,1,1,0,0,0,3,3,0,0,6
singleton-ifby7cAiqu9ONl1N8bBb,1,0,SINGLETON,false,false,true,false,true,0,0,1,0,1,0,0,1,0,1,2
singleton-imjwATL2GrVSVnpZbh6h,1,0,SINGLETON,false,true,true,false,true,0,1,1,0,1,0,1,1,0,1,3
singleton-inWNXCMjoiZbYJ8VZYuO,1,1,SINGLETON,false,false,false,false,false,0,0,0,0,0,0,0,0,0,0,0
singleton-iubfYkjY0FQevxBHrSDF,1,0,SINGLETON,false,true,true,false,true,0,1,1,0,1,0,4,4,0,4,12
singleton-j62kdLyGTgOcZr6cFg4l,1,0,SINGLETON,true,false,false,false,false,1,0,0,0,0,1,0,0,0,0,1
singleton-jB6vHTpd3bg6PYMbkqIa,1,0,SINGLETON,false,false,true,false,false,0,0,1,0,0,0,0,1,0,0,1
singleton-jDwIXNJBgF475XoAE6vp,1,0,SINGLETON,false,true,true,false,true,0,1,1,0,1,0,1,5,0,2,8
singleton-jMjBquUFO7RKmJoREtKf,1,0,SINGLETON,false,false,true,false,false,0,0,1,0,0,0,0,1,0,0,1
singleton-jZRJXWZrSuoa2xxRDSQL,1,1,SINGLETON,false,false,false,false,false,0,0,0,0,0,0,0,0,0,0,0
singleton-k5KncB0t5cKDlnJjjD7R,1,0,SINGLETON,false,true,true,false,true,0,1,1,0,1,0,1,1,0,1,3
singleton-k9xkkgvQEhZ5r4UBzBLi,1,0,SINGLETON,false,false,true,false,false,0,0,1,0,0,0,0,2,0,0,2
singleton-kTH5lgBkMr7IPrRdEdsH,1,0,SINGLETON,true,false,false,false,false,1,0,0,0,0,1,0,0,0,0,1
singleton-kd9SJdeJNaqWF3otEono,1,0,SINGLETON,true,false,false,false,false,1,0,0,0,0,4,0,0,0,0,4
singleton-keYyPpX3glyxtyVpJW0h,1,0,SINGLETON,false,false,true,false,false,0,0,1,0,0,0,0,1,0,0,1
singleton-kfY9GYBFnMHnsmXlT7Pk,1,0,SINGLETON,false,true,true,false,true,0,1,1,0,1,0,1,1,0,2,4
singleton-krq8FSSwp3IHgm9N0pao,1,0,SINGLETON,false,false,true,false,true,0,0,1,0,1,0,0,1,0,1,2
singleton-kusZ7rL0IJdPP025Z3VL,1,0,SINGLETON,false,false,true,false,false,0,0,1,0,0,0,0,64,0,0,64
singleton-l3CKxvrKhNSJ5s7EZGYx,1,0,SINGLETON,false,true,true,false,true,0,1,1,0,1,0,4,2,0,4,10
singleton-l6p3b5329wOTIlDWrxKz,1,1,SINGLETON,false,false,false,false,false,0,0,0,0,0,0,0,0,0,0,0
singleton-l9Dl2hgmgUUntj7KnCDr,1,0,SINGLETON,false,true,true,false,true,0,1,1,0,1,0,1,1,0,1,3
singleton-lHkj3xNmUL3G67dHG1Zr,1,0,SINGLETON,false,true,true,false,true,0,1,1,0,1,0,1,1,0,6,8
singleton-lSb8IK6pm0WEKyASISFH,1,0,SINGLETON,false,true,true,false,true,0,1,1,0,1,0,1,1,0,1,3
singleton-lgBtELsXF4mmvJVuTAhW,1,0,SINGLETON,false,false,true,false,false,0,0,1,0,0,0,0,4,0,0,4
singleton-ljmzAWSjDGWvNtmeIhi5,1,0,SINGLETON,false,true,true,false,true,0,1,1,0,1,0,1,19,0,2,22
singleton-m2cPIgGRcvybNcEUB6QU,1,0,SINGLETON,false,true,true,false,true,0,1,1,0,1,0,7,7,0,7,21
singleton-mGpEymQ65D2CMZ9cGGfq,1,0,SINGLETON,false,true,true,false,true,0,1,1,0,1,0,4,4,0,3,11
singleton-me3L0EvJNoTCq7JgLKP6,1,0,SINGLETON,false,false,true,false,false,0,0,1,0,0,0,0,4,0,0,4
singleton-mlodMvChxLj1pS9RDfqi,1,0,SINGLETON,false,true,true,false,false,0,1,1,0,0,0,1,2,0,0,3
singleton-mp5LAcrQy7CC3sruY2wU,1,0,SINGLETON,false,false,true,false,false,0,0,1,0,0,0,0,1,0,0,1
singleton-mzi1EX980oEaKVVulnGv,1,0,SINGLETON,false,false,true,false,false,0,0,1,0,0,0,0,4,0,0,4
singleton-n3HmiRWyY5MKTrr6Vrd3,1,0,SINGLETON,false,true,true,false,true,0,1,1,0,1,0,2,2,0,1,5
singleton-nQrqR72SD3sC9Hms1O9U,1,0,SINGLETON,false,false,true,false,false,0,0,1,0,0,0,0,1,0,0,1
singleton-nTcgBq8KIfwkvtofPfOw,1,0,SINGLETON,false,true,true,false,true,0,1,1,0,1,0,2,2,0,2,6
singleton-nXwfWz2We6dOnsyzeEno,1,0,SINGLETON,false,true,true,false,false,0,1,1,0,0,0,11,14,0,0,25
singleton-naWKv1VFkDVnpPnS59Bf,1,0,SINGLETON,false,false,true,false,false,0,0,1,0,0,0,0,1,0,0,1
singleton-niY7CVigYcNQ0OdTBcor,1,0,SINGLETON,false,true,true,false,false,0,1,1,0,0,0,3,10,0,0,13
singleton-o0SiQwUZ5uRlCXASCtiR,1,0,SINGLETON,false,false,true,false,true,0,0,1,0,1,0,0,1,0,1,2
singleton-oC3kPMC7WbZm0vaMoq09,1,0,SINGLETON,false,false,true,false,true,0,0,1,0,1,0,0,1,0,1,2
singleton-oJppm5xk3UqypLwM3EiO,1,0,SINGLETON,false,true,true,false,true,0,1,1,0,1,0,2,2,0,2,6
singleton-oL1x933NyN6wiKXhxOob,1,0,SINGLETON,false,true,true,false,true,0,1,1,0,1,0,1,1,0,3,5
singleton-oNY9i1I2LbSYd4Zq924U,1,0,SINGLETON,false,false,true,false,true,0,0,1,0,1,0,0,1,0,1,2
singleton-oTvvPXX0GF2JCGezEtXJ,1,0,SINGLETON,false,true,true,false,false,0,1,1,0,0,0,1,2,0,0,3
singleton-ojwkuYxr8Yg4pw09PSCT,1,0,SINGLETON,false,true,true,false,true,0,1,1,0,1,0,1,1,0,1,3
singleton-p0WuKqx9EeARevPPWyRq,1,0,SINGLETON,false,false,true,false,false,0,0,1,0,0,0,0,1,0,0,1
singleton-p96kP7xmkvs84TmnINFt,1,0,SINGLETON,true,false,false,false,false,1,0,0,0,0,1,0,0,0,0,1
singleton-pE6UkMMWzcDOy86QHSoC,1,0,SINGLETON,false,false,true,false,false,0,0,1,0,0,0,0,33,0,0,33
singleton-pIzGCRRLnf8bfGnx48Ka,1,0,SINGLETON,false,false,true,false,true,0,0,1,0,1,0,0,1,0,1,2
singleton-pMftFzW2M3bmHHBJOTG2,1,0,SINGLETON,false,false,true,false,false,0,0,1,0,0,0,0,7,0,0,7
singleton-pb3x906Z3qhaYLgBVWrb,1,0,SINGLETON,false,false,true,false,true,0,0,1,0,1,0,0,1,0,1,2
singleton-prVjNgHS0pAKIQUelidW,1,0,SINGLETON,false,false,true,false,false,0,0,1,0,0,0,0,1,0,0,1
singleton-pwZkhgJcda4HLCsziTh1,1,0,SINGLETON,false,false,true,false,false,0,0,1,0,0,0,0,1,0,0,1
singleton-q2wyXKnABjAqqL0mLiG7,1,0,SINGLETON,false,true,true,false,true,0,1,1,0,1,0,1,1,0,4,6
singleton-q96gkRtLhrZTtKhFqiQU,1,0,SINGLETON,true,false,false,false,false,1,0,0,0,0,1,0,0,0,0,1
singleton-qEBVz8CKiWp4KmTFLCBu,1,0,SINGLETON,false,true,true,false,true,0,1,1,0,1,0,1,1,0,1,3
singleton-ql4CBoTCV3vDAYdQsYAA,1,0,SINGLETON,false,false,true,false,true,0,0,1,0,1,0,0,1,0,1,2
singleton-qm0fl8ee3HpSLSCrrqDG,1,0,SINGLETON,false,false,true,false,true,0,0,1,0,1,0,0,2,0,2,4
singleton-qpGvhFrN8YelHx1yTsM9,1,0,SINGLETON,false,true,true,false,true,0,1,1,0,1,0,1,1,0,7,9
singleton-qrutbsVFIvplPnd3QSpO,1,0,SINGLETON,false,false,true,false,true,0,0,1,0,1,0,0,1,0,1,2
singleton-qx08jrWTs2SMpvKiaAT7,1,1,SINGLETON,false,false,false,false,false,0,0,0,0,0,0,0,0,0,0,0
singleton-r3HWnAoRdj2C2qeAdFkr,1,0,SINGLETON,false,true,true,false,true,0,1,1,0,1,0,3,9,0,3,15
singleton-r3UicRnZtAlek7LbZebm,1,0,SINGLETON,false,true,true,false,true,0,1,1,0,1,0,2,2,0,2,6
singleton-r4BbR2gJ7CPp1ObMrFIz,1,0,SINGLETON,false,true,true,false,true,0,1,1,0,1,0,1,1,0,1,3
singleton-rE8YybvIjJNdTtORaoUg,1,0,SINGLETON,false,false,true,false,true,0,0,1,0,1,0,0,1,0,1,2
singleton-rGmTI5PGRqRSwShjd9Ud,1,0,SINGLETON,false,false,true,false,false,0,0,1,0,0,0,0,2,0,0,2
singleton-rH8exgws1DxUXM1Sl2EC,1,0,SINGLETON,false,false,true,false,true,0,0,1,0,1,0,0,2,0,2,4
singleton-rTdiLvt8dIscf2PQBU1j,1,0,SINGLETON,false,true,true,false,false,0,1,1,0,0,0,1,1,0,0,2
singleton-rYhDjwrXPlmdX7ft3uh3,1,0,SINGLETON,false,true,true,false,true,0,1,1,0,1,0,1,1,0,1,3
singleton-reY8VQLEFB5lzBT6SyIc,1,0,SINGLETON,false,true,true,false,false,0,1,1,0,0,0,1,1,0,0,2
singleton-rgmMTV7vKJ6wlhm6IioB,1,0,SINGLETON,false,true,true,false,false,0,1,1,0,0,0,1,2,0,0,3
singleton-rpdoJYbURHUkBIZtjRyx,1,0,SINGLETON,false,false,true,false,false,0,0,1,0,0,0,0,6,0,0,6
singleton-s9ircNOjL3KJuH5uqnhY,1,0,SINGLETON,false,false,true,false,true,0,0,1,0,1,0,0,11,0,3,14
singleton-sCBw5cHMoREKazVjQfkj,1,0,SINGLETON,true,false,false,false,false,1,0,0,0,0,35,0,0,0,0,35
singleton-sRXEOujQOUMfRHzPXYsE,1,0,SINGLETON,false,true,true,false,true,0,1,1,0,1,0,2,2,0,2,6
singleton-sSsfNfmuKklWQnB6wgFb,1,0,SINGLETON,false,false,true,false,false,0,0,1,0,0,0,0,5,0,0,5
singleton-sl5odNB8YRmCtgwWD7pE,1,0,SINGLETON,true,false,false,false,false,1,0,0,0,0,1,0,0,0,0,1
singleton-szhdyw6JE1HhJo9ILihS,1,0,SINGLETON,false,false,true,false,false,0,0,1,0,0,0,0,1,0,0,1
singleton-szjOIXL0vHTzXnHCk2QD,1,0,SINGLETON,false,true,true,false,true,0,1,1,0,1,0,1,1,0,1,3
singleton-t3Bt4eQVavoJA4eXFvEO,1,0,SINGLETON,false,false,true,false,true,0,0,1,0,1,0,0,1,0,1,2
singleton-t92NygAuu8S9QMcR2Neh,1,0,SINGLETON,true,false,false,false,false,1,0,0,0,0,1,0,0,0,0,1
singleton-tAHPTKhPWsGlGkTWoapB,1,0,SINGLETON,false,true,true,false,true,0,1,1,0,1,0,1,1,0,1,3
singleton-tgYP65AdeQ00p58sCuL0,1,0,SINGLETON,false,false,true,false,false,0,0,1,0,0,0,0,5,0,0,5
singleton-tqzQPhC5wHy3xDwCdFuo,1,0,SINGLETON,false,true,true,false,true,0,1,1,0,1,0,1,1,0,1,3
singleton-u4uGaDsy2tThEpOEs5TM,1,0,SINGLETON,false,true,true,false,true,0,1,1,0,1,0,3,4,0,4,11
singleton-uZZkiFjkPxvryVuQh0S0,1,0,SINGLETON,false,false,true,false,false,0,0,1,0,0,0,0,3,0,0,3
singleton-v1m3svUyUjC30E9pB92L,1,0,SINGLETON,false,true,true,false,true,0,1,1,0,1,0,1,1,0,1,3
singleton-vYEZdbnXgIU3r7Aa4AWT,1,0,SINGLETON,false,true,true,false,true,0,1,1,0,1,0,1,1,0,2,4
singleton-va1h7fuyzlYl8u8358Qx,1,0,SINGLETON,false,false,true,false,false,0,0,1,0,0,0,0,1,0,0,1
singleton-vh2ww5CJ1DQeofRTmQMg,1,0,SINGLETON,false,true,true,false,false,0,1,1,0,0,0,2,3,0,0,5
singleton-vhz25WpcjcQ6mGS8YP5I,1,0,SINGLETON,true,false,true,false,false,1,0,1,0,0,1,0,1,0,0,2
singleton-vltD7ae0puVQgcj8VjlZ,1,0,SINGLETON,true,false,false,false,false,1,0,0,0,0,38,0,0,0,0,38
singleton-vz16uUIqOlsdLgROccQ3,1,0,SINGLETON,false,false,true,false,true,0,0,1,0,1,0,0,1,0,1,2
singleton-wFFDRQDkZr4rERlpbwFV,1,0,SINGLETON,true,false,false,false,false,1,0,0,0,0,1,0,0,0,0,1
singleton-wS4knG95ig6T2ZEozbZe,1,0,SINGLETON,true,false,false,false,false,1,0,0,0,0,9,0,0,0,0,9
singleton-wYXa9TLh0h7ZFuKLZ9KA,1,0,SINGLETON,false,false,true,false,true,0,0,1,0,1,0,0,1,0,1,2
singleton-wfDgURKw6U5nt33bmej0,1,0,SINGLETON,false,true,true,false,false,0,1,1,0,0,0,1,1,0,0,2
singleton-wpbZJyURzZHruvXGMRtd,1,1,SINGLETON,false,false,false,false,false,0,0,0,0,0,0,0,0,0,0,0
singleton-x9uzQ6SwddanWcvV1McI,1,0,SINGLETON,false,true,true,false,true,0,1,1,0,1,0,8,11,0,7,26
singleton-xCsoN8tQQsB259iyGJJD,1,0,SINGLETON,false,false,false,true,false,0,0,0,1,0,0,0,0,1,0,1
singleton-xEWKVpjbfnBH9kQEaUbB,1,0,SINGLETON,false,false,true,false,false,0,0,1,0,0,0,0,17,0,0,17
singleton-xibnPIqURhNVJI3zP0bz,1,0,SINGLETON,false,true,true,false,true,0,1,1,0,1,0,1,1,0,1,3
singleton-xnxssvkuDMAznbmlK9z8,1,0,SINGLETON,true,false,true,false,true,1,0,1,0,1,1,0,1,0,1,3
singleton-y3fseRK4akRrTNtrmPfb,1,0,SINGLETON,false,true,true,false,true,0,1,1,0,1,0,1,1,0,1,3
singleton-yE5PdkrjifxbV7QoD5xc,1,0,SINGLETON,false,false,true,false,false,0,0,1,0,0,0,0,1,0,0,1
singleton-ySDlICqH087yeYmYSVbI,1,0,SINGLETON,true,false,true,false,false,1,0,1,0,0,1,0,1,0,0,2
singleton-yeO7WH7v2BmSeIvpsQxr,1,0,SINGLETON,true,false,true,false,false,1,0,1,0,0,1,0,1,0,0,2
singleton-ywH2LFvRJto6sV68hk5v,1,0,SINGLETON,false,true,true,false,true,0,1,1,0,1,0,1,1,0,3,5
singleton-yyV4SbiMGeqs0hjR2Nmk,1,0,SINGLETON,false,false,true,false,true,0,0,1,0,1,0,0,1,0,1,2
singleton-zIjMWx3EGNSbPhJ6eyDE,1,0,SINGLETON,false,true,true,false,true,0,1,1,0,1,0,1,4,0,1,6
singleton-zs9Fbr1mSnefWqSSmWcg,1,0,SINGLETON,false,false,true,false,false,0,0,1,0,0,0,0,1,0,0,1
