image_id,annotation_id,class,canonical_area_px,adapter_mask_iou,adapter_geometry_type,connected_components,hole_count,matched,mask_iou,confidence,predicted_area_px,false_positive_px,false_negative_px,relative_area_error,gt_normalized_contribution,band,automatic_flags,contested_fraction,overlap_resolved_iou,false_negative_contested_share
0OEuk7X9WrM64hqQbedA,3,person,534907,0.99651035,CANONICAL_POLYGON,1,0,True,0.394621,0.974053,220109,6470,321268,-0.58851,0.394621,LOW_OVERLAP_MASK,UNDERSEGMENTATION,0.556547,0.845545,0.913826
0OEuk7X9WrM64hqQbedA,4,vest_on_body,260416,0.994442917,CANONICAL_POLYGON,1,0,True,0.933054,0.987554,270362,14164,4218,0.038193,0.933054,HIGH_QUALITY_MASK,UNATTRIBUTED,0.999931,0.93304,1.0
0OEuk7X9WrM64hqQbedA,5,helmet_loose,37307,0.992098962,CANONICAL_POLYGON,1,0,False,0.0,,,,,,0.0,DETECTION_MISS,UNATTRIBUTED,1.0,0.0,
0sRAfq8grYqMA2xuCHP6,31,vest_on_body,69219,0.988268068,CANONICAL_RLE,2,0,True,0.680009,0.96391,51110,2405,20514,-0.261619,0.680009,MODERATE_MASK,UNDERSEGMENTATION,0.998772,0.680009,0.998928
0sRAfq8grYqMA2xuCHP6,32,vest_on_body,18009,0.966635875,CANONICAL_RLE,3,0,True,0.82385,0.780765,16159,725,2575,-0.102726,0.82385,HIGH_QUALITY_MASK,UNATTRIBUTED,0.990671,0.82385,0.960777
0sRAfq8grYqMA2xuCHP6,33,vest_on_body,82678,0.988547875,CANONICAL_RLE,1,0,True,0.838662,0.86645,80312,5968,8334,-0.028617,0.838662,HIGH_QUALITY_MASK,UNATTRIBUTED,0.99977,0.838662,0.99928
0sRAfq8grYqMA2xuCHP6,34,vest_on_body,15170,0.947361729,CANONICAL_RLE,4,0,True,0.64708,0.606075,17177,4469,2462,0.132301,0.64708,MODERATE_MASK,BOUNDARY_ERROR,0.99031,0.64708,0.955727
0sRAfq8grYqMA2xuCHP6,35,person,103811,0.988948532,CANONICAL_RLE,1,1,True,0.439736,0.921822,50294,3226,56743,-0.515523,0.439736,LOW_OVERLAP_MASK,UNDERSEGMENTATION,0.716832,0.542915,0.97612
0sRAfq8grYqMA2xuCHP6,36,person,50638,0.977297928,CANONICAL_RLE,5,0,True,0.448513,0.696439,29275,4531,25894,-0.421877,0.448513,LOW_OVERLAP_MASK,UNDERSEGMENTATION,0.415301,0.707805,0.798988
0sRAfq8grYqMA2xuCHP6,37,person,134249,0.991800179,CANONICAL_RLE,3,0,True,0.3172,0.898054,67060,18582,85771,-0.50048,0.3172,LOW_OVERLAP_MASK,UNDERSEGMENTATION,0.643677,0.625672,0.957841
0sRAfq8grYqMA2xuCHP6,38,person,44454,0.966937062,CANONICAL_RLE,5,0,True,0.374356,0.825424,29408,9289,24335,-0.338462,0.374356,LOW_OVERLAP_MASK,UNDERSEGMENTATION,0.431907,0.519275,0.729977
0sRAfq8grYqMA2xuCHP6,39,helmet_on_head,3216,0.948213204,CANONICAL_RLE,1,0,True,0.875422,0.629501,3453,340,103,0.073694,0.875422,HIGH_QUALITY_MASK,UNATTRIBUTED,0.994403,0.875422,0.980583
0sRAfq8grYqMA2xuCHP6,40,helmet_on_head,5414,0.972649882,CANONICAL_RLE,1,0,True,0.885997,0.88893,6034,656,36,0.114518,0.885997,HIGH_QUALITY_MASK,UNATTRIBUTED,0.975434,0.885997,0.388889
0sRAfq8grYqMA2xuCHP6,41,helmet_on_head,4280,0.966567438,CANONICAL_RLE,1,0,True,0.899464,0.840074,4581,385,84,0.070327,0.899464,HIGH_QUALITY_MASK,UNATTRIBUTED,0.973832,0.899464,0.559524
0sRAfq8grYqMA2xuCHP6,42,helmet_on_head,3892,0.959949937,CANONICAL_RLE,1,0,True,0.883562,0.766063,4083,342,151,0.049075,0.883562,HIGH_QUALITY_MASK,UNATTRIBUTED,0.964543,0.883562,0.668874
3LUOWEww9aCx2Cx4B38y,105,person,73803,0.99050943,CANONICAL_POLYGON,1,0,True,0.910979,0.824699,74403,3752,3152,0.00813,0.910979,HIGH_QUALITY_MASK,UNATTRIBUTED,0.0,0.910979,0.0
6fMvy2k97BSY0a3P9Fbg,166,person,2137,0.95954023,CANONICAL_RLE,1,0,False,0.0,,,,,,0.0,DETECTION_MISS,UNATTRIBUTED,0.0,0.0,
6fMvy2k97BSY0a3P9Fbg,167,person,11833,0.925987625,CANONICAL_RLE,5,0,False,0.0,,,,,,0.0,DETECTION_MISS,UNATTRIBUTED,0.0,0.0,
6fMvy2k97BSY0a3P9Fbg,168,person,4556,0.9657549,CANONICAL_RLE,1,0,False,0.0,,,,,,0.0,DETECTION_MISS,UNATTRIBUTED,0.0,0.0,
6fMvy2k97BSY0a3P9Fbg,169,person,303658,0.992607256,CANONICAL_RLE,1,1,True,0.859002,0.26097,297519,19729,25868,-0.020217,0.859002,HIGH_QUALITY_MASK,UNATTRIBUTED,0.0,0.859002,0.0
6fMvy2k97BSY0a3P9Fbg,170,person,301269,0.995621052,CANONICAL_RLE,3,0,True,0.802847,0.901686,371633,71975,1611,0.233559,0.802847,HIGH_QUALITY_MASK,UNATTRIBUTED,0.0,0.8027,0.0
6fMvy2k97BSY0a3P9Fbg,171,person,85674,0.99038495,CANONICAL_RLE,2,0,True,0.738015,0.887801,112856,28554,1372,0.317272,0.738015,MODERATE_MASK,OVERSEGMENTATION,0.0,0.738015,0.0
6fMvy2k97BSY0a3P9Fbg,172,person,30932,0.980917008,CANONICAL_RLE,1,0,True,0.892139,0.689201,32712,2704,924,0.057546,0.892139,HIGH_QUALITY_MASK,UNATTRIBUTED,0.0,0.892139,0.0
6fMvy2k97BSY0a3P9Fbg,173,person,17103,0.946700224,CANONICAL_RLE,2,3,False,0.0,,,,,,0.0,DETECTION_MISS,UNATTRIBUTED,0.0,0.0,
6fMvy2k97BSY0a3P9Fbg,174,person,4707,0.968240702,CANONICAL_RLE,1,0,False,0.0,,,,,,0.0,DETECTION_MISS,UNATTRIBUTED,0.0,0.0,
6fMvy2k97BSY0a3P9Fbg,175,person,54266,0.987793496,CANONICAL_RLE,2,0,True,0.925548,0.954427,53634,1770,2402,-0.011646,0.925548,HIGH_QUALITY_MASK,UNATTRIBUTED,0.0,0.925548,0.0
6fMvy2k97BSY0a3P9Fbg,176,person,11266,0.975867797,CANONICAL_RLE,1,0,False,0.0,,,,,,0.0,DETECTION_MISS,UNATTRIBUTED,0.0,0.0,
6hEWEvuUeZhYU514UX1O,177,person,2094109,0.992064546,CANONICAL_RLE,1,10,True,0.414887,0.853806,1019183,106273,1181199,-0.513309,0.414887,LOW_OVERLAP_MASK,UNDERSEGMENTATION,0.0,0.414887,0.0
6lWV6Qw0w487DgkyyVX9,179,vest_on_body,143870,0.993256269,CANONICAL_POLYGON,1,0,True,0.785955,0.970099,182624,38942,188,0.269368,0.785955,HIGH_QUALITY_MASK,UNATTRIBUTED,0.997261,0.785955,0.835106
6lWV6Qw0w487DgkyyVX9,180,person,354594,0.99573114,CANONICAL_POLYGON,1,0,True,0.437448,0.913267,161562,4484,197516,-0.544375,0.437448,LOW_OVERLAP_MASK,UNDERSEGMENTATION,0.472357,0.747341,0.807732
6lWV6Qw0w487DgkyyVX9,181,helmet_on_head,24385,0.989230707,CANONICAL_POLYGON,1,0,True,0.661945,0.76594,16680,324,8029,-0.315973,0.661945,MODERATE_MASK,UNDERSEGMENTATION,0.984991,0.661945,0.98356
7VMQ21x6vDuAvoY6Ku2F,231,vest_on_body,292697,0.996457431,CANONICAL_RLE,1,0,True,0.986144,0.970284,293440,2416,1673,0.002538,0.986144,HIGH_QUALITY_MASK,UNATTRIBUTED,1.0,0.986144,1.0
7VMQ21x6vDuAvoY6Ku2F,232,person,214103,0.991589246,CANONICAL_RLE,2,0,True,0.312026,0.637973,222791,118889,110201,0.040579,0.312026,LOW_OVERLAP_MASK,BOUNDARY_ERROR,0.0,0.312026,0.0
7VMQ21x6vDuAvoY6Ku2F,233,person,58328,0.987024928,CANONICAL_RLE,1,0,True,0.822601,0.887558,57121,5015,6222,-0.020693,0.822601,HIGH_QUALITY_MASK,UNATTRIBUTED,0.0,0.822601,0.0
7VMQ21x6vDuAvoY6Ku2F,234,person,88396,0.988592514,CANONICAL_RLE,2,0,True,0.424706,0.323542,75005,26295,39686,-0.151489,0.424706,LOW_OVERLAP_MASK,BOUNDARY_ERROR,0.0,0.424706,0.0
7VMQ21x6vDuAvoY6Ku2F,235,person,435405,0.996476355,CANONICAL_RLE,1,0,True,0.196223,0.9255,109239,19898,346064,-0.749109,0.196223,LOW_OVERLAP_MASK,UNDERSEGMENTATION,0.672241,0.547729,0.845271
7VMQ21x6vDuAvoY6Ku2F,236,person,51922,0.987599035,CANONICAL_RLE,1,0,True,0.752715,0.508007,51383,7018,7557,-0.010381,0.752715,HIGH_QUALITY_MASK,UNATTRIBUTED,0.0,0.752715,0.0
7fuygdEv6dS4UyQgImYj,246,person,34718,0.985403533,CANONICAL_POLYGON,1,0,True,0.817316,0.91374,30898,1388,5208,-0.110029,0.817316,HIGH_QUALITY_MASK,UNATTRIBUTED,0.0,0.817316,0.0
7fuygdEv6dS4UyQgImYj,247,person,13374,0.977467262,CANONICAL_POLYGON,1,0,True,0.781551,0.378877,12699,1261,1936,-0.050471,0.781551,HIGH_QUALITY_MASK,UNATTRIBUTED,0.0,0.781551,0.0
7fuygdEv6dS4UyQgImYj,248,person,18350,0.979074361,CANONICAL_POLYGON,1,0,True,0.601282,0.953292,11871,523,7002,-0.353079,0.601282,MODERATE_MASK,UNDERSEGMENTATION,0.347466,0.625759,0.600686
7fuygdEv6dS4UyQgImYj,249,person,14175,0.969933566,CANONICAL_POLYGON,1,0,True,0.42148,0.816241,7703,1216,7688,-0.456578,0.42148,LOW_OVERLAP_MASK,UNDERSEGMENTATION,0.304198,0.585522,0.560874
7fuygdEv6dS4UyQgImYj,250,vest_on_body,6376,0.981036078,CANONICAL_POLYGON,1,0,True,0.631822,0.610431,4598,349,2127,-0.278858,0.631822,MODERATE_MASK,UNDERSEGMENTATION,1.0,0.631822,1.0
7fuygdEv6dS4UyQgImYj,251,vest_on_body,4312,0.976001811,CANONICAL_POLYGON,1,0,True,0.751758,0.635963,4904,949,357,0.137291,0.751758,HIGH_QUALITY_MASK,UNATTRIBUTED,1.0,0.751758,1.0
9uyGbpRuvoK6FWsiIhGx,304,helmet_on_head,9810,0.986789028,CANONICAL_POLYGON,1,0,True,0.933184,0.280491,10067,472,215,0.026198,0.933184,HIGH_QUALITY_MASK,UNATTRIBUTED,0.957594,0.933184,0.404651
9uyGbpRuvoK6FWsiIhGx,305,person,162561,0.992786729,CANONICAL_POLYGON,1,0,True,0.166617,0.93651,28994,1636,135203,-0.821642,0.166617,LOW_OVERLAP_MASK,UNDERSEGMENTATION,0.820221,0.862889,0.983299
9uyGbpRuvoK6FWsiIhGx,306,person,12222,0.971344424,CANONICAL_POLYGON,1,0,False,0.0,,,,,,0.0,DETECTION_MISS,UNATTRIBUTED,0.0,0.0,
9uyGbpRuvoK6FWsiIhGx,307,vest_on_body,126229,0.993203937,CANONICAL_RLE,1,0,True,0.935528,0.911303,119885,927,7271,-0.050258,0.935528,HIGH_QUALITY_MASK,UNATTRIBUTED,0.981882,0.935528,0.878971
9xNY90loilCLVSX84iwp,308,person,1826170,0.998322598,CANONICAL_POLYGON,1,0,True,0.839591,0.975604,1554776,11709,283103,-0.148614,0.839591,HIGH_QUALITY_MASK,UNATTRIBUTED,0.157246,0.988257,0.995571
9xNY90loilCLVSX84iwp,309,helmet_on_head,291318,0.995927996,CANONICAL_POLYGON,1,0,True,0.967414,0.975965,287875,3075,6518,-0.011819,0.967414,HIGH_QUALITY_MASK,UNATTRIBUTED,0.98572,0.967414,0.880638
A2iSTnVfTHioOl73tkQd,310,helmet_on_head,9660,0.856887299,CANONICAL_RLE,1,1,False,0.0,,,,,,0.0,DETECTION_MISS,ADAPTER_FIDELITY_RISK,0.995445,0.0,
A2iSTnVfTHioOl73tkQd,311,person,17332,0.980647371,CANONICAL_RLE,1,0,False,0.0,,,,,,0.0,DETECTION_MISS,UNATTRIBUTED,0.0,0.0,
A2iSTnVfTHioOl73tkQd,312,person,22435,0.983205162,CANONICAL_RLE,1,0,False,0.0,,,,,,0.0,DETECTION_MISS,UNATTRIBUTED,0.0,0.0,
A2iSTnVfTHioOl73tkQd,313,person,61568,0.955764787,CANONICAL_RLE,4,1,False,0.0,,,,,,0.0,DETECTION_MISS,UNATTRIBUTED,0.156185,0.0,
Ai3fqVHdn3cSDpuEaa5l,317,person,116702,0.990028091,CANONICAL_POLYGON,1,0,True,0.913978,0.955888,124641,9393,1454,0.068028,0.913978,HIGH_QUALITY_MASK,UNATTRIBUTED,0.079896,0.858233,0.849381
Ai3fqVHdn3cSDpuEaa5l,318,helmet_on_head,9483,0.977814467,CANONICAL_POLYGON,1,0,True,0.86122,0.484811,9105,504,882,-0.039861,0.86122,HIGH_QUALITY_MASK,UNATTRIBUTED,0.983233,0.86122,0.93424
CDbWzCeakwV73xXd2qlq,348,person,249721,0.994110127,CANONICAL_POLYGON,1,0,True,0.543279,0.958212,140372,3048,112397,-0.437885,0.543279,MODERATE_MASK,UNDERSEGMENTATION,0.411487,0.893994,0.899134
CDbWzCeakwV73xXd2qlq,349,helmet_on_head,12583,0.982251759,CANONICAL_POLYGON,3,0,True,0.865899,0.932699,14327,1839,95,0.1386,0.865899,HIGH_QUALITY_MASK,UNATTRIBUTED,0.995788,0.865899,1.0
CDbWzCeakwV73xXd2qlq,350,vest_on_body,25923,0.991080998,CANONICAL_POLYGON,1,0,True,0.308559,0.805826,82851,57202,274,2.196042,0.308559,LOW_OVERLAP_MASK,OVERSEGMENTATION,0.992671,0.308559,0.357664
CDbWzCeakwV73xXd2qlq,351,vest_on_body,2069,0.960710945,CANONICAL_POLYGON,1,0,False,0.0,,,,,,0.0,DETECTION_MISS,UNATTRIBUTED,0.859836,0.0,
CDbWzCeakwV73xXd2qlq,352,vest_on_body,54639,0.992081797,CANONICAL_POLYGON,1,0,True,0.82137,0.458943,62670,9768,1737,0.146983,0.82137,HIGH_QUALITY_MASK,UNATTRIBUTED,0.982796,0.82137,0.933794
CDbWzCeakwV73xXd2qlq,353,vest_on_body,9387,0.971076094,CANONICAL_POLYGON,2,0,True,0.080402,0.367753,112908,103807,286,11.028124,0.080402,LOW_OVERLAP_MASK,OVERSEGMENTATION,0.960477,0.080402,0.954545
Dny3q3vJmCFOBIzhGir1,400,person,470161,0.995504376,CANONICAL_POLYGON,1,0,True,0.493222,0.933723,235679,2535,237017,-0.498727,0.493222,LOW_OVERLAP_MASK,UNDERSEGMENTATION,0.355212,0.309901,0.258808
Dny3q3vJmCFOBIzhGir1,401,helmet_on_head,167405,0.994947934,CANONICAL_POLYGON,1,0,True,0.817412,0.545641,139196,1297,29506,-0.168508,0.817412,HIGH_QUALITY_MASK,UNATTRIBUTED,0.997623,0.817412,0.99007
EdR5Rau43iqKaPKbjsHM,407,person,765000,0.996498254,CANONICAL_POLYGON,1,0,True,0.360315,0.899717,278941,2426,488485,-0.635371,0.360315,LOW_OVERLAP_MASK,UNDERSEGMENTATION,0.626356,0.903882,0.963755
EdR5Rau43iqKaPKbjsHM,408,vest_on_body,480923,0.996725176,CANONICAL_RLE,1,0,True,0.932922,0.943354,476946,14632,18609,-0.00827,0.932922,HIGH_QUALITY_MASK,UNATTRIBUTED,0.996338,0.932922,0.994519
F75mTbxKUV3DbBpuTvZq,409,vest_on_body,23950,0.944929753,CANONICAL_RLE,3,0,True,0.719473,0.840584,28095,6318,2173,0.173069,0.719473,MODERATE_MASK,BOUNDARY_ERROR,0.937996,0.719473,0.629084
F75mTbxKUV3DbBpuTvZq,410,helmet_on_head,123158,0.992559524,CANONICAL_RLE,1,0,True,0.932624,0.983413,128717,7170,1611,0.045137,0.932624,HIGH_QUALITY_MASK,UNATTRIBUTED,0.988892,0.932624,0.492862
F75mTbxKUV3DbBpuTvZq,411,person,250503,0.99290154,CANONICAL_RLE,2,1,False,0.0,,,,,,0.0,DETECTION_MISS,UNATTRIBUTED,0.0,0.0,
F75mTbxKUV3DbBpuTvZq,412,person,446254,0.992211042,CANONICAL_RLE,6,0,True,0.528572,0.928138,357446,79531,168339,-0.199008,0.528572,MODERATE_MASK,BOUNDARY_ERROR,0.323258,0.728101,0.85651
F9BUOPsajE69txpyePoP,413,vest_on_body,208817,0.989136957,CANONICAL_RLE,5,0,True,0.482036,0.617739,106040,3632,106409,-0.492187,0.482036,LOW_OVERLAP_MASK,UNDERSEGMENTATION,0.997682,0.482258,0.998384
F9BUOPsajE69txpyePoP,414,vest_on_body,217749,0.991065267,CANONICAL_RLE,9,1,True,0.783091,0.906888,191966,12029,37812,-0.118407,0.783091,HIGH_QUALITY_MASK,UNATTRIBUTED,0.998976,0.783091,1.0
F9BUOPsajE69txpyePoP,415,person,442514,0.989829177,CANONICAL_RLE,17,17,True,0.343327,0.409537,334970,136261,243805,-0.24303,0.343327,LOW_OVERLAP_MASK,BOUNDARY_ERROR,0.475664,0.520549,0.84447
F9BUOPsajE69txpyePoP,416,person,429946,0.993629378,CANONICAL_RLE,1,6,True,0.368274,0.667193,282769,90940,238117,-0.342315,0.368274,LOW_OVERLAP_MASK,UNDERSEGMENTATION,0.505938,0.625462,0.908129
F9BUOPsajE69txpyePoP,417,helmet_loose,64926,0.989725187,CANONICAL_RLE,1,0,False,0.0,,,,,,0.0,DETECTION_MISS,UNATTRIBUTED,0.034747,0.0,
Foo1oq3oHF7pBhTWKpnL,437,person,621098,0.996351495,CANONICAL_POLYGON,1,0,True,0.440794,0.793875,282016,5719,344801,-0.54594,0.440794,LOW_OVERLAP_MASK,UNDERSEGMENTATION,0.608261,0.781653,0.962773
Foo1oq3oHF7pBhTWKpnL,438,vest_on_body,375523,0.995221094,CANONICAL_POLYGON,1,0,True,0.780163,0.705064,302290,5236,78469,-0.195016,0.780163,HIGH_QUALITY_MASK,UNATTRIBUTED,0.999606,0.880268,0.999669
Foo1oq3oHF7pBhTWKpnL,439,helmet_loose,90670,0.99447132,CANONICAL_POLYGON,1,0,False,0.0,,,,,,0.0,DETECTION_MISS,UNATTRIBUTED,1.0,0.0,
G6t1yK9gNn0LIS4hbciD,452,person,677075,0.9968387,CANONICAL_POLYGON,1,0,True,0.499897,0.887388,382821,29571,323825,-0.434596,0.499897,LOW_OVERLAP_MASK,UNDERSEGMENTATION,0.320007,0.689204,0.640655
G6t1yK9gNn0LIS4hbciD,453,vest_on_body,216690,0.993067559,CANONICAL_POLYGON,1,0,True,0.654392,0.926242,295298,92782,14174,0.362767,0.654392,MODERATE_MASK,OVERSEGMENTATION,0.999903,0.654392,0.999718
GKGcxwlCacsz6brHHLRV,465,helmet_loose,846962,0.998074262,CANONICAL_POLYGON,1,0,True,0.936861,0.836477,861781,35261,20442,0.017497,0.936861,HIGH_QUALITY_MASK,UNATTRIBUTED,0.0,0.936861,0.0
H6Qo9zKVlWVMqPD3713Z,476,person,2350,0.971795935,CANONICAL_POLYGON,1,0,False,0.0,,,,,,0.0,DETECTION_MISS,UNATTRIBUTED,0.0,0.0,
HvvG43BEgtvO5Az8qBX5,499,person,218855,0.995020713,CANONICAL_POLYGON,1,0,True,0.140731,0.908029,51074,17773,185554,-0.766631,0.140731,LOW_OVERLAP_MASK,UNDERSEGMENTATION,0.796806,0.40829,0.909622
HvvG43BEgtvO5Az8qBX5,500,person,434796,0.997231258,CANONICAL_POLYGON,1,0,True,0.379481,0.87659,210296,32838,257338,-0.516334,0.379481,LOW_OVERLAP_MASK,UNDERSEGMENTATION,0.56975,0.802919,0.960729
HvvG43BEgtvO5Az8qBX5,501,helmet_on_head,49393,0.988030664,CANONICAL_POLYGON,1,0,True,0.871664,0.554028,50056,3741,3078,0.013423,0.871664,HIGH_QUALITY_MASK,UNATTRIBUTED,0.006681,0.871664,0.025341
HvvG43BEgtvO5Az8qBX5,502,helmet_on_head,40762,0.989650146,CANONICAL_POLYGON,1,0,True,0.95909,0.954488,41941,1453,274,0.028924,0.95909,HIGH_QUALITY_MASK,UNATTRIBUTED,0.976547,0.95909,0.481752
HvvG43BEgtvO5Az8qBX5,503,person,216404,0.993953317,CANONICAL_POLYGON,1,0,True,0.208424,0.628073,96886,42851,162369,-0.552291,0.208424,LOW_OVERLAP_MASK,UNDERSEGMENTATION,0.714372,0.397694,0.897419
HvvG43BEgtvO5Az8qBX5,504,helmet_on_head,52281,0.995370811,CANONICAL_POLYGON,1,0,True,0.968038,0.921526,52517,969,733,0.004514,0.968038,HIGH_QUALITY_MASK,UNATTRIBUTED,0.980911,0.968038,0.500682
HvvG43BEgtvO5Az8qBX5,505,helmet_on_head,26319,0.983735886,CANONICAL_POLYGON,1,0,True,0.905785,0.964532,28863,2636,92,0.09666,0.905785,HIGH_QUALITY_MASK,UNATTRIBUTED,0.956419,0.905785,0.771739
HvvG43BEgtvO5Az8qBX5,506,vest_on_body,198720,0.992499699,CANONICAL_RLE,3,2,True,0.868597,0.928234,220780,25780,3720,0.11101,0.868597,HIGH_QUALITY_MASK,UNATTRIBUTED,0.988567,0.868597,0.931183
HvvG43BEgtvO5Az8qBX5,507,vest_on_body,146792,0.995549325,CANONICAL_RLE,1,0,True,0.964216,0.776822,145835,2187,3144,-0.006519,0.964216,HIGH_QUALITY_MASK,UNATTRIBUTED,0.0,0.964216,0.0
HvvG43BEgtvO5Az8qBX5,508,vest_on_body,161024,0.98864449,CANONICAL_RLE,5,8,True,0.78556,0.850797,165712,21964,17276,0.029114,0.78556,HIGH_QUALITY_MASK,UNATTRIBUTED,0.925601,0.78556,0.356622
HvvG43BEgtvO5Az8qBX5,509,vest_on_body,116693,0.98542096,CANONICAL_RLE,3,1,True,0.551415,0.25155,150487,55524,21730,0.289597,0.551415,MODERATE_MASK,OVERSEGMENTATION,0.982073,0.551415,0.934146
JSKtWAeEIHCqkNcipvGH,555,person,25826,0.976695797,CANONICAL_POLYGON,1,0,True,0.569536,0.920827,18008,2102,9920,-0.302718,0.569536,MODERATE_MASK,UNDERSEGMENTATION,0.238287,0.675039,0.547681
JSKtWAeEIHCqkNcipvGH,556,person,19633,0.983020285,CANONICAL_POLYGON,1,0,True,0.631499,0.912103,16986,2812,5459,-0.134824,0.631499,MODERATE_MASK,BOUNDARY_ERROR,0.236744,0.788187,0.836417
JSKtWAeEIHCqkNcipvGH,557,vest_on_body,5177,0.96928839,CANONICAL_POLYGON,1,0,True,0.662885,0.980016,5522,1257,912,0.066641,0.662885,MODERATE_MASK,BOUNDARY_ERROR,0.999421,0.662885,1.0
JSKtWAeEIHCqkNcipvGH,558,helmet_on_head,1117,0.964594128,CANONICAL_POLYGON,1,0,True,0.810589,0.970059,1311,224,30,0.173679,0.810589,HIGH_QUALITY_MASK,UNATTRIBUTED,0.994628,0.810589,0.866667
JSKtWAeEIHCqkNcipvGH,559,vest_on_body,3565,0.946514103,CANONICAL_POLYGON,1,0,True,0.814885,0.943576,4141,681,105,0.161571,0.814885,HIGH_QUALITY_MASK,UNATTRIBUTED,0.992146,0.814885,0.961905
JSKtWAeEIHCqkNcipvGH,560,helmet_on_head,1026,0.93019039,CANONICAL_POLYGON,1,0,True,0.811523,0.924953,1175,189,40,0.145224,0.811523,HIGH_QUALITY_MASK,UNATTRIBUTED,0.955166,0.811523,1.0
L51HLb9pTcXWg0hlY2eI,592,helmet_loose,304354,0.996346183,CANONICAL_POLYGON,1,0,True,0.794778,0.398453,380535,77247,1066,0.250304,0.794778,HIGH_QUALITY_MASK,UNATTRIBUTED,0.0,0.794765,0.0
L51HLb9pTcXWg0hlY2eI,593,helmet_loose,67249,0.991863916,CANONICAL_POLYGON,1,0,False,0.0,,,,,,0.0,DETECTION_MISS,UNATTRIBUTED,0.0,0.0,
LVQG21gdyYgR1aZBE6h9,614,person,168124,0.992975387,CANONICAL_POLYGON,1,0,True,0.909775,0.824217,163516,5530,10138,-0.027408,0.909775,HIGH_QUALITY_MASK,UNATTRIBUTED,0.0,0.909775,0.0
Mbgd4Kw22vX5vdWxqfRn,635,vest_loose,203478,0.991617648,CANONICAL_POLYGON,1,0,True,0.232054,0.465171,737374,560167,26271,2.623851,0.232054,LOW_OVERLAP_MASK,OVERSEGMENTATION,0.0,0.228157,0.0
Mbgd4Kw22vX5vdWxqfRn,636,vest_loose,135104,0.990519624,CANONICAL_POLYGON,1,0,True,0.295033,0.268013,454628,320276,752,2.365023,0.295033,LOW_OVERLAP_MASK,OVERSEGMENTATION,0.0,0.295033,0.0
Mbgd4Kw22vX5vdWxqfRn,637,vest_loose,152916,0.990527959,CANONICAL_POLYGON,1,0,False,0.0,,,,,,0.0,DETECTION_MISS,UNATTRIBUTED,0.0,0.0,
Mbgd4Kw22vX5vdWxqfRn,638,vest_loose,151294,0.993986909,CANONICAL_POLYGON,1,0,False,0.0,,,,,,0.0,DETECTION_MISS,UNATTRIBUTED,0.0,0.0,
Mbgd4Kw22vX5vdWxqfRn,639,vest_loose,281922,0.995135383,CANONICAL_POLYGON,1,0,False,0.0,,,,,,0.0,DETECTION_MISS,UNATTRIBUTED,0.0,0.0,
Mbgd4Kw22vX5vdWxqfRn,640,vest_loose,327765,0.996051828,CANONICAL_POLYGON,1,0,False,0.0,,,,,,0.0,DETECTION_MISS,UNATTRIBUTED,0.0,0.0,
Mbgd4Kw22vX5vdWxqfRn,641,vest_loose,97394,0.989893444,CANONICAL_POLYGON,1,0,False,0.0,,,,,,0.0,DETECTION_MISS,UNATTRIBUTED,0.0,0.0,
Mbgd4Kw22vX5vdWxqfRn,642,vest_loose,101459,0.987819602,CANONICAL_POLYGON,1,0,False,0.0,,,,,,0.0,DETECTION_MISS,UNATTRIBUTED,0.0,0.0,
NSxOF60pUyiloAjZa1zY,663,person,3938,0.967926405,CANONICAL_RLE,1,0,False,0.0,,,,,,0.0,DETECTION_MISS,UNATTRIBUTED,0.0,0.0,
NSxOF60pUyiloAjZa1zY,664,person,9503,0.982918446,CANONICAL_RLE,1,0,True,0.825483,0.837888,11114,1791,180,0.169525,0.825483,HIGH_QUALITY_MASK,UNATTRIBUTED,0.0,0.825483,0.0
NSxOF60pUyiloAjZa1zY,665,person,336313,0.992735741,CANONICAL_RLE,1,2,True,0.907845,0.913981,352608,24786,8491,0.048452,0.907845,HIGH_QUALITY_MASK,UNATTRIBUTED,0.0,0.907845,0.0
NSxOF60pUyiloAjZa1zY,666,person,82781,0.983130137,CANONICAL_RLE,3,0,True,0.478356,0.577599,43339,2530,41972,-0.476462,0.478356,LOW_OVERLAP_MASK,UNDERSEGMENTATION,0.0,0.478356,0.0
P2bOf45tvhUMqEYK8wqW,686,vest_on_body,32805,0.984980475,CANONICAL_POLYGON,1,0,True,0.929798,0.946504,35093,2379,91,0.069745,0.929798,HIGH_QUALITY_MASK,UNATTRIBUTED,0.999573,0.929798,1.0
P2bOf45tvhUMqEYK8wqW,687,person,85607,0.990301375,CANONICAL_POLYGON,1,0,True,0.485971,0.936606,49545,5345,41407,-0.421251,0.485971,LOW_OVERLAP_MASK,UNDERSEGMENTATION,0.417174,0.791306,0.855894
P2bOf45tvhUMqEYK8wqW,688,helmet_on_head,3020,0.973505654,CANONICAL_POLYGON,1,0,True,0.793609,0.824872,3098,391,313,0.025828,0.793609,HIGH_QUALITY_MASK,UNATTRIBUTED,0.96755,0.793609,0.99361
QYjn7wMnjUSLcCSRwwn1,728,person,632684,0.99538164,CANONICAL_POLYGON,1,0,True,0.861292,0.85475,721717,94983,5950,0.140723,0.861292,HIGH_QUALITY_MASK,UNATTRIBUTED,0.0,0.861292,0.0
QYjn7wMnjUSLcCSRwwn1,729,person,18131,0.983399338,CANONICAL_POLYGON,1,0,True,0.41529,0.816297,9286,1241,10086,-0.487839,0.41529,LOW_OVERLAP_MASK,UNDERSEGMENTATION,0.0,0.41529,0.0
R32m4IeILycIsDayiufx,732,person,77916,0.988411353,CANONICAL_POLYGON,1,0,True,0.542462,0.888953,48299,3911,33528,-0.380114,0.542462,MODERATE_MASK,UNDERSEGMENTATION,0.682376,0.406183,0.891195
R32m4IeILycIsDayiufx,733,vest_on_body,53624,0.990836579,CANONICAL_RLE,1,0,True,0.583953,0.848669,31816,317,22125,-0.406684,0.583953,MODERATE_MASK,UNDERSEGMENTATION,0.991496,0.583953,0.980836
RRlPrUJXfRWGGJ6CeKIL,756,person,633152,0.99630005,CANONICAL_POLYGON,1,0,True,0.39752,0.678655,255226,2530,380456,-0.596896,0.39752,LOW_OVERLAP_MASK,UNDERSEGMENTATION,0.637768,0.764134,0.948864
RRlPrUJXfRWGGJ6CeKIL,757,helmet_on_head,104057,0.989975725,CANONICAL_POLYGON,1,0,True,0.678795,0.932548,74456,2277,31878,-0.284469,0.678795,MODERATE_MASK,UNDERSEGMENTATION,0.999289,0.678795,0.997679
RRlPrUJXfRWGGJ6CeKIL,758,vest_on_body,64310,0.993325402,CANONICAL_POLYGON,1,0,True,0.088969,0.421545,720487,656369,192,10.203343,0.088969,LOW_OVERLAP_MASK,OVERSEGMENTATION,0.991976,0.088969,0.625
RRlPrUJXfRWGGJ6CeKIL,759,vest_on_body,91799,0.99140073,CANONICAL_POLYGON,1,0,True,0.558757,0.293863,124014,46653,14438,0.35093,0.558757,MODERATE_MASK,OVERSEGMENTATION,0.998431,0.558757,0.993559
RRlPrUJXfRWGGJ6CeKIL,760,vest_on_body,146444,0.99315496,CANONICAL_POLYGON,1,0,True,0.47681,0.892817,298662,154953,2735,1.039428,0.47681,LOW_OVERLAP_MASK,OVERSEGMENTATION,0.985851,0.47681,0.829616
SA6z7RB5PM7Ij8AwZgp1,768,vest_on_body,150433,0.991339988,CANONICAL_RLE,9,1,True,0.002598,0.711667,25158,24703,149978,-0.832763,0.002598,LOW_OVERLAP_MASK,UNDERSEGMENTATION,0.999415,0.002598,0.999413
SA6z7RB5PM7Ij8AwZgp1,769,person,320803,0.967998113,CANONICAL_RLE,1,8,True,0.783235,0.951741,288753,21023,53073,-0.099906,0.783235,HIGH_QUALITY_MASK,UNATTRIBUTED,0.530824,0.45723,0.760971
SA6z7RB5PM7Ij8AwZgp1,770,helmet_on_head,20625,0.979772804,CANONICAL_RLE,1,0,True,0.901163,0.912416,22212,1907,320,0.076945,0.901163,HIGH_QUALITY_MASK,UNATTRIBUTED,0.96703,0.901163,0.5375
Sx8zzDNF7sd2E0aaDtN8,813,vest_on_body,24954,0.988003326,CANONICAL_POLYGON,1,0,True,0.848602,0.469353,29406,4452,0,0.178408,0.848602,HIGH_QUALITY_MASK,UNATTRIBUTED,0.997155,0.848602,
Sx8zzDNF7sd2E0aaDtN8,814,helmet_on_head,139495,0.993991276,CANONICAL_POLYGON,1,0,True,0.927378,0.982501,146659,8973,1809,0.051357,0.927378,HIGH_QUALITY_MASK,UNATTRIBUTED,0.996631,0.927378,0.934771
Sx8zzDNF7sd2E0aaDtN8,815,person,87298,0.982977368,CANONICAL_RLE,1,0,True,0.288041,0.715376,25479,259,62078,-0.708138,0.288041,LOW_OVERLAP_MASK,UNDERSEGMENTATION,0.285035,0.4024,0.400834
Sx8zzDNF7sd2E0aaDtN8,816,person,137003,0.982786743,CANONICAL_RLE,19,1,False,0.0,,,,,,0.0,DETECTION_MISS,UNATTRIBUTED,0.0,0.0,
Sx8zzDNF7sd2E0aaDtN8,817,person,169079,0.991421107,CANONICAL_RLE,4,2,False,0.0,,,,,,0.0,DETECTION_MISS,UNATTRIBUTED,0.0,0.0,
Sx8zzDNF7sd2E0aaDtN8,818,person,476901,0.996201504,CANONICAL_RLE,2,3,True,0.661963,0.946189,361528,27580,142953,-0.241922,0.661963,MODERATE_MASK,BOUNDARY_ERROR,0.291518,0.907901,0.964639
UzXLvGMEvzoOvv29dkyY,876,helmet_loose,23657,0.988995816,CANONICAL_POLYGON,1,0,True,0.957904,0.897448,24574,977,60,0.038762,0.957904,HIGH_QUALITY_MASK,UNATTRIBUTED,0.0,0.957904,0.0
UzXLvGMEvzoOvv29dkyY,877,helmet_loose,27147,0.988455095,CANONICAL_POLYGON,1,0,True,0.955036,0.939629,28290,1209,66,0.042104,0.955036,HIGH_QUALITY_MASK,UNATTRIBUTED,0.0,0.955036,0.0
UzXLvGMEvzoOvv29dkyY,878,helmet_loose,30999,0.990982637,CANONICAL_POLYGON,1,0,True,0.959906,0.956197,31816,1051,234,0.026356,0.959906,HIGH_QUALITY_MASK,UNATTRIBUTED,0.0,0.959906,0.0
VBtNhSPdKWG9aB5UwSAp,889,person,432203,0.9955609,CANONICAL_POLYGON,1,0,True,0.720413,0.898457,317190,3386,118399,-0.266109,0.720413,MODERATE_MASK,UNDERSEGMENTATION,0.284385,0.949559,0.964907
VBtNhSPdKWG9aB5UwSAp,890,helmet_loose,24760,0.991415965,CANONICAL_POLYGON,1,0,False,0.0,,,,,,0.0,DETECTION_MISS,UNATTRIBUTED,1.0,0.0,
VBtNhSPdKWG9aB5UwSAp,891,vest_on_body,98469,0.98419533,CANONICAL_RLE,4,0,True,0.752135,0.699502,121098,26845,4216,0.229808,0.752135,HIGH_QUALITY_MASK,UNATTRIBUTED,0.996892,0.752047,0.974146
WRFgtFooB6kjdViPXWHk,930,helmet_loose,308846,0.995987459,CANONICAL_POLYGON,1,0,True,0.80708,0.77008,381784,73334,396,0.236163,0.80708,HIGH_QUALITY_MASK,UNATTRIBUTED,0.0,0.807007,0.0
WRFgtFooB6kjdViPXWHk,931,helmet_loose,69192,0.991344597,CANONICAL_POLYGON,1,0,False,0.0,,,,,,0.0,DETECTION_MISS,UNATTRIBUTED,0.0,0.0,
WeIamb2srt7SBgcfAFq1,932,person,58351,0.994104216,CANONICAL_POLYGON,1,0,True,0.796467,0.402278,48131,922,11142,-0.175147,0.796467,HIGH_QUALITY_MASK,UNATTRIBUTED,0.0,0.796467,0.0
WeIamb2srt7SBgcfAFq1,933,person,77099,0.993107713,CANONICAL_POLYGON,1,0,True,0.946052,0.624233,78591,2904,1412,0.019352,0.946052,HIGH_QUALITY_MASK,UNATTRIBUTED,0.0,0.946052,0.0
WeIamb2srt7SBgcfAFq1,934,person,34948,0.987843836,CANONICAL_POLYGON,1,0,False,0.0,,,,,,0.0,DETECTION_MISS,UNATTRIBUTED,0.0,0.0,
WvGmeXrUqULTXbaSGJgZ,961,helmet_on_head,51799,0.991460192,CANONICAL_POLYGON,1,0,True,0.900169,0.841537,55838,4847,808,0.077974,0.900169,HIGH_QUALITY_MASK,UNATTRIBUTED,0.985347,0.900169,0.950495
WvGmeXrUqULTXbaSGJgZ,962,person,294497,0.99464612,CANONICAL_POLYGON,1,0,True,0.711689,0.922017,215374,3379,82502,-0.268672,0.711689,MODERATE_MASK,UNDERSEGMENTATION,0.27457,0.936617,0.925432
WvGmeXrUqULTXbaSGJgZ,963,vest_on_body,16190,0.963825983,CANONICAL_POLYGON,1,0,True,0.3846,0.918496,26536,14668,4322,0.639036,0.3846,LOW_OVERLAP_MASK,OVERSEGMENTATION,0.933539,0.3846,0.786904
WvGmeXrUqULTXbaSGJgZ,964,vest_on_body,10384,0.972133609,CANONICAL_POLYGON,1,0,False,0.0,,,,,,0.0,DETECTION_MISS,UNATTRIBUTED,0.991911,0.0,
WvGmeXrUqULTXbaSGJgZ,965,vest_on_body,5465,0.932912257,CANONICAL_POLYGON,1,0,False,0.0,,,,,,0.0,DETECTION_MISS,UNATTRIBUTED,0.806221,0.0,
ZtkHwixUGYxprWRUjVfK,1044,person,2782004,0.998679634,CANONICAL_POLYGON,1,0,True,0.9062,0.931366,2553645,17098,245457,-0.082084,0.9062,HIGH_QUALITY_MASK,UNATTRIBUTED,0.156393,0.867072,0.710389
ZtkHwixUGYxprWRUjVfK,1045,helmet_on_head,436415,0.996253784,CANONICAL_POLYGON,1,0,False,0.0,,,,,,0.0,DETECTION_MISS,UNATTRIBUTED,0.996952,0.0,
ahfMFVQYlwiC5qDCiYTe,1050,vest_on_body,8581,0.975216007,CANONICAL_POLYGON,1,0,True,0.92263,0.893487,8615,363,329,0.003962,0.92263,HIGH_QUALITY_MASK,UNATTRIBUTED,0.997553,0.92263,0.948328
ahfMFVQYlwiC5qDCiYTe,1051,person,18274,0.97421387,CANONICAL_POLYGON,1,0,True,0.38378,0.931358,9367,1701,10608,-0.487414,0.38378,LOW_OVERLAP_MASK,UNDERSEGMENTATION,0.468425,0.650891,0.793458
d1LRdQbKYoIKVWX76Mj1,1080,person,2105860,0.998330757,CANONICAL_POLYGON,1,0,True,0.879886,0.959915,2356917,268102,17045,0.119218,0.879886,HIGH_QUALITY_MASK,UNATTRIBUTED,0.0,0.879886,0.0
eK6ftnVVMa7WC57HMKWj,1123,person,531055,0.971475355,CANONICAL_RLE,1,15,True,0.803088,0.408621,647317,122475,6213,0.218926,0.803088,HIGH_QUALITY_MASK,UNATTRIBUTED,0.0,0.803088,0.0
eK6ftnVVMa7WC57HMKWj,1124,person,26016,0.97450661,CANONICAL_RLE,2,0,True,0.026932,0.690834,957560,931765,221,35.806581,0.026932,LOW_OVERLAP_MASK,OVERSEGMENTATION,0.0,0.026932,0.0
feq9UuxoWtVRBPUnMr4G,1194,person,221980,0.968790341,CANONICAL_RLE,3,3,True,0.952027,0.949009,231185,10171,966,0.041468,0.952027,HIGH_QUALITY_MASK,UNATTRIBUTED,0.0,0.952027,0.0
feq9UuxoWtVRBPUnMr4G,1195,person,142232,0.98888501,CANONICAL_RLE,2,1,True,0.602426,0.961046,92009,3947,54170,-0.353106,0.602426,MODERATE_MASK,UNDERSEGMENTATION,0.0,0.602426,0.0
feq9UuxoWtVRBPUnMr4G,1196,person,109643,0.982224828,CANONICAL_RLE,7,2,True,0.597561,0.873323,70105,2871,42409,-0.360607,0.597561,MODERATE_MASK,UNDERSEGMENTATION,0.0,0.597561,0.0
hKVfPWLhNq2uN8d3SJs1,1235,vest_on_body,885290,0.995480395,CANONICAL_RLE,5,0,False,0.0,,,,,,0.0,DETECTION_MISS,UNATTRIBUTED,0.999753,0.0,
hKVfPWLhNq2uN8d3SJs1,1236,helmet_on_head,149944,0.994335897,CANONICAL_RLE,1,0,True,0.968207,0.861773,149001,1943,2886,-0.006289,0.968207,HIGH_QUALITY_MASK,UNATTRIBUTED,0.985608,0.968207,0.59702
hKVfPWLhNq2uN8d3SJs1,1237,person,1370011,0.997564691,CANONICAL_RLE,1,0,True,0.739682,0.94062,1026137,7337,351211,-0.251001,0.739682,MODERATE_MASK,UNDERSEGMENTATION,0.753904,0.263776,0.850213
hn0aQnTlX2RCubxvozTD,1242,person,194521,0.992431627,CANONICAL_POLYGON,1,0,True,0.884175,0.94808,218053,24447,915,0.120974,0.884175,HIGH_QUALITY_MASK,UNATTRIBUTED,0.0,0.884175,0.0
hsfBHYazMXnS3WJlQzR7,1243,vest_on_body,137794,0.991384549,CANONICAL_RLE,1,0,True,0.796672,0.923792,172944,35158,8,0.255091,0.796672,HIGH_QUALITY_MASK,UNATTRIBUTED,0.998803,0.796672,0.0
hsfBHYazMXnS3WJlQzR7,1244,vest_on_body,143054,0.994693573,CANONICAL_RLE,1,0,True,0.96022,0.836695,147927,5389,516,0.034064,0.96022,HIGH_QUALITY_MASK,UNATTRIBUTED,0.999063,0.96022,0.978682
hsfBHYazMXnS3WJlQzR7,1245,person,477335,0.995486555,CANONICAL_RLE,1,0,True,0.263371,0.903105,127519,1427,351243,-0.732852,0.263371,LOW_OVERLAP_MASK,UNDERSEGMENTATION,0.659507,0.76906,0.896263
hsfBHYazMXnS3WJlQzR7,1246,person,578546,0.995490197,CANONICAL_RLE,1,2,True,0.243217,0.735592,146415,4587,436718,-0.746926,0.243217,LOW_OVERLAP_MASK,UNDERSEGMENTATION,0.724566,0.865132,0.959876
hsfBHYazMXnS3WJlQzR7,1247,helmet_on_head,276675,0.996730788,CANONICAL_RLE,1,0,True,0.984868,0.994282,276984,2265,1956,0.001117,0.984868,HIGH_QUALITY_MASK,UNATTRIBUTED,0.998554,0.984868,0.948364
hsfBHYazMXnS3WJlQzR7,1248,helmet_on_head,177499,0.995106752,CANONICAL_RLE,1,0,True,0.986052,0.984979,177893,1445,1051,0.00222,0.986052,HIGH_QUALITY_MASK,UNATTRIBUTED,0.998186,0.986052,0.928639
k9xkkgvQEhZ5r4UBzBLi,1324,person,151391,0.9924221,CANONICAL_RLE,1,0,True,0.446878,0.553823,310409,167779,8761,1.050379,0.446878,LOW_OVERLAP_MASK,OVERSEGMENTATION,0.0,0.446878,0.0
k9xkkgvQEhZ5r4UBzBLi,1325,person,213311,0.992119735,CANONICAL_RLE,1,2,True,0.802985,0.919746,215401,24468,22378,0.009798,0.802985,HIGH_QUALITY_MASK,UNATTRIBUTED,0.0,0.802985,0.0
lSb8IK6pm0WEKyASISFH,1426,vest_on_body,75409,0.99261978,CANONICAL_RLE,4,1,True,0.972523,0.979116,75775,1236,870,0.004854,0.972523,HIGH_QUALITY_MASK,UNATTRIBUTED,1.0,0.972523,1.0
lSb8IK6pm0WEKyASISFH,1427,helmet_on_head,9731,0.983713355,CANONICAL_RLE,1,0,True,0.946031,0.914268,10101,460,90,0.038023,0.946031,HIGH_QUALITY_MASK,UNATTRIBUTED,0.991265,0.946031,0.588889
lSb8IK6pm0WEKyASISFH,1428,person,161040,0.990928584,CANONICAL_RLE,1,2,True,0.432328,0.902528,75360,4006,89686,-0.532042,0.432328,LOW_OVERLAP_MASK,UNDERSEGMENTATION,0.528161,0.878172,0.941786
nTcgBq8KIfwkvtofPfOw,1505,vest_on_body,118622,0.981523808,CANONICAL_RLE,6,2,True,0.766922,0.958785,118059,15329,15892,-0.004746,0.766922,HIGH_QUALITY_MASK,UNATTRIBUTED,0.995709,0.766922,0.994777
nTcgBq8KIfwkvtofPfOw,1506,vest_on_body,55660,0.975980288,CANONICAL_RLE,5,0,True,0.830512,0.919476,65670,10622,612,0.179842,0.830512,HIGH_QUALITY_MASK,UNATTRIBUTED,0.991718,0.830512,0.931373
nTcgBq8KIfwkvtofPfOw,1507,person,210862,0.992849958,CANONICAL_RLE,1,2,True,0.287501,0.698819,100864,31255,141253,-0.521659,0.287501,LOW_OVERLAP_MASK,UNDERSEGMENTATION,0.63404,0.632743,0.942132
nTcgBq8KIfwkvtofPfOw,1508,person,156552,0.992727712,CANONICAL_RLE,1,2,True,0.48265,0.464194,81867,4254,78939,-0.477062,0.48265,LOW_OVERLAP_MASK,UNDERSEGMENTATION,0.436353,0.827555,0.857966
nTcgBq8KIfwkvtofPfOw,1509,helmet_on_head,15908,0.982066131,CANONICAL_RLE,1,0,True,0.936682,0.807936,15749,438,597,-0.009995,0.936682,HIGH_QUALITY_MASK,UNATTRIBUTED,0.979507,0.936682,0.867672
nTcgBq8KIfwkvtofPfOw,1510,helmet_on_head,13595,0.983770015,CANONICAL_RLE,1,0,True,0.932924,0.94638,14127,747,215,0.039132,0.932924,HIGH_QUALITY_MASK,UNATTRIBUTED,0.964546,0.932924,0.362791
nXwfWz2We6dOnsyzeEno,1511,helmet_on_head,11122,0.979194452,CANONICAL_RLE,1,0,False,0.0,,,,,,0.0,DETECTION_MISS,UNATTRIBUTED,0.993257,0.0,
nXwfWz2We6dOnsyzeEno,1512,helmet_on_head,2342,0.936205468,CANONICAL_RLE,1,0,False,0.0,,,,,,0.0,DETECTION_MISS,UNATTRIBUTED,0.88386,0.0,
nXwfWz2We6dOnsyzeEno,1513,helmet_on_head,3730,0.967087941,CANONICAL_RLE,1,0,False,0.0,,,,,,0.0,DETECTION_MISS,UNATTRIBUTED,0.003753,0.0,
nXwfWz2We6dOnsyzeEno,1514,helmet_on_head,11514,0.972716387,CANONICAL_RLE,3,0,False,0.0,,,,,,0.0,DETECTION_MISS,UNATTRIBUTED,0.970123,0.0,
nXwfWz2We6dOnsyzeEno,1515,helmet_on_head,4934,0.957176844,CANONICAL_RLE,1,0,False,0.0,,,,,,0.0,DETECTION_MISS,UNATTRIBUTED,0.829145,0.0,
nXwfWz2We6dOnsyzeEno,1516,helmet_on_head,12758,0.984653735,CANONICAL_RLE,1,0,True,0.796129,0.466252,10439,157,2476,-0.181768,0.796129,HIGH_QUALITY_MASK,UNATTRIBUTED,0.986518,0.796129,0.940226
nXwfWz2We6dOnsyzeEno,1517,helmet_on_head,20915,0.981424588,CANONICAL_RLE,2,0,False,0.0,,,,,,0.0,DETECTION_MISS,UNATTRIBUTED,0.989481,0.0,
nXwfWz2We6dOnsyzeEno,1518,helmet_on_head,8513,0.969995366,CANONICAL_RLE,2,0,True,0.660681,0.623251,7300,1009,2222,-0.142488,0.660681,MODERATE_MASK,BOUNDARY_ERROR,0.977799,0.660681,0.937894
nXwfWz2We6dOnsyzeEno,1519,helmet_on_head,10046,0.971836534,CANONICAL_RLE,1,0,False,0.0,,,,,,0.0,DETECTION_MISS,UNATTRIBUTED,0.999502,0.0,
nXwfWz2We6dOnsyzeEno,1520,helmet_on_head,5671,0.954990551,CANONICAL_RLE,1,0,False,0.0,,,,,,0.0,DETECTION_MISS,UNATTRIBUTED,0.018163,0.0,
nXwfWz2We6dOnsyzeEno,1521,helmet_on_head,6694,0.969728141,CANONICAL_RLE,1,0,False,0.0,,,,,,0.0,DETECTION_MISS,UNATTRIBUTED,0.982522,0.0,
nXwfWz2We6dOnsyzeEno,1522,person,171908,0.985897982,CANONICAL_RLE,2,3,True,0.560731,0.531724,180299,53760,45369,0.048811,0.560731,MODERATE_MASK,BOUNDARY_ERROR,0.120384,0.603762,0.417884
nXwfWz2We6dOnsyzeEno,1523,person,23966,0.938657132,CANONICAL_RLE,16,0,False,0.0,,,,,,0.0,DETECTION_MISS,UNATTRIBUTED,0.461696,0.0,
nXwfWz2We6dOnsyzeEno,1524,person,118873,0.987668452,CANONICAL_RLE,1,2,True,0.829314,0.907897,127285,15690,7278,0.070765,0.829314,HIGH_QUALITY_MASK,UNATTRIBUTED,0.070024,0.84691,0.795411
nXwfWz2We6dOnsyzeEno,1525,person,2102,0.947614593,CANONICAL_RLE,1,0,False,0.0,,,,,,0.0,DETECTION_MISS,UNATTRIBUTED,0.0,0.0,
nXwfWz2We6dOnsyzeEno,1526,person,84442,0.974968289,CANONICAL_RLE,7,0,False,0.0,,,,,,0.0,DETECTION_MISS,UNATTRIBUTED,0.159459,0.0,
nXwfWz2We6dOnsyzeEno,1527,person,76640,0.975875416,CANONICAL_RLE,15,0,True,0.248678,0.768789,280467,209348,5521,2.659538,0.248678,LOW_OVERLAP_MASK,OVERSEGMENTATION,0.053653,0.246874,0.522369
nXwfWz2We6dOnsyzeEno,1528,person,11326,0.902484878,CANONICAL_RLE,4,0,True,0.799726,0.611385,9666,338,1998,-0.146565,0.799726,HIGH_QUALITY_MASK,UNATTRIBUTED,0.886544,0.013981,0.432432
nXwfWz2We6dOnsyzeEno,1529,person,1703,0.951484018,CANONICAL_RLE,1,0,False,0.0,,,,,,0.0,DETECTION_MISS,UNATTRIBUTED,0.0,0.0,
nXwfWz2We6dOnsyzeEno,1530,person,53667,0.976070413,CANONICAL_RLE,16,0,True,0.457367,0.92214,97035,49740,6372,0.808094,0.457367,LOW_OVERLAP_MASK,OVERSEGMENTATION,0.23452,0.417141,0.933145
nXwfWz2We6dOnsyzeEno,1531,person,8770,0.967864741,CANONICAL_RLE,3,0,True,0.518041,0.320814,9363,3175,2582,0.067617,0.518041,MODERATE_MASK,BOUNDARY_ERROR,0.0,0.518041,0.0
nXwfWz2We6dOnsyzeEno,1532,person,6293,0.960489182,CANONICAL_RLE,1,0,True,0.638466,0.495008,6179,1319,1433,-0.018115,0.638466,MODERATE_MASK,BOUNDARY_ERROR,0.0,0.638466,0.0
nXwfWz2We6dOnsyzeEno,1533,person,20286,0.918755522,CANONICAL_RLE,16,2,False,0.0,,,,,,0.0,DETECTION_MISS,UNATTRIBUTED,0.103963,0.0,
nXwfWz2We6dOnsyzeEno,1534,person,10802,0.970177839,CANONICAL_RLE,1,0,False,0.0,,,,,,0.0,DETECTION_MISS,UNATTRIBUTED,0.60748,0.0,
nXwfWz2We6dOnsyzeEno,1535,person,21816,0.950748708,CANONICAL_RLE,2,4,False,0.0,,,,,,0.0,DETECTION_MISS,UNATTRIBUTED,0.302164,0.0,
naWKv1VFkDVnpPnS59Bf,1536,person,24195,0.986379578,CANONICAL_POLYGON,1,0,True,0.544778,0.326009,16927,2425,9693,-0.300393,0.544778,MODERATE_MASK,UNDERSEGMENTATION,0.0,0.544778,0.0
o0SiQwUZ5uRlCXASCtiR,1550,person,336046,0.994465278,CANONICAL_POLYGON,1,0,True,0.552264,0.872791,189158,2301,149189,-0.437107,0.552264,MODERATE_MASK,UNDERSEGMENTATION,0.356457,0.851486,0.80018
o0SiQwUZ5uRlCXASCtiR,1551,vest_on_body,120937,0.988503199,CANONICAL_RLE,3,0,True,0.948436,0.587172,119689,2560,3808,-0.010319,0.948436,HIGH_QUALITY_MASK,UNATTRIBUTED,0.990483,0.948436,0.832195
pMftFzW2M3bmHHBJOTG2,1658,person,88591,0.980366842,CANONICAL_RLE,2,5,True,0.60896,0.943993,80131,16273,24733,-0.095495,0.60896,MODERATE_MASK,BOUNDARY_ERROR,0.0,0.60896,0.0
pMftFzW2M3bmHHBJOTG2,1659,person,15691,0.979977333,CANONICAL_RLE,1,0,False,0.0,,,,,,0.0,DETECTION_MISS,UNATTRIBUTED,0.0,0.0,
pMftFzW2M3bmHHBJOTG2,1660,person,43997,0.987281542,CANONICAL_RLE,2,2,True,0.846766,0.741505,45115,4256,3138,0.025411,0.846766,HIGH_QUALITY_MASK,UNATTRIBUTED,0.0,0.846766,0.0
pMftFzW2M3bmHHBJOTG2,1661,person,8884,0.965368444,CANONICAL_RLE,1,0,True,0.664878,0.82211,7560,993,2317,-0.149032,0.664878,MODERATE_MASK,BOUNDARY_ERROR,0.0,0.664878,0.0
pMftFzW2M3bmHHBJOTG2,1662,person,13723,0.979929501,CANONICAL_RLE,1,0,True,0.808077,0.806319,11930,465,2258,-0.130657,0.808077,HIGH_QUALITY_MASK,UNATTRIBUTED,0.0,0.808077,0.0
pMftFzW2M3bmHHBJOTG2,1663,person,82496,0.989593496,CANONICAL_RLE,2,0,True,0.863705,0.863104,76273,2694,8917,-0.075434,0.863705,HIGH_QUALITY_MASK,UNATTRIBUTED,0.0,0.863705,0.0
pMftFzW2M3bmHHBJOTG2,1664,person,10026,0.982049512,CANONICAL_RLE,1,0,True,0.736166,0.637107,7827,257,2456,-0.21933,0.736166,MODERATE_MASK,BOUNDARY_ERROR,0.0,0.736166,0.0
qm0fl8ee3HpSLSCrrqDG,1695,vest_on_body,212863,0.99463906,CANONICAL_POLYGON,1,0,True,0.856057,0.912177,191182,4827,26508,-0.101854,0.856057,HIGH_QUALITY_MASK,UNATTRIBUTED,0.999826,0.856057,0.999246
qm0fl8ee3HpSLSCrrqDG,1696,person,430075,0.996196168,CANONICAL_POLYGON,1,0,True,0.495953,0.917168,219990,4474,214559,-0.488485,0.495953,LOW_OVERLAP_MASK,UNDERSEGMENTATION,0.494858,0.797414,0.891545
qm0fl8ee3HpSLSCrrqDG,1697,vest_on_body,27577,0.984502214,CANONICAL_POLYGON,1,0,True,0.462876,0.285143,42821,20546,5302,0.552779,0.462876,LOW_OVERLAP_MASK,OVERSEGMENTATION,0.999964,0.462876,1.0
qm0fl8ee3HpSLSCrrqDG,1698,person,79704,0.993281647,CANONICAL_POLYGON,1,0,True,0.538793,0.724542,55639,8250,32315,-0.30193,0.538793,MODERATE_MASK,UNDERSEGMENTATION,0.34598,0.588242,0.622033
rYhDjwrXPlmdX7ft3uh3,1744,vest_on_body,155754,0.99489675,CANONICAL_RLE,1,0,True,0.810706,0.845325,134417,4499,25836,-0.136992,0.810706,HIGH_QUALITY_MASK,UNATTRIBUTED,1.0,0.810706,1.0
rYhDjwrXPlmdX7ft3uh3,1745,person,301313,0.991377887,CANONICAL_RLE,3,0,True,0.418616,0.849079,138895,8995,171413,-0.539034,0.418616,LOW_OVERLAP_MASK,UNDERSEGMENTATION,0.589261,0.694271,0.905894
rYhDjwrXPlmdX7ft3uh3,1746,helmet_on_head,22224,0.987769495,CANONICAL_RLE,1,0,True,0.881934,0.881312,24830,2779,173,0.117261,0.881934,HIGH_QUALITY_MASK,UNATTRIBUTED,0.980832,0.881934,0.265896
sCBw5cHMoREKazVjQfkj,1772,helmet_loose,62823,0.994961658,CANONICAL_POLYGON,1,0,True,0.961687,0.963592,64567,2116,372,0.027761,0.961687,HIGH_QUALITY_MASK,UNATTRIBUTED,0.0,0.961687,0.0
sCBw5cHMoREKazVjQfkj,1773,helmet_loose,82458,0.994486403,CANONICAL_POLYGON,1,0,True,0.944685,0.981482,86539,4444,363,0.049492,0.944685,HIGH_QUALITY_MASK,UNATTRIBUTED,0.0,0.944685,0.0
sCBw5cHMoREKazVjQfkj,1774,helmet_loose,69120,0.993544491,CANONICAL_POLYGON,1,0,True,0.970688,0.977824,70454,1705,371,0.0193,0.970688,HIGH_QUALITY_MASK,UNATTRIBUTED,0.0,0.970505,0.0
sCBw5cHMoREKazVjQfkj,1775,helmet_loose,74887,0.994263405,CANONICAL_POLYGON,1,0,True,0.949275,0.980511,76135,2589,1341,0.016665,0.949275,HIGH_QUALITY_MASK,UNATTRIBUTED,0.0,0.949642,0.0
sCBw5cHMoREKazVjQfkj,1776,helmet_loose,78416,0.992869085,CANONICAL_POLYGON,1,0,True,0.937821,0.968817,80183,3428,1661,0.022534,0.937821,HIGH_QUALITY_MASK,UNATTRIBUTED,0.0,0.937821,0.0
sCBw5cHMoREKazVjQfkj,1777,helmet_loose,73186,0.9925942,CANONICAL_POLYGON,1,0,True,0.958084,0.929744,73823,1892,1255,0.008704,0.958084,HIGH_QUALITY_MASK,UNATTRIBUTED,0.0,0.958084,0.0
sCBw5cHMoREKazVjQfkj,1778,helmet_loose,76169,0.994280342,CANONICAL_POLYGON,1,0,True,0.962023,0.975548,76808,1800,1161,0.008389,0.962023,HIGH_QUALITY_MASK,UNATTRIBUTED,0.0,0.962023,0.0
sCBw5cHMoREKazVjQfkj,1779,helmet_loose,67110,0.995710066,CANONICAL_POLYGON,1,0,True,0.921783,0.965822,71120,4818,808,0.059753,0.921783,HIGH_QUALITY_MASK,UNATTRIBUTED,0.0,0.921725,0.0
sCBw5cHMoREKazVjQfkj,1780,helmet_loose,64556,0.993868055,CANONICAL_POLYGON,1,0,True,0.954976,0.956394,66576,2520,500,0.031291,0.954976,HIGH_QUALITY_MASK,UNATTRIBUTED,0.0,0.954976,0.0
sCBw5cHMoREKazVjQfkj,1781,helmet_loose,67510,0.996132442,CANONICAL_POLYGON,1,0,True,0.955448,0.981477,69518,2565,557,0.029744,0.955448,HIGH_QUALITY_MASK,UNATTRIBUTED,0.0,0.954991,0.0
sCBw5cHMoREKazVjQfkj,1782,helmet_loose,80956,0.991971662,CANONICAL_POLYGON,1,0,True,0.930082,0.982775,83734,4372,1594,0.034315,0.930082,HIGH_QUALITY_MASK,UNATTRIBUTED,0.0,0.93005,0.0
sCBw5cHMoREKazVjQfkj,1783,helmet_loose,69751,0.993969978,CANONICAL_POLYGON,1,0,True,0.958334,0.962199,70828,2034,957,0.015441,0.958334,HIGH_QUALITY_MASK,UNATTRIBUTED,0.0,0.958334,0.0
sCBw5cHMoREKazVjQfkj,1784,helmet_loose,73665,0.991800189,CANONICAL_POLYGON,1,0,True,0.938208,0.969154,75484,3287,1468,0.024693,0.938208,HIGH_QUALITY_MASK,UNATTRIBUTED,0.0,0.938208,0.0
sCBw5cHMoREKazVjQfkj,1785,helmet_loose,72125,0.993688591,CANONICAL_POLYGON,1,0,True,0.960103,0.988464,74426,2642,341,0.031903,0.960103,HIGH_QUALITY_MASK,UNATTRIBUTED,0.0,0.960103,0.0
sCBw5cHMoREKazVjQfkj,1786,helmet_loose,50369,0.995729706,CANONICAL_POLYGON,1,0,True,0.958596,0.979356,51903,1848,314,0.030455,0.958596,HIGH_QUALITY_MASK,UNATTRIBUTED,0.0,0.958596,0.0
sCBw5cHMoREKazVjQfkj,1787,helmet_loose,80032,0.994852219,CANONICAL_POLYGON,1,0,True,0.950639,0.961919,82505,3293,820,0.0309,0.950639,HIGH_QUALITY_MASK,UNATTRIBUTED,0.0,0.945334,0.0
sCBw5cHMoREKazVjQfkj,1788,helmet_loose,71593,0.993930556,CANONICAL_POLYGON,1,0,True,0.965877,0.970459,72838,1876,631,0.01739,0.965877,HIGH_QUALITY_MASK,UNATTRIBUTED,0.0,0.965877,0.0
sCBw5cHMoREKazVjQfkj,1789,helmet_loose,48774,0.99441261,CANONICAL_POLYGON,1,0,True,0.975213,0.979864,48683,566,657,-0.001866,0.975213,HIGH_QUALITY_MASK,UNATTRIBUTED,0.0,0.975213,0.0
sCBw5cHMoREKazVjQfkj,1790,helmet_loose,43904,0.993100484,CANONICAL_POLYGON,1,0,True,0.968846,0.972803,44952,1227,179,0.02387,0.968846,HIGH_QUALITY_MASK,UNATTRIBUTED,0.0,0.968846,0.0
sCBw5cHMoREKazVjQfkj,1791,helmet_loose,55302,0.992425738,CANONICAL_POLYGON,1,0,True,0.974852,0.930249,55659,885,528,0.006455,0.974852,HIGH_QUALITY_MASK,UNATTRIBUTED,0.0,0.974852,0.0
sCBw5cHMoREKazVjQfkj,1792,helmet_loose,32665,0.996064794,CANONICAL_POLYGON,1,0,True,0.951962,0.904135,33690,1329,304,0.031379,0.951962,HIGH_QUALITY_MASK,UNATTRIBUTED,0.0,0.951962,0.0
sCBw5cHMoREKazVjQfkj,1793,helmet_loose,42671,0.994313415,CANONICAL_POLYGON,1,0,True,0.971212,0.974947,41551,55,1175,-0.026247,0.971212,HIGH_QUALITY_MASK,UNATTRIBUTED,0.0,0.971212,0.0
sCBw5cHMoREKazVjQfkj,1794,helmet_loose,56630,0.994380444,CANONICAL_POLYGON,1,0,True,0.957856,0.954565,58907,2382,105,0.040208,0.957856,HIGH_QUALITY_MASK,UNATTRIBUTED,0.0,0.957636,0.0
sCBw5cHMoREKazVjQfkj,1795,helmet_loose,48145,0.99278157,CANONICAL_POLYGON,1,0,True,0.947191,0.975314,49051,1771,865,0.018818,0.947191,HIGH_QUALITY_MASK,UNATTRIBUTED,0.0,0.947191,0.0
sCBw5cHMoREKazVjQfkj,1796,helmet_loose,69140,0.993301518,CANONICAL_POLYGON,1,0,True,0.910304,0.939905,74725,6170,585,0.080778,0.910304,HIGH_QUALITY_MASK,UNATTRIBUTED,0.0,0.910304,0.0
sCBw5cHMoREKazVjQfkj,1797,helmet_loose,31245,0.99414423,CANONICAL_POLYGON,1,0,True,0.911587,0.986293,34137,2958,66,0.092559,0.911587,HIGH_QUALITY_MASK,UNATTRIBUTED,0.0,0.911587,0.0
sCBw5cHMoREKazVjQfkj,1798,helmet_loose,25780,0.991565569,CANONICAL_POLYGON,1,0,True,0.931557,0.968375,27502,1805,83,0.066796,0.931557,HIGH_QUALITY_MASK,UNATTRIBUTED,0.0,0.931557,0.0
sCBw5cHMoREKazVjQfkj,1799,helmet_loose,77213,0.993896157,CANONICAL_POLYGON,1,0,True,0.933081,0.971508,77708,2929,2434,0.006411,0.933081,HIGH_QUALITY_MASK,UNATTRIBUTED,0.0,0.933081,0.0
sCBw5cHMoREKazVjQfkj,1800,helmet_loose,18958,0.99173251,CANONICAL_POLYGON,1,0,True,0.894126,0.860032,21188,2237,7,0.117628,0.894126,HIGH_QUALITY_MASK,UNATTRIBUTED,0.0,0.894126,0.0
sCBw5cHMoREKazVjQfkj,1801,helmet_loose,29001,0.992401424,CANONICAL_POLYGON,1,0,True,0.944512,0.95442,29803,1240,438,0.027654,0.944512,HIGH_QUALITY_MASK,UNATTRIBUTED,0.0,0.944413,0.0
sCBw5cHMoREKazVjQfkj,1802,helmet_loose,11351,0.992389783,CANONICAL_POLYGON,1,0,True,0.946998,0.915129,11865,573,59,0.045282,0.946998,HIGH_QUALITY_MASK,UNATTRIBUTED,0.0,0.946998,0.0
sCBw5cHMoREKazVjQfkj,1803,helmet_loose,28194,0.991071115,CANONICAL_POLYGON,1,0,True,0.933651,0.589422,28199,970,965,0.000177,0.933651,HIGH_QUALITY_MASK,UNATTRIBUTED,0.0,0.933651,0.0
sCBw5cHMoREKazVjQfkj,1804,helmet_loose,29146,0.990145105,CANONICAL_POLYGON,1,0,True,0.870856,0.838862,28018,1409,2537,-0.038702,0.870856,HIGH_QUALITY_MASK,UNATTRIBUTED,0.0,0.870856,0.0
sCBw5cHMoREKazVjQfkj,1805,helmet_loose,24620,0.993456925,CANONICAL_POLYGON,1,0,True,0.875023,0.292151,26105,2433,948,0.060317,0.875023,HIGH_QUALITY_MASK,UNATTRIBUTED,0.0,0.875023,0.0
sCBw5cHMoREKazVjQfkj,1806,helmet_loose,9398,0.983027763,CANONICAL_POLYGON,1,0,True,0.954907,0.866617,9547,293,144,0.015854,0.954907,HIGH_QUALITY_MASK,UNATTRIBUTED,0.0,0.954907,0.0
t92NygAuu8S9QMcR2Neh,1825,helmet_loose,190168,0.994683222,CANONICAL_RLE,1,0,True,0.916441,0.886811,204134,15579,1613,0.07344,0.916441,HIGH_QUALITY_MASK,UNATTRIBUTED,0.0,0.916441,0.0
u4uGaDsy2tThEpOEs5TM,1840,vest_on_body,12573,0.981579155,CANONICAL_RLE,1,0,True,0.874956,0.94716,13832,1510,251,0.100135,0.874956,HIGH_QUALITY_MASK,UNATTRIBUTED,1.0,0.874956,1.0
u4uGaDsy2tThEpOEs5TM,1841,vest_on_body,5113,0.956720686,CANONICAL_RLE,3,1,False,0.0,,,,,,0.0,DETECTION_MISS,UNATTRIBUTED,0.990612,0.0,
u4uGaDsy2tThEpOEs5TM,1842,vest_on_body,4878,0.961133603,CANONICAL_RLE,1,0,True,0.892647,0.869681,5418,562,22,0.110701,0.892647,HIGH_QUALITY_MASK,UNATTRIBUTED,1.0,0.892647,1.0
u4uGaDsy2tThEpOEs5TM,1843,vest_on_body,4392,0.924389717,CANONICAL_RLE,7,0,True,0.370673,0.729749,11209,6990,173,1.55214,0.370673,LOW_OVERLAP_MASK,OVERSEGMENTATION,0.995219,0.370673,0.953757
u4uGaDsy2tThEpOEs5TM,1844,person,23443,0.9813384,CANONICAL_RLE,1,0,True,0.495132,0.805726,13877,1518,11084,-0.408054,0.495132,LOW_OVERLAP_MASK,UNDERSEGMENTATION,0.186452,0.529737,0.308733
u4uGaDsy2tThEpOEs5TM,1845,person,33232,0.978182683,CANONICAL_RLE,1,0,True,0.332807,0.908415,24200,9859,18891,-0.271786,0.332807,LOW_OVERLAP_MASK,UNDERSEGMENTATION,0.443127,0.501125,0.775978
u4uGaDsy2tThEpOEs5TM,1846,person,12135,0.969444444,CANONICAL_RLE,1,0,True,0.41765,0.435908,6001,658,6792,-0.50548,0.41765,LOW_OVERLAP_MASK,UNDERSEGMENTATION,0.475072,0.724902,0.827591
u4uGaDsy2tThEpOEs5TM,1847,person,16884,0.965883377,CANONICAL_RLE,3,0,True,0.092158,0.321666,6972,4959,14871,-0.587065,0.092158,LOW_OVERLAP_MASK,UNDERSEGMENTATION,0.390843,0.109775,0.423173
u4uGaDsy2tThEpOEs5TM,1848,helmet_on_head,1552,0.970867638,CANONICAL_RLE,1,0,True,0.881065,0.715725,1627,138,63,0.048325,0.881065,HIGH_QUALITY_MASK,UNATTRIBUTED,0.998067,0.881065,0.968254
u4uGaDsy2tThEpOEs5TM,1849,helmet_on_head,913,0.948220065,CANONICAL_RLE,1,0,True,0.70798,0.402624,1099,265,79,0.203724,0.70798,MODERATE_MASK,BOUNDARY_ERROR;TINY_MASK_ASSOCIATED,0.971522,0.70798,0.797468
u4uGaDsy2tThEpOEs5TM,1850,helmet_on_head,2171,0.957341715,CANONICAL_RLE,1,0,True,0.867406,0.901534,2378,265,58,0.095348,0.867406,HIGH_QUALITY_MASK,UNATTRIBUTED,0.982957,0.867406,0.775862
wS4knG95ig6T2ZEozbZe,1910,helmet_loose,36102,0.986878434,CANONICAL_POLYGON,1,0,True,0.90407,0.905468,35948,1738,1892,-0.004266,0.90407,HIGH_QUALITY_MASK,UNATTRIBUTED,0.0,0.90407,0.0
wS4knG95ig6T2ZEozbZe,1911,helmet_loose,22869,0.988536575,CANONICAL_POLYGON,1,0,True,0.931316,0.774517,23724,1256,401,0.037387,0.931316,HIGH_QUALITY_MASK,UNATTRIBUTED,0.0,0.931316,0.0
wS4knG95ig6T2ZEozbZe,1912,helmet_loose,20919,0.990847007,CANONICAL_POLYGON,1,0,False,0.0,,,,,,0.0,DETECTION_MISS,UNATTRIBUTED,0.0,0.0,
wS4knG95ig6T2ZEozbZe,1913,helmet_loose,19369,0.981702063,CANONICAL_POLYGON,1,0,False,0.0,,,,,,0.0,DETECTION_MISS,UNATTRIBUTED,0.0,0.0,
wS4knG95ig6T2ZEozbZe,1914,helmet_loose,11319,0.982712188,CANONICAL_POLYGON,1,0,False,0.0,,,,,,0.0,DETECTION_MISS,UNATTRIBUTED,0.0,0.0,
wS4knG95ig6T2ZEozbZe,1915,helmet_loose,11534,0.979829787,CANONICAL_POLYGON,1,0,False,0.0,,,,,,0.0,DETECTION_MISS,UNATTRIBUTED,0.0,0.0,
wS4knG95ig6T2ZEozbZe,1916,helmet_loose,32764,0.989600653,CANONICAL_POLYGON,1,0,True,0.936036,0.806191,33704,1568,628,0.02869,0.936036,HIGH_QUALITY_MASK,UNATTRIBUTED,0.0,0.936036,0.0
wS4knG95ig6T2ZEozbZe,1917,helmet_loose,60082,0.990987868,CANONICAL_POLYGON,1,0,True,0.960647,0.934023,61784,2074,372,0.028328,0.960647,HIGH_QUALITY_MASK,UNATTRIBUTED,0.0,0.960647,0.0
wS4knG95ig6T2ZEozbZe,1918,helmet_loose,10855,0.9837627,CANONICAL_POLYGON,1,0,True,0.872791,0.2952,12141,1424,138,0.118471,0.872791,HIGH_QUALITY_MASK,UNATTRIBUTED,0.0,0.872791,0.0
wfDgURKw6U5nt33bmej0,1921,person,2127742,0.998660832,CANONICAL_POLYGON,1,0,True,0.870415,0.962343,1875076,12327,264993,-0.118748,0.870415,HIGH_QUALITY_MASK,UNATTRIBUTED,0.115505,0.982997,0.926194
wfDgURKw6U5nt33bmej0,1922,helmet_on_head,250637,0.995870298,CANONICAL_POLYGON,1,0,True,0.945637,0.97265,260085,11859,2411,0.037696,0.945637,HIGH_QUALITY_MASK,UNATTRIBUTED,0.980558,0.945637,0.678971
xEWKVpjbfnBH9kQEaUbB,1950,person,2722,0.965305385,CANONICAL_RLE,1,0,False,0.0,,,,,,0.0,DETECTION_MISS,UNATTRIBUTED,0.0,0.0,
xEWKVpjbfnBH9kQEaUbB,1951,person,2794,0.92053206,CANONICAL_RLE,2,0,True,0.261549,0.529348,6655,4696,835,1.38189,0.261549,LOW_OVERLAP_MASK,OVERSEGMENTATION,0.0,0.185856,0.0
xEWKVpjbfnBH9kQEaUbB,1952,person,758,0.899873257,CANONICAL_RLE,1,0,False,0.0,,,,,,0.0,DETECTION_MISS,TINY_MASK_ASSOCIATED;ADAPTER_FIDELITY_RISK,0.0,0.0,
xEWKVpjbfnBH9kQEaUbB,1953,person,1285,0.913461538,CANONICAL_RLE,1,0,False,0.0,,,,,,0.0,DETECTION_MISS,UNATTRIBUTED,0.0,0.0,
xEWKVpjbfnBH9kQEaUbB,1954,person,2601,0.94728972,CANONICAL_RLE,1,0,False,0.0,,,,,,0.0,DETECTION_MISS,UNATTRIBUTED,0.0,0.0,
xEWKVpjbfnBH9kQEaUbB,1955,person,1264,0.912462908,CANONICAL_RLE,2,0,True,0.51796,0.332049,849,128,543,-0.328323,0.51796,MODERATE_MASK,UNDERSEGMENTATION,0.0,0.51796,0.0
xEWKVpjbfnBH9kQEaUbB,1956,person,10201,0.978349515,CANONICAL_RLE,1,0,True,0.833813,0.913275,12078,1948,71,0.184002,0.833813,HIGH_QUALITY_MASK,UNATTRIBUTED,0.0,0.833813,0.0
xEWKVpjbfnBH9kQEaUbB,1957,person,2494,0.939511439,CANONICAL_RLE,1,0,True,0.72473,0.729264,2932,652,214,0.175621,0.72473,MODERATE_MASK,BOUNDARY_ERROR,0.0,0.72473,0.0
xEWKVpjbfnBH9kQEaUbB,1958,person,1100,0.917606245,CANONICAL_RLE,1,0,False,0.0,,,,,,0.0,DETECTION_MISS,UNATTRIBUTED,0.0,0.0,
xEWKVpjbfnBH9kQEaUbB,1959,person,1665,0.88876591,CANONICAL_RLE,5,0,True,0.307059,0.920591,5316,3676,25,2.192793,0.307059,LOW_OVERLAP_MASK,OVERSEGMENTATION;ADAPTER_FIDELITY_RISK,0.0,0.11958,0.0
xEWKVpjbfnBH9kQEaUbB,1960,person,4009,0.934254407,CANONICAL_RLE,2,1,True,0.302374,0.897981,13056,9094,47,2.256672,0.302374,LOW_OVERLAP_MASK,OVERSEGMENTATION,0.0,0.302374,0.0
xEWKVpjbfnBH9kQEaUbB,1961,person,784,0.91097561,CANONICAL_RLE,1,0,False,0.0,,,,,,0.0,DETECTION_MISS,TINY_MASK_ASSOCIATED,0.0,0.0,
xEWKVpjbfnBH9kQEaUbB,1962,person,224,0.904958678,CANONICAL_RLE,1,0,False,0.0,,,,,,0.0,DETECTION_MISS,TINY_MASK_ASSOCIATED,0.0,0.0,
xEWKVpjbfnBH9kQEaUbB,1963,person,1005,0.943579767,CANONICAL_RLE,1,0,False,0.0,,,,,,0.0,DETECTION_MISS,TINY_MASK_ASSOCIATED,0.0,0.0,
xEWKVpjbfnBH9kQEaUbB,1964,person,1025,0.927289896,CANONICAL_RLE,1,0,False,0.0,,,,,,0.0,DETECTION_MISS,UNATTRIBUTED,0.0,0.0,
xEWKVpjbfnBH9kQEaUbB,1965,person,1413,0.94254446,CANONICAL_RLE,1,0,True,0.74359,0.290453,1579,303,137,0.117481,0.74359,MODERATE_MASK,BOUNDARY_ERROR,0.0,0.74359,0.0
xEWKVpjbfnBH9kQEaUbB,1966,person,877,0.924861878,CANONICAL_RLE,1,0,False,0.0,,,,,,0.0,DETECTION_MISS,TINY_MASK_ASSOCIATED,0.0,0.0,
yE5PdkrjifxbV7QoD5xc,2011,person,65114,0.982575346,CANONICAL_POLYGON,2,0,True,0.851975,0.447315,60837,2895,7172,-0.065685,0.851975,HIGH_QUALITY_MASK,UNATTRIBUTED,0.0,0.851975,0.0
ywH2LFvRJto6sV68hk5v,2018,person,224795,0.993353133,CANONICAL_POLYGON,1,0,True,0.683189,0.9363,155705,1264,70354,-0.307347,0.683189,MODERATE_MASK,UNDERSEGMENTATION,0.284779,0.770921,0.672997
ywH2LFvRJto6sV68hk5v,2019,helmet_on_head,15419,0.982723448,CANONICAL_POLYGON,1,0,True,0.94859,0.922497,16154,784,49,0.047668,0.94859,HIGH_QUALITY_MASK,UNATTRIBUTED,0.98437,0.94859,0.489796
ywH2LFvRJto6sV68hk5v,2020,vest_on_body,40951,0.984033472,CANONICAL_POLYGON,1,0,True,0.412132,0.616685,69184,37041,8808,0.689434,0.412132,LOW_OVERLAP_MASK,OVERSEGMENTATION,0.985324,0.412132,0.950159
ywH2LFvRJto6sV68hk5v,2021,vest_on_body,8475,0.954792043,CANONICAL_POLYGON,1,0,False,0.0,,,,,,0.0,DETECTION_MISS,UNATTRIBUTED,0.988909,0.0,
ywH2LFvRJto6sV68hk5v,2022,vest_on_body,164,0.784688995,CANONICAL_POLYGON,1,0,False,0.0,,,,,,0.0,DETECTION_MISS,TINY_MASK_ASSOCIATED;ADAPTER_FIDELITY_RISK,0.658537,0.0,
