source_image_id,source_name,v4_split,v4_image_id_or_filename,v4_coco_image_id,mapping_method,mapping_confidence,is_augmented,candidates,selected_mae,rejected_mae,notes
0CHrBSJAmY24quC0QSYA,tu_px_09163_9227531.jpg,train,tu_px_09163_9227531_jpg.rf.bf462b3ed9af575ce31030f517cc3925.jpg,379,exact_name,high,false,2,1.9148,63.6844,pristine 1.91 vs augmented 63.68
0OEuk7X9WrM64hqQbedA,px_0011_28196526.jpg,train,px_0011_28196526_jpg.rf.7c1508b0b9aad8f57c68e3400460aa7c.jpg,311,exact_name,high,false,2,2.3173,70.9620,pristine 2.32 vs augmented 70.96
0Orp0pwbiOU0MIg0a28r,tu_px_09159_30572791.jpg,train,tu_px_09159_30572791_jpg.rf.289caf4df5f6315be0d2278aabc62b79.jpg,322,exact_name,high,false,2,2.2289,46.4554,pristine 2.23 vs augmented 46.46
0TCko19jiO1CcXl2vqsd,premium_photo-1663054541741-0276bdf1808b.jpg,train,premium_photo-1663054541741-0276bdf1808b_jpg.rf.1621ed0e55f5de2beaa6d54e48b9cab1.jpg,387,exact_name,high,false,2,2.7939,69.7194,pristine 2.79 vs augmented 69.72
0ajF0d1eniugei3qRqvl,px_0016_9258892.jpg,train,px_0016_9258892_jpg.rf.30b19624d6dd2044456ee9dd9454b8d7.jpg,415,exact_name,high,false,2,4.3838,84.0365,pristine 4.38 vs augmented 84.04
0ejTKqobP0Z7bG7iS1dF,premium_photo-1680658081728-5ed42001028d.jpg,train,premium_photo-1680658081728-5ed42001028d_jpg.rf.f3657a8924d527e860222cfc9aafea31.jpg,350,exact_name,high,false,2,2.1012,88.7629,pristine 2.10 vs augmented 88.76
0fMloNWonp8DEQff6L2n,photo-1581091212991-8891c7d4bd9b.jpg,train,photo-1581091212991-8891c7d4bd9b_jpg.rf.f92efe88766fbdd4d72a40aaaa25246c.jpg,414,exact_name,high,false,2,2.8735,46.0935,pristine 2.87 vs augmented 46.09
0g77gkQGLuqJIxRBDCMC,photo-1769422837020-ea7251eb708d.jpg,train,photo-1769422837020-ea7251eb708d_jpg.rf.d062a609d7b68e7f11bf75cc1f89502e.jpg,364,exact_name,high,false,2,0.7396,12.2215,pristine 0.74 vs augmented 12.22
0sRAfq8grYqMA2xuCHP6,premium_photo-1663090296504-9ac2d924744a.jpg,valid,premium_photo-1663090296504-9ac2d924744a_jpg.rf.695dcb30c6b2341e21d8cd96ecd7d8ab.jpg,1,exact_name,high,false,1,2.2575,,single export record; matches the deterministic re-render
0vIelRhK7EUfEcEMkBV0,photo-1694521787193-9293daeddbaa.jpg,train,photo-1694521787193-9293daeddbaa_jpg.rf.a8ba220150ef7c667c57660e1b1f9ab9.jpg,377,exact_name,high,false,2,2.1655,52.7120,pristine 2.17 vs augmented 52.71
1BVaqcupKpVSmlh5tncK,photo-1617118600610-dcdf743b3dfc.jpg,train,photo-1617118600610-dcdf743b3dfc_jpg.rf.09cef595092057cd851bcf621a9a1a84.jpg,381,exact_name,high,false,2,2.1292,85.4626,pristine 2.13 vs augmented 85.46
1XJO4jpZ1EjuFK7M5WzU,premium_photo-1721460167347-c25682fa8511.jpg,test,premium_photo-1721460167347-c25682fa8511_jpg.rf.3fcf7c053327154729a0910b46071db8.jpg,1,exact_name,high,false,1,1.4391,,single export record; matches the deterministic re-render
1dnS0NtMgQN35Eb4GNTe,photo-1777891733988-540ac2abbd40.jpg,train,photo-1777891733988-540ac2abbd40_jpg.rf.342da2f9ebe820dafc772bd326ff865f.jpg,417,exact_name,high,false,2,2.8166,50.3935,pristine 2.82 vs augmented 50.39
1zBF8eW6TRm4IBAb3Kwv,un_0197_fjYsdQIFPb0.jpg,train,un_0197_fjYsdQIFPb0_jpg.rf.440b552c41af650dce64ed0b4d081649.jpg,427,exact_name,high,false,2,4.9063,86.9295,pristine 4.91 vs augmented 86.93
2Qh4yEmcE64JRJXTM10C,tu_un_09116_8Z3yOkt2Pb4.jpg,train,tu_un_09116_8Z3yOkt2Pb4_jpg.rf.505a5748f7e2c3ab2ad6ddb131be5163.jpg,384,exact_name,high,false,2,1.8482,75.5951,pristine 1.85 vs augmented 75.60
2estUvSXu4usdh4plcAm,premium_photo-1661609600871-9cb2081d68f2.jpg,train,premium_photo-1661609600871-9cb2081d68f2_jpg.rf.a848efaf3b7ed89ba440d315608f9816.jpg,439,exact_name,high,false,2,2.9386,76.0439,pristine 2.94 vs augmented 76.04
2qD9FzEoqf4Rsihf6kf7,tu_px_09050_9733798.jpg,train,tu_px_09050_9733798_jpg.rf.19b48964628f8013dc1736509d7f9e2c.jpg,402,exact_name,high,false,2,2.0144,52.4091,pristine 2.01 vs augmented 52.41
35kJU6sOxBnL8qucfgHx,premium_photo-1725898345872-ee08c29fcd38.jpg,train,premium_photo-1725898345872-ee08c29fcd38_jpg.rf.1981c0c1c6244208a6bec7f71187bc2a.jpg,556,exact_name,high,false,2,2.7716,33.2508,pristine 2.77 vs augmented 33.25
3INKyAoeOEbPQKuxINbX,photo-1556033773-f4be30dd8eb2.jpg,train,photo-1556033773-f4be30dd8eb2_jpg.rf.86397f9578e86dc9ec4a800f2d6a85b5.jpg,479,exact_name,high,false,2,1.9684,53.2983,pristine 1.97 vs augmented 53.30
3LUOWEww9aCx2Cx4B38y,un_0126_6tAIO3pxde4.jpg,train,un_0126_6tAIO3pxde4_jpg.rf.30aeb602158dd53c822c833460a6a5f5.jpg,442,exact_name,high,false,2,3.3372,64.7625,pristine 3.34 vs augmented 64.76
3wdTWWyA3a9YrQ9EfLc9,photo-1622612023350-b15f063eabe6.jpg,train,photo-1622612023350-b15f063eabe6_jpg.rf.a31cece3270d8eb4740d42739b48f822.jpg,496,exact_name,high,false,2,1.4927,54.3007,pristine 1.49 vs augmented 54.30
4UEcuYsspsOsSV0XYgSR,photo-1617118600471-ecc90bdb4db0.jpg,valid,photo-1617118600471-ecc90bdb4db0_jpg.rf.9331196cac22c50f177b8596e4e79137.jpg,2,exact_name,high,false,1,1.8311,,single export record; matches the deterministic re-render
4XETInqs70Y4H9ry55k3,wm_0044_Špejchar_zastávka_linky_745.jpg,train,wm_0044_Spejchar_zastavka_linky_745_jpg.rf.13a8688c2a81074c3d1fc591f0deafe1.jpg,446,normalised_name,high,false,2,4.4897,65.1382,pristine 4.49 vs augmented 65.14
4ajEucaVD61th8hqHdux,un_0151_FPwuazVg4O8.jpg,train,un_0151_FPwuazVg4O8_jpg.rf.382942c10d0a9e750cf67b64430445b9.jpg,428,exact_name,high,false,2,2.6953,93.4632,pristine 2.70 vs augmented 93.46
4baqXpqm2eXB2CHZWkM9,photo-1606857521015-7f9fcf423740.jpg,train,photo-1606857521015-7f9fcf423740_jpg.rf.7920bdcc9f6fd71b9b35bfc0f833bcd8.jpg,485,exact_name,high,false,2,2.5762,70.3091,pristine 2.58 vs augmented 70.31
4ezyg6KhKI36ubNpMX1z,photo-1640236889867-2bf2c34f7d8f.jpg,train,photo-1640236889867-2bf2c34f7d8f_jpg.rf.a2d81e7604c298ca57b6e9fc6c9a717d.jpg,480,exact_name,high,false,2,2.9212,57.9966,pristine 2.92 vs augmented 58.00
5fj7MBBP6mq9NtLfV51m,un_0097_yh7VODxI0B0.jpg,train,un_0097_yh7VODxI0B0_jpg.rf.94ed0471e9f08cb4cf2a9ae1db6663b9.jpg,491,exact_name,high,false,2,1.5598,57.0089,pristine 1.56 vs augmented 57.01
5p4hDwmBcrn3EI04GmlA,px_0069_8486910.jpg,test,px_0069_8486910_jpg.rf.638f988c158fbf39b735782fc06abffc.jpg,13,exact_name,high,false,1,1.6802,,single export record; matches the deterministic re-render
5tvMIxMJkb5Hp9bD8hBw,un_0062_MaZONp3WA3g.jpg,train,un_0062_MaZONp3WA3g_jpg.rf.861f8e8241034e5b4bcead1e61cd0fe4.jpg,469,exact_name,high,false,2,1.8351,57.1956,pristine 1.84 vs augmented 57.20
5xqkoD8kcbQ7JWIll2KF,photo-1541888967080-c956a48eaad2.jpg,train,photo-1541888967080-c956a48eaad2_jpg.rf.6b83954ff8c527ce62394a7a50fca4ff.jpg,574,exact_name,high,false,2,3.5364,66.2522,pristine 3.54 vs augmented 66.25
5z8XJfD2gto4gT3gwPAK,photo-1775880303796-9276506c5395.jpg,test,photo-1775880303796-9276506c5395_jpg.rf.5f3d1599b75abb2e489443195578ac2b.jpg,20,exact_name,high,false,1,2.7424,,single export record; matches the deterministic re-render
60TqAIaOldetEAmBqqMX,photo-1707553031504-98d859ef2e16.jpg,test,photo-1707553031504-98d859ef2e16_jpg.rf.5a879bc25e97776258dba9a49af552dd.jpg,14,exact_name,high,false,1,1.3235,,single export record; matches the deterministic re-render
619mdz3TlcOedTGFv0za,photo-1591732706572-c023823375f8.jpg,valid,photo-1591732706572-c023823375f8_jpg.rf.c2620405db1f2296c40fbd9d8f57acf5.jpg,43,exact_name,high,false,1,1.5874,,single export record; matches the deterministic re-render
62UoaBv0beM5cBLCubmT,photo-1586528116311-ad8dd3c8310d.jpg,train,photo-1586528116311-ad8dd3c8310d_jpg.rf.fe7f852a08329d339b2c2c54bc915385.jpg,482,exact_name,high,false,2,6.3454,60.0505,pristine 6.35 vs augmented 60.05
66p9gzaQFGcmQA2v40Of,px_0121_15483292.jpg,train,px_0121_15483292_jpg.rf.9cf41d92dd44d81eebf53ecd31cdf0db.jpg,487,exact_name,high,false,2,2.6164,78.4447,pristine 2.62 vs augmented 78.44
6B8gSWbJYQFfVadXSWxT,photo-1640238489672-1a66c75709dc.jpg,train,photo-1640238489672-1a66c75709dc_jpg.rf.58e6340ff473196e85d04722fd81bdbe.jpg,530,exact_name,high,false,2,1.7312,69.6672,pristine 1.73 vs augmented 69.67
6R3F7WoZUjSohZEFSgXr,photo-1759405185723-02e6c84c9772.jpg,train,photo-1759405185723-02e6c84c9772_jpg.rf.ad788b17d928bd883ca323240796fee8.jpg,524,exact_name,high,false,2,2.0252,59.3833,pristine 2.03 vs augmented 59.38
6ZHpQueANukCh7UeL4s5,photo-1642325167576-8914f5f8ff77.jpg,valid,photo-1642325167576-8914f5f8ff77_jpg.rf.c31eb50949b5f3493a4f481479e8837c.jpg,24,exact_name,high,false,1,2.2887,,single export record; matches the deterministic re-render
6fMvy2k97BSY0a3P9Fbg,photo-1622675363311-3e1904dc1885.jpg,valid,photo-1622675363311-3e1904dc1885_jpg.rf.06e9d60379b46f0373843c26afec919e.jpg,35,exact_name,high,false,1,2.4063,,single export record; matches the deterministic re-render
6hEWEvuUeZhYU514UX1O,photo-1762709314136-94277d4b7dd2.jpg,train,photo-1762709314136-94277d4b7dd2_jpg.rf.17d40409abf595bea94c4d9af889d67b.jpg,568,exact_name,high,false,2,2.3803,41.1938,pristine 2.38 vs augmented 41.19
6hpR44qukoBLy0iFwzip,un_0158_HybkhmK6SsU.jpg,train,un_0158_HybkhmK6SsU_jpg.rf.b5a2e585852fceda9e3dd26635f72118.jpg,563,exact_name,high,false,2,1.6611,74.2386,pristine 1.66 vs augmented 74.24
6lWV6Qw0w487DgkyyVX9,px_0110_14189337.jpg,train,px_0110_14189337_jpg.rf.8bcf1370e31807082ca95f84a4e4af62.jpg,605,exact_name,high,false,2,2.4832,16.7724,pristine 2.48 vs augmented 16.77
6nPmmdeGSmklKpfLZ04I,tu_un_09089_-9sc_Z20Qos.jpg,valid,tu_un_09089_-9sc_Z20Qos_jpg.rf.77bc9691913140b19d2263a5a67e0722.jpg,22,exact_name,high,false,1,2.3296,,single export record; matches the deterministic re-render
6wbVR0oBIJ7D6xM1XfYh,tu_px_09027_13868583.jpg,valid,tu_px_09027_13868583_jpg.rf.7b75d44ad761e290facaa331d5783bbb.jpg,45,exact_name,high,false,1,2.2948,,single export record; matches the deterministic re-render
6yISFDLTaSrGRErrVKUw,wm_0335_LGBT_construction_helmets.jpg,train,wm_0335_LGBT_construction_helmets_jpg.rf.9c9cc852a6e4625d6880df90e27489a7.jpg,15,exact_name,high,false,2,3.4167,53.9691,pristine 3.42 vs augmented 53.97
6zcUFRrk82e1KtW3sxk6,photo-1776597172706-08d4ef926a56.jpg,train,photo-1776597172706-08d4ef926a56_jpg.rf.f73ed383e34c4192d6344a0ab9752b79.jpg,60,exact_name,high,false,2,1.8699,54.7547,pristine 1.87 vs augmented 54.75
70XMYeBZO8t3mAXtu9ke,premium_photo-1663040345603-fe0968d5d514.jpg,train,premium_photo-1663040345603-fe0968d5d514_jpg.rf.211f75fcc0e412e1204991eef15ab3d0.jpg,8,exact_name,high,false,2,2.6923,94.4649,pristine 2.69 vs augmented 94.46
77sSza06NSDiTCn9F0sb,premium_photo-1661665262793-bd82617f245a.jpg,train,premium_photo-1661665262793-bd82617f245a_jpg.rf.ef32a2b9cf1b168229de9db234617d1e.jpg,603,exact_name,high,false,2,1.9986,39.7083,pristine 2.00 vs augmented 39.71
7Qa4QokXVymOY6hvk9CF,px_0101_8487407.jpg,valid,px_0101_8487407_jpg.rf.262999cfc1ac9f4237f23248e3ea64ab.jpg,4,exact_name,high,false,1,2.0394,,single export record; matches the deterministic re-render
7VMQ21x6vDuAvoY6Ku2F,photo-1544993570-9335fcf50279.jpg,train,photo-1544993570-9335fcf50279_jpg.rf.b55879086e50e74caf1201cd32cf20ae.jpg,581,exact_name,high,false,2,1.4073,52.1279,pristine 1.41 vs augmented 52.13
7ZBa5LYXLSg2gd59x0Nl,photo-1526924108427-294aaa2df1b2.jpg,train,photo-1526924108427-294aaa2df1b2_jpg.rf.20e8443541db3843e10c8ba4d136e899.jpg,604,exact_name,high,false,2,2.4083,33.9301,pristine 2.41 vs augmented 33.93
7aLiOz0V7KPglydbD5H7,premium_photo-1681691912442-68c4179c530c.jpg,valid,premium_photo-1681691912442-68c4179c530c_jpg.rf.cfac33c050a8e13fe7a798b118ca9d37.jpg,8,exact_name,high,false,1,6.2782,,single export record; matches the deterministic re-render
7fuygdEv6dS4UyQgImYj,photo-1586528116022-aeda1613c63d.jpg,test,photo-1586528116022-aeda1613c63d_jpg.rf.7925e82cb6a9381a14fee9c6c1828919.jpg,7,exact_name,high,false,1,4.1113,,single export record; matches the deterministic re-render
84V2JE8FINqroFaJRHRL,photo-1607134542077-a12b0c8e1b94.jpg,train,photo-1607134542077-a12b0c8e1b94_jpg.rf.5e387b347f71b339bf0d95f3e969b2ff.jpg,58,exact_name,high,false,2,3.9132,76.0499,pristine 3.91 vs augmented 76.05
88HbrJU619doTzltW6lx,premium_photo-1661369539084-27dc45c82f15.jpg,train,premium_photo-1661369539084-27dc45c82f15_jpg.rf.88d881204a51abf67831423b5c5e1497.jpg,608,exact_name,high,false,2,1.8489,78.2458,pristine 1.85 vs augmented 78.25
8ClEJ3kbOB1pz5A9tOlh,tu_px_09125_31858860.jpg,train,tu_px_09125_31858860_jpg.rf.1c56a7fcdf35368eec672326b2e14170.jpg,17,exact_name,high,false,2,2.7012,84.1515,pristine 2.70 vs augmented 84.15
8JoO2wxDSeESnh5SmJpP,photo-1556033773-815b449e2139.jpg,train,photo-1556033773-815b449e2139_jpg.rf.f4bdbeee2bb6f0a0326d8a4820d2550e.jpg,22,exact_name,high,false,2,1.9075,70.6505,pristine 1.91 vs augmented 70.65
8LgvW2srLb751N5SJDxq,px_0017_8487729.jpg,test,px_0017_8487729_jpg.rf.b3842488ae481a650935f29ac30b41a0.jpg,3,exact_name,high,false,1,2.7626,,single export record; matches the deterministic re-render
8NK1Ihm4MCS1gRXK4WzH,photo-1702284971336-2c39a23f94dd.jpg,valid,photo-1702284971336-2c39a23f94dd_jpg.rf.838ad5e01707297bd3bf2d66cddc145b.jpg,5,exact_name,high,false,1,1.9741,,single export record; matches the deterministic re-render
8O2JjSJCb1ylJibwosnA,photo-1580810734868-7ea4e9130c01.jpg,valid,photo-1580810734868-7ea4e9130c01_jpg.rf.58bb4fed57d944276e2b7d04434ba5d3.jpg,6,exact_name,high,false,1,2.0671,,single export record; matches the deterministic re-render
8Ru4Ji0Klp7qaNJNZXqv,photo-1767637421198-82c5612ec5af.jpg,valid,photo-1767637421198-82c5612ec5af_jpg.rf.23e4e0b9c27b0bab14b81ce3698ed1a7.jpg,17,exact_name,high,false,1,3.1458,,single export record; matches the deterministic re-render
8kz63cbCBKbeeiebv7po,photo-1649976390492-324d0c60beed.jpg,train,photo-1649976390492-324d0c60beed_jpg.rf.91529fc2108cc2bce182d326f762564e.jpg,46,exact_name,high,false,2,2.2545,79.3710,pristine 2.25 vs augmented 79.37
9ImTEhfk6VqdMSI01r6x,photo-1743324690186-f73b614bc2c5.jpg,train,photo-1743324690186-f73b614bc2c5_jpg.rf.ca08388c72bf720e2ed361164d588301.jpg,92,exact_name,high,false,2,2.0937,56.0022,pristine 2.09 vs augmented 56.00
9RMi9YBhKa1nLz3ugIma,photo-1593394850229-e9189f069ada.jpg,train,photo-1593394850229-e9189f069ada_jpg.rf.9c0bba6e803fc52e02a99054ea11c598.jpg,55,exact_name,high,false,2,0.8677,16.2432,pristine 0.87 vs augmented 16.24
9T2zKDdtXzGyeq44pjGp,photo-1761839258623-e232e15f7ff3.jpg,valid,photo-1761839258623-e232e15f7ff3_jpg.rf.1f6fd4a0d44ed3c69ebd24b5f5f78738.jpg,12,exact_name,high,false,1,3.9687,,single export record; matches the deterministic re-render
9V8ayqofeUijfaI5tMrr,premium_photo-1681823287444-8637b6c47695.jpg,train,premium_photo-1681823287444-8637b6c47695_jpg.rf.4826d68c7c653aa7be0f3ad42c87f693.jpg,87,exact_name,high,false,2,2.3176,58.4109,pristine 2.32 vs augmented 58.41
9VzteFV9D5SnmZlhQHfL,tu_px_09105_7844013.jpg,train,tu_px_09105_7844013_jpg.rf.1790037ed15ba2a2e04aa9b0448ce50e.jpg,48,exact_name,high,false,2,1.5226,44.7567,pristine 1.52 vs augmented 44.76
9b7VLDWDFhy21Ygmz7ss,photo-1770240080339-872269ce435d.jpg,train,photo-1770240080339-872269ce435d_jpg.rf.4fdd522647b8eec5ad1710fb564283c8.jpg,154,exact_name,high,false,2,0.3400,26.9123,pristine 0.34 vs augmented 26.91
9jEW0aifcZKM5bRlaCWY,pb_0133_2805625.jpg,train,pb_0133_2805625_jpg.rf.f5b8b841376dbff312876881af3df2f6.jpg,138,exact_name,high,false,2,4.5954,79.2391,pristine 4.60 vs augmented 79.24
9koFugzZozUI9YIfWZk0,photo-1503708928676-1cb796a0891e.jpg,train,photo-1503708928676-1cb796a0891e_jpg.rf.9bbbe6e23f2c5b25bf5298727688d396.jpg,152,exact_name,high,false,2,3.6521,51.5413,pristine 3.65 vs augmented 51.54
9uyGbpRuvoK6FWsiIhGx,photo-1605475723782-a93ee7d7e74d.jpg,train,photo-1605475723782-a93ee7d7e74d_jpg.rf.e95d91e9c280c51ae2899b0342105956.jpg,147,exact_name,high,false,2,1.6006,38.3326,pristine 1.60 vs augmented 38.33
9xNY90loilCLVSX84iwp,photo-1646227655718-dd721b681d91.jpg,valid,photo-1646227655718-dd721b681d91_jpg.rf.8160121b950a92779a10cdee772d5fd3.jpg,18,exact_name,high,false,1,1.3989,,single export record; matches the deterministic re-render
A2iSTnVfTHioOl73tkQd,photo-1764243406686-be35e8704b43.jpg,valid,photo-1764243406686-be35e8704b43_jpg.rf.648a3f0e2a607e72ffe7fb5e3731f97a.jpg,10,exact_name,high,false,1,2.8660,,single export record; matches the deterministic re-render
AIAwqRIKtkrSOj8atqNs,px_0033_8961009.jpg,train,px_0033_8961009_jpg.rf.831e57d1bc04ab940072dfae2071bda8.jpg,114,exact_name,high,false,2,2.9506,56.7269,pristine 2.95 vs augmented 56.73
Ai3fqVHdn3cSDpuEaa5l,photo-1776937482510-b794a7d0c267.jpg,train,photo-1776937482510-b794a7d0c267_jpg.rf.7ab17fdaf5273a3e068e8731417982d9.jpg,142,exact_name,high,false,2,1.9162,32.4360,pristine 1.92 vs augmented 32.44
Ais9TUGiL1MJDTRdjVnE,px_0176_12131153.jpg,train,px_0176_12131153_jpg.rf.a75cea0534ac5babd5b384cdce372b94.jpg,269,exact_name,high,false,2,2.7998,75.2220,pristine 2.80 vs augmented 75.22
AvvR6iF4C7rqEdb4F2SB,tu_px_09177_4487382.jpg,train,tu_px_09177_4487382_jpg.rf.8bff2a9f287f4d6124d6c3f4e674144d.jpg,155,exact_name,high,false,2,3.6498,82.5299,pristine 3.65 vs augmented 82.53
B28mQjiO7iQrGNpLEnKa,photo-1621905252472-943afaa20e20.jpg,valid,photo-1621905252472-943afaa20e20_jpg.rf.7c8be94d5f1b2e86c847ac351dde823b.jpg,15,exact_name,high,false,1,1.8293,,single export record; matches the deterministic re-render
B2QiCIntf9RxLHCBKmVy,photo-1633118599122-601a3ebc8699.jpg,train,photo-1633118599122-601a3ebc8699_jpg.rf.483cc820d942654e136ee99c94fe00b0.jpg,221,exact_name,high,false,2,2.5489,51.4756,pristine 2.55 vs augmented 51.48
B2znvjHzOOKJdNuzNnwo,px_0010_34507475.jpg,valid,px_0010_34507475_jpg.rf.0ef039eae6e8440da3eb88174b8a57e9.jpg,11,exact_name,high,false,1,3.0990,,single export record; matches the deterministic re-render
B809pvlQ32XXT2akrDG5,photo-1455165814004-1126a7199f9b.jpg,train,photo-1455165814004-1126a7199f9b_jpg.rf.93524a14e646b6613defeb92f3a4d67f.jpg,178,exact_name,high,false,2,3.2698,70.2383,pristine 3.27 vs augmented 70.24
BFG4pp4pV1WkTUQUDVvc,px_0207_15434100.jpg,valid,px_0207_15434100_jpg.rf.1008e7cf146296916433b880e4146a99.jpg,16,exact_name,high,false,1,2.1246,,single export record; matches the deterministic re-render
BKQc0VOlqhWGIuqGozuK,px_0187_19188877.jpg,valid,px_0187_19188877_jpg.rf.96fdbce5230cce6a0624d46668bdb001.jpg,7,exact_name,high,false,1,1.2229,,single export record; matches the deterministic re-render
BTDhw7BCTG4sfwnaraKa,photo-1556033773-42fa03c00513.jpg,train,photo-1556033773-42fa03c00513_jpg.rf.d361334d51804dff405fc6e14ea71fdd.jpg,197,exact_name,high,false,2,2.0195,49.8050,pristine 2.02 vs augmented 49.80
BZkvs1U3ZhiNDdJ7EitR,px_0174_8488037.jpg,train,px_0174_8488037_jpg.rf.561397dadb664c7634a1ddb8ab1d736f.jpg,159,exact_name,high,false,2,1.9304,59.5968,pristine 1.93 vs augmented 59.60
BgmyvUGHmaKd9YGpEfYd,px_0048_8853538.jpg,test,px_0048_8853538_jpg.rf.8465f780308cc9de714841cfb5165f76.jpg,5,exact_name,high,false,1,1.7616,,single export record; matches the deterministic re-render
BhdMkBrR1P1zUTVq9DaC,un_0019_yOEBsOJwkI4.jpg,train,un_0019_yOEBsOJwkI4_jpg.rf.53c1acac2ff0511825b388a3100808bb.jpg,149,exact_name,high,false,2,2.2940,44.8675,pristine 2.29 vs augmented 44.87
BqslKEg23m8hmDaQGJMo,px_0177_8487796.jpg,train,px_0177_8487796_jpg.rf.3a7ce58631b1d529b9556d333681adb5.jpg,215,exact_name,high,false,2,1.3831,84.7735,pristine 1.38 vs augmented 84.77
BwtdnuFIdhZLIWJuO3BZ,photo-1582489852031-9a1ad48ed893.jpg,train,photo-1582489852031-9a1ad48ed893_jpg.rf.b721c41f2bdb955c8b4269f93db90889.jpg,195,exact_name,high,false,2,2.2360,73.4809,pristine 2.24 vs augmented 73.48
CDbWzCeakwV73xXd2qlq,px_0039_8961018.jpg,train,px_0039_8961018_jpg.rf.cf631d26f6913aba9ec4147c8e0141af.jpg,203,exact_name,high,false,2,1.8312,59.0421,pristine 1.83 vs augmented 59.04
CF4PPPCAZgulnXoSl3hj,photo-1759922378275-32d7ca8bbcca.jpg,train,photo-1759922378275-32d7ca8bbcca_jpg.rf.83ec818414326b3c360c374092951167.jpg,229,exact_name,high,false,2,3.5740,61.0683,pristine 3.57 vs augmented 61.07
CGks86YYT3ldFKEyDmBe,pb_0017_569149.jpg,valid,pb_0017_569149_jpg.rf.2821aa669d99544644bcf9ac5368522d.jpg,13,exact_name,high,false,1,2.0411,,single export record; matches the deterministic re-render
CM5yr8YHsaaoIdidqtnU,un_0096_e4ippDCPHms.jpg,train,un_0096_e4ippDCPHms_jpg.rf.1b06418d0cfb127802d53856f9b7f586.jpg,185,exact_name,high,false,2,1.7775,53.5463,pristine 1.78 vs augmented 53.55
CSJxc0owYRXzhKLvpTQ9,photo-1695978919095-410032e30b1d.jpg,test,photo-1695978919095-410032e30b1d_jpg.rf.34f9fc54584118272a02b053ffdb5576.jpg,10,exact_name,high,false,1,2.6707,,single export record; matches the deterministic re-render
CVIS4alNHovwaIjoYMxe,photo-1772852340517-b11ec88979fc.jpg,train,photo-1772852340517-b11ec88979fc_jpg.rf.5b524f554019af994f08bc5beaee20d2.jpg,250,exact_name,high,false,2,3.6367,84.6726,pristine 3.64 vs augmented 84.67
Cd1T5uyp8ZPWDdHbg0nr,premium_photo-1661508171228-733b3f0d6ba4.jpg,train,premium_photo-1661508171228-733b3f0d6ba4_jpg.rf.69595aa788883b60ac754fda6663e9ae.jpg,212,exact_name,high,false,2,2.1245,54.9790,pristine 2.12 vs augmented 54.98
CoVIro6CIADvOn5LnoQw,photo-1543357644-160b53c087e8.jpg,train,photo-1543357644-160b53c087e8_jpg.rf.f826d3458faa2a54c55b55416f1fec1b.jpg,281,exact_name,high,false,2,2.5548,42.7782,pristine 2.55 vs augmented 42.78
D2TlRBeF3Z3XnwTXgwdf,premium_photo-1681989485750-be670af9518d.jpg,train,premium_photo-1681989485750-be670af9518d_jpg.rf.f1d2951a7c821851ac00f36e0ed6a2f3.jpg,222,exact_name,high,false,2,2.0901,69.4374,pristine 2.09 vs augmented 69.44
DErEbvqFZXpWqvCNQa9N,photo-1758574697253-25a1bad14666.jpg,train,photo-1758574697253-25a1bad14666_jpg.rf.55bdcdf2fd2f8e5d8900be2324eaf5fe.jpg,282,exact_name,high,false,2,1.7973,61.0386,pristine 1.80 vs augmented 61.04
DOt8L8n8BNwvRpo1BFy7,photo-1772852311587-329719989e2b.jpg,train,photo-1772852311587-329719989e2b_jpg.rf.b251aba45617ba705330ae1127be6fd2.jpg,267,exact_name,high,false,2,4.0382,98.7896,pristine 4.04 vs augmented 98.79
DQK6LrJqCXecgKPqH5UV,premium_photo-1682141472928-0aecaa5487fd.jpg,train,premium_photo-1682141472928-0aecaa5487fd_jpg.rf.07c83901d0657ef510e9327481065739.jpg,367,exact_name,high,false,2,1.8937,49.2350,pristine 1.89 vs augmented 49.23
DRtY5eg2m6BkQJHYfMJy,photo-1582489851864-4b4bddaf6a1b.jpg,test,photo-1582489851864-4b4bddaf6a1b_jpg.rf.76dd5b297b98d2df395d0070b9b23742.jpg,2,exact_name,high,false,1,2.0189,,single export record; matches the deterministic re-render
DY7f9eSSIqF3cejIv59H,photo-1542744173-8e7e53415bb0.jpg,train,photo-1542744173-8e7e53415bb0_jpg.rf.f18db5736f9a6b9d4576a03a1f1af7eb.jpg,376,exact_name,high,false,2,2.9749,55.8117,pristine 2.97 vs augmented 55.81
DcP4LlxYQwLImU646IZ7,px_0082_32594486.jpg,train,px_0082_32594486_jpg.rf.7a2a9f809d8868d56bb74ad2b4ebf2a0.jpg,292,exact_name,high,false,2,4.0802,45.1177,pristine 4.08 vs augmented 45.12
Df656VZ1wmrTjmmkqq3j,photo-1508188609340-e8068b599193.jpg,train,photo-1508188609340-e8068b599193_jpg.rf.0179683c8624724c32e2367920e6c596.jpg,314,exact_name,high,false,2,2.4114,42.3955,pristine 2.41 vs augmented 42.40
DiZN18wef1vuHh6pVvtI,photo-1755619063743-d4a662df5219.jpg,train,photo-1755619063743-d4a662df5219_jpg.rf.945778b95a046d0e0f822d88bf11de9f.jpg,347,exact_name,high,false,2,1.4488,78.0229,pristine 1.45 vs augmented 78.02
Dl8EqAh6dPQw7Dq34TlH,pb_0010_4274431.jpg,train,pb_0010_4274431_jpg.rf.841256de6a5784e3444556ec7b58efda.jpg,302,exact_name,high,false,2,1.7005,86.2074,pristine 1.70 vs augmented 86.21
Dny3q3vJmCFOBIzhGir1,photo-1574313462720-50e62ba298d6.jpg,valid,photo-1574313462720-50e62ba298d6_jpg.rf.a9a5063669f544655a1a3130053354a9.jpg,14,exact_name,high,false,1,1.4946,,single export record; matches the deterministic re-render
EMcfZIuO2gmvi4krBUxS,pb_0038_4754307.jpg,train,pb_0038_4754307_jpg.rf.11cfeeb4ae09ae365a81fbab2083de2d.jpg,330,exact_name,high,false,2,2.4957,76.5648,pristine 2.50 vs augmented 76.56
EdR5Rau43iqKaPKbjsHM,px_0115_8487397.jpg,test,px_0115_8487397_jpg.rf.3a777ff0ee2fdd25b9f23747fb01b306.jpg,0,exact_name,high,false,1,1.8732,,single export record; matches the deterministic re-render
F75mTbxKUV3DbBpuTvZq,photo-1545186070-de624ed19875.jpg,train,photo-1545186070-de624ed19875_jpg.rf.c7f8950b82180bee8cff216e2ac4bde9.jpg,328,exact_name,high,false,2,1.9159,86.8966,pristine 1.92 vs augmented 86.90
F9BUOPsajE69txpyePoP,premium_photo-1681823923473-d64319262949.jpg,train,premium_photo-1681823923473-d64319262949_jpg.rf.12086b790e31ac8f2e95f416df82c375.jpg,361,exact_name,high,false,2,2.0754,66.9846,pristine 2.08 vs augmented 66.98
FBzxttXYsNSZKcVNofUI,un_0192_Fj4wvdZMhoE.jpg,valid,un_0192_Fj4wvdZMhoE_jpg.rf.b66ebd0ea74dd688b0124ca9da515c41.jpg,0,exact_name,high,false,1,3.7649,,single export record; matches the deterministic re-render
FbZqQM7gZbTKYNSbQPNc,photo-1636414722386-a73bd3fc368c.jpg,test,photo-1636414722386-a73bd3fc368c_jpg.rf.744e2fabfc537baa635805f5fbc447df.jpg,4,exact_name,high,false,1,2.4379,,single export record; matches the deterministic re-render
Fclex3JhZn6KA5UzhPqs,premium_photo-1683134366494-bb44ea2cc847.jpg,valid,premium_photo-1683134366494-bb44ea2cc847_jpg.rf.be626bf06b784e74f17136e27e1482fe.jpg,33,exact_name,high,false,1,2.2007,,single export record; matches the deterministic re-render
FdDCioACvsve0FOYsuw2,tu_px_09106_7843946.jpg,train,tu_px_09106_7843946_jpg.rf.8b1b695d0f0d9bee5ade91942a1d01a0.jpg,405,exact_name,high,false,2,3.5412,65.7165,pristine 3.54 vs augmented 65.72
FnmvDGwRQ2lAaLFhuOWQ,photo-1621905251918-48416bd8575a.jpg,train,photo-1621905251918-48416bd8575a_jpg.rf.a90327686c0d0d7d31d4b20c40f1254b.jpg,433,exact_name,high,false,2,1.9219,52.3431,pristine 1.92 vs augmented 52.34
Foo1oq3oHF7pBhTWKpnL,px_0050_8487782.jpg,train,px_0050_8487782_jpg.rf.7574fe06eeea50291ea1dafc47e8e6bf.jpg,437,exact_name,high,false,2,2.2850,50.7695,pristine 2.28 vs augmented 50.77
FxSzogHP5qjTmbBVRQ5K,px_0132_32897241.jpg,train,px_0132_32897241_jpg.rf.d4309dd485ec94c8cad81e2f21844461.jpg,407,exact_name,high,false,2,2.5497,49.6288,pristine 2.55 vs augmented 49.63
FyyZcyYXsPHz2XgfCwAs,premium_photo-1663013611523-89100058ecb5.jpg,valid,premium_photo-1663013611523-89100058ecb5_jpg.rf.9aca4a69a47fb9f5e3b1fa39633bfc1d.jpg,27,exact_name,high,false,1,4.3798,,single export record; matches the deterministic re-render
G4gekWExHFiC5oxkqJg6,premium_photo-1661413166847-47e3ecc668a3.jpg,train,premium_photo-1661413166847-47e3ecc668a3_jpg.rf.8f9fc333d65d2a3b34f517894dafebd1.jpg,449,exact_name,high,false,2,2.3494,62.0463,pristine 2.35 vs augmented 62.05
G6t1yK9gNn0LIS4hbciD,premium_photo-1682145887988-7a3712b88510.jpg,train,premium_photo-1682145887988-7a3712b88510_jpg.rf.1fcfe9713a94ae648d6efb078eeb8cb4.jpg,404,exact_name,high,false,2,2.0087,65.9741,pristine 2.01 vs augmented 65.97
GAAQsDQ6cH9YB5cJ6aHb,photo-1513692398020-cbaea622c427.jpg,train,photo-1513692398020-cbaea622c427_jpg.rf.3af2c92787129c8ccef9d698eda35ca4.jpg,441,exact_name,high,false,2,2.5119,43.2866,pristine 2.51 vs augmented 43.29
GF2RQ1mpGBJzlTjKoCHR,photo-1742112125567-3e8967bad60f.jpg,test,photo-1742112125567-3e8967bad60f_jpg.rf.d9a78c31ff0df51c8766b7ee31ed9939.jpg,8,exact_name,high,false,1,3.0066,,single export record; matches the deterministic re-render
GI3xss1sRRS18wHohAkx,tu_px_09108_7843953.jpg,train,tu_px_09108_7843953_jpg.rf.aec658364cfcf5e0fa1518aab056cfbf.jpg,392,exact_name,high,false,2,1.4660,59.9218,pristine 1.47 vs augmented 59.92
GKGcxwlCacsz6brHHLRV,photo-1677440503120-92cbfb4abba0.jpg,train,photo-1677440503120-92cbfb4abba0_jpg.rf.1e8c11e93d113240a66ca3bb58b1c3df.jpg,451,exact_name,high,false,2,1.5981,71.7179,pristine 1.60 vs augmented 71.72
Gbgzj50ZzCdiYvoAOmpo,tu_px_09103_7843973.jpg,train,tu_px_09103_7843973_jpg.rf.22c15d39afa5248645612b04e1ba77f7.jpg,452,exact_name,high,false,2,2.3341,26.2984,pristine 2.33 vs augmented 26.30
GgFocHO8SbtIBUGEFc8E,wm_0234_Construction_Worker_on_High-Rise_-_Dhaka_-_Bangladesh_12850641585_.jpg,train,wm_0234_Construction_Worker_on_High-Rise_-_Dhaka_-_Bangladesh_12850641585__jpg.rf.18d46c738f156ca58f31a259d157c12b.jpg,396,exact_name,high,false,2,4.8108,75.3316,pristine 4.81 vs augmented 75.33
GpEW4sBKjwFabVZSUq2b,premium_photo-1681074963843-b460846bb9c3.jpg,train,premium_photo-1681074963843-b460846bb9c3_jpg.rf.08e55f9af0f571eccb5dce9bfaaf6adb.jpg,378,exact_name,high,false,2,1.9768,65.7638,pristine 1.98 vs augmented 65.76
Gu6rHBgSwUF5mwFa6lfI,tu_px_09165_35281193.jpg,train,tu_px_09165_35281193_jpg.rf.b29d6c06ebb2b3b831018f25ad8b694d.jpg,307,exact_name,high,false,2,4.6410,40.8302,pristine 4.64 vs augmented 40.83
H6Qo9zKVlWVMqPD3713Z,photo-1610459716431-e07abcf74230.jpg,train,photo-1610459716431-e07abcf74230_jpg.rf.78f6b6d788fe32084c4dad20317ae6ee.jpg,421,exact_name,high,false,2,2.8763,64.5649,pristine 2.88 vs augmented 64.56
HKL8h8X9rHt0XCXlAVNL,premium_photo-1723780905770-e9d78dba73a4.jpg,train,premium_photo-1723780905770-e9d78dba73a4_jpg.rf.2938c4eb4da6f1ce835ed976ffdf34e2.jpg,304,exact_name,high,false,2,2.0995,62.4803,pristine 2.10 vs augmented 62.48
HQnZU6tMxbfwgxWzc8mt,photo-1633155570346-ffa9011d6cf4.jpg,train,photo-1633155570346-ffa9011d6cf4_jpg.rf.ce5be9ae1f767dd8d4306c45f6adc65d.jpg,289,exact_name,high,false,2,1.9276,68.6460,pristine 1.93 vs augmented 68.65
HU0eUY9BAn3Cnsxt7y4r,tu_px_09160_35281169.jpg,valid,tu_px_09160_35281169_jpg.rf.d587bfcbc0e0e26958485ebf42276048.jpg,54,exact_name,high,false,1,2.6114,,single export record; matches the deterministic re-render
HY3Mq3OzeaAt6PXtTxKq,photo-1777186475977-36516ab34f4a.jpg,valid,photo-1777186475977-36516ab34f4a_jpg.rf.75646499b41bf4adea0b2fde979008f0.jpg,41,exact_name,high,false,1,2.0642,,single export record; matches the deterministic re-render
HYb9stwdqDCKBBrTeTLe,premium_photo-1663047101302-beb044ce05c6.jpg,valid,premium_photo-1663047101302-beb044ce05c6_jpg.rf.70e48d0a01556fa643029a4ffaf4c668.jpg,44,exact_name,high,false,1,2.0860,,single export record; matches the deterministic re-render
HYomb2CyhaWUoXglExmz,premium_photo-1663090226912-511b20a3f8a3.jpg,train,premium_photo-1663090226912-511b20a3f8a3_jpg.rf.bbbe2b34e8d8ca14fce5aa20439d87e4.jpg,293,exact_name,high,false,2,2.2433,40.0817,pristine 2.24 vs augmented 40.08
HvvG43BEgtvO5Az8qBX5,premium_photo-1681823100546-0541b5880f14.jpg,train,premium_photo-1681823100546-0541b5880f14_jpg.rf.3a79de901a01be3aa90695f1a9d8e69e.jpg,320,exact_name,high,false,2,2.5028,37.4107,pristine 2.50 vs augmented 37.41
HwlufkrcXA9g8e3aNCm5,photo-1662309376159-b95fb193d96b.jpg,train,photo-1662309376159-b95fb193d96b_jpg.rf.a6a0c16f5792c5759d1ab45e98cc35f8.jpg,373,exact_name,high,false,2,2.5907,40.3963,pristine 2.59 vs augmented 40.40
IGdAVWEbTKrgM8llrZbm,px_0071_8486965.jpg,train,px_0071_8486965_jpg.rf.eb7938d70048b573423f82b99e789d8e.jpg,340,exact_name,high,false,2,1.8393,48.0766,pristine 1.84 vs augmented 48.08
IUKDvF2wZjRXWHNvujtd,photo-1743516462543-9d8bc506f84b.jpg,train,photo-1743516462543-9d8bc506f84b_jpg.rf.79bdafffcf55e7ea7c7cc60fd5fbee29.jpg,352,exact_name,high,false,2,4.2539,61.4167,pristine 4.25 vs augmented 61.42
IdQmnhilWUB8CW2LFhdD,premium_photo-1681989490797-dbe51c438b61.jpg,train,premium_photo-1681989490797-dbe51c438b61_jpg.rf.29f18786a4ad708d490269c82e4c22c7.jpg,448,exact_name,high,false,2,2.3667,78.0971,pristine 2.37 vs augmented 78.10
IdlpHmd45MACc3eXTRqN,px_0172_37364516.jpg,train,px_0172_37364516_jpg.rf.63f0581ab2e0ca5e5a3dfa384534413c.jpg,296,exact_name,high,false,2,2.3781,55.2959,pristine 2.38 vs augmented 55.30
IxZ3C1K7vs4I43UcFG63,photo-1562167055-1afdc7ac7bca.jpg,valid,photo-1562167055-1afdc7ac7bca_jpg.rf.946d5c503c2f3be24f5a5ca641c34279.jpg,58,exact_name,high,false,1,3.2816,,single export record; matches the deterministic re-render
IyVJr4DcosMWf0wZS1uN,un_0157_cigfVTfU39I.jpg,train,un_0157_cigfVTfU39I_jpg.rf.4b00f76eac242af6e861d68282f7eddc.jpg,297,exact_name,high,false,2,2.0716,54.1843,pristine 2.07 vs augmented 54.18
J1TlMOzR3PfvLVrD3kL2,premium_photo-1677706698747-3cf16b95b80d.jpg,train,premium_photo-1677706698747-3cf16b95b80d_jpg.rf.1b7b21f36e9a204010868b108c31488f.jpg,308,exact_name,high,false,2,2.4557,80.7072,pristine 2.46 vs augmented 80.71
J3hznbBPysK0tWYT9WUi,px_0141_4809021.jpg,train,px_0141_4809021_jpg.rf.4b190ee8df1998ba9b50a7aeaf22c1b2.jpg,375,exact_name,high,false,2,3.1219,57.0977,pristine 3.12 vs augmented 57.10
J43xY0jaSQexxzdN3Uoe,px_0057_8487783.jpg,train,px_0057_8487783_jpg.rf.af2cff661633d64562f912d5b842ad7e.jpg,342,exact_name,high,false,2,1.9917,73.6994,pristine 1.99 vs augmented 73.70
J8VVYL7NFqag8Q2h1LdU,photo-1709086566113-d055038f622c.jpg,train,photo-1709086566113-d055038f622c_jpg.rf.a0dc6b54653f9306b048c7ce228b374c.jpg,386,exact_name,high,false,2,3.4037,71.0797,pristine 3.40 vs augmented 71.08
JFPLvXzjr38rcbgvCedz,photo-1612725118809-0bebfb71a551.jpg,train,photo-1612725118809-0bebfb71a551_jpg.rf.b90e72bfbd4614baa186d293843f8c4a.jpg,425,exact_name,high,false,2,2.7829,51.0707,pristine 2.78 vs augmented 51.07
JQnSkF4L5Wmw2aJj0nae,photo-1776597172675-cf10349ac5b6.jpg,test,photo-1776597172675-cf10349ac5b6_jpg.rf.708031408d310732c53700914b7bb414.jpg,18,exact_name,high,false,1,1.9147,,single export record; matches the deterministic re-render
JSKtWAeEIHCqkNcipvGH,premium_photo-1681690860621-57d749a22f34.jpg,train,premium_photo-1681690860621-57d749a22f34_jpg.rf.3d07d15acc746de75971fa92ce3547a1.jpg,401,exact_name,high,false,2,4.9184,46.6977,pristine 4.92 vs augmented 46.70
Jn53NESS4TbEWJbuvG70,photo-1759002527735-a1e1c724b938.jpg,train,photo-1759002527735-a1e1c724b938_jpg.rf.42a532f06cbce6f16609dcca8d0df972.jpg,383,exact_name,high,false,2,1.7850,69.5183,pristine 1.79 vs augmented 69.52
JtlLc8vU4kkL2Jz7ctjA,photo-1630670401138-9a5c91abad18.jpg,valid,photo-1630670401138-9a5c91abad18_jpg.rf.42b3cc945e5c23899de2c3719ff86482.jpg,68,exact_name,high,false,1,2.0436,,single export record; matches the deterministic re-render
K0CnIma3AqzHtRo2VNdu,photo-1742112125635-6f8201c6ee3f.jpg,train,photo-1742112125635-6f8201c6ee3f_jpg.rf.9cc2a1221ec22f31b24440d1f5a814a1.jpg,382,exact_name,high,false,2,2.4307,70.9081,pristine 2.43 vs augmented 70.91
KMRRC0uoR29Yq6wEaJrP,photo-1509453721491-c3af5961df76.jpg,train,photo-1509453721491-c3af5961df76_jpg.rf.3ce9a9bca589fb4b1bfee51710613829.jpg,423,exact_name,high,false,2,3.6057,55.0306,pristine 3.61 vs augmented 55.03
KN9YcUjf4MbiILNfF6d1,premium_photo-1664300750264-1f0e461554a3.jpg,train,premium_photo-1664300750264-1f0e461554a3_jpg.rf.ecdec034347245ce0bc68654b7bd321b.jpg,410,exact_name,high,false,2,1.9606,61.6974,pristine 1.96 vs augmented 61.70
KgOOMlBEXp0QxhSxTT6a,photo-1760872703636-f8d643a2b510.jpg,train,photo-1760872703636-f8d643a2b510_jpg.rf.d1576f41939b59c8bdee07eab110e942.jpg,444,exact_name,high,false,2,1.3697,57.5737,pristine 1.37 vs augmented 57.57
KqRSROf90W22N1qzQzN0,photo-1762169985718-40919441a74e.jpg,valid,photo-1762169985718-40919441a74e_jpg.rf.43ca768a33469dd52b7bda492c4de6a6.jpg,30,exact_name,high,false,1,2.6122,,single export record; matches the deterministic re-render
KyqVojaz6oaARWVjEAyG,photo-1561535703-01c6cbc20c82.jpg,train,photo-1561535703-01c6cbc20c82_jpg.rf.d419e9ff63439fb422c360cab3c43cb8.jpg,447,exact_name,high,false,2,3.1316,65.2779,pristine 3.13 vs augmented 65.28
L51HLb9pTcXWg0hlY2eI,photo-1755692881539-fa170f6859bc.jpg,train,photo-1755692881539-fa170f6859bc_jpg.rf.0551ab2a7bf38b9ebd2922146af7373a.jpg,443,exact_name,high,false,2,1.8361,88.6920,pristine 1.84 vs augmented 88.69
LECJ0QrWJeyWICbOqamy,photo-1516216628859-9bccecab13ca.jpg,valid,photo-1516216628859-9bccecab13ca_jpg.rf.6aa671b97951eb8aaab16adb749514d0.jpg,26,exact_name,high,false,1,1.8563,,single export record; matches the deterministic re-render
LSzsvsjaUz4782epO92M,photo-1772299121503-cd62a57e3a26.jpg,train,photo-1772299121503-cd62a57e3a26_jpg.rf.7162919f8bb4be98195c32778e8884ea.jpg,489,exact_name,high,false,2,3.6870,63.1415,pristine 3.69 vs augmented 63.14
LUvZ2w5JsB8sHFevCPRy,photo-1775314709590-3da891ebac95.jpg,train,photo-1775314709590-3da891ebac95_jpg.rf.9b623d23762daafdb932555ebaaa90c8.jpg,462,exact_name,high,false,2,2.3052,85.5975,pristine 2.31 vs augmented 85.60
LVQG21gdyYgR1aZBE6h9,photo-1620388640785-892616248ec8.jpg,train,photo-1620388640785-892616248ec8_jpg.rf.fdc7c967963421e6b0ac71eca52aae83.jpg,419,exact_name,high,false,2,3.7408,48.5616,pristine 3.74 vs augmented 48.56
LgO9XnFYKArvgSB2viem,tu_pb_09022_569126.jpg,train,tu_pb_09022_569126_jpg.rf.1d49ce0ab06b7cb73da46b9e98859d0e.jpg,440,exact_name,high,false,2,2.5887,76.2662,pristine 2.59 vs augmented 76.27
LkPWuopeX4IeCkstwBpU,photo-1742112125630-dd2955dd6120.jpg,train,photo-1742112125630-dd2955dd6120_jpg.rf.56cbdd39c67e0681414b5ad869841074.jpg,435,exact_name,high,false,2,2.3274,82.5184,pristine 2.33 vs augmented 82.52
MBuNKaZBdNlilQvSv3zC,photo-1589792923962-537704632910.jpg,train,photo-1589792923962-537704632910_jpg.rf.2f85a4bc1ede1a5b079bf39ed0b2ae37.jpg,458,exact_name,high,false,2,3.5583,84.0533,pristine 3.56 vs augmented 84.05
MUAB7pAwP5R5mAfVEWsH,premium_photo-1661919611012-3217c88abbd2.jpg,train,premium_photo-1661919611012-3217c88abbd2_jpg.rf.2d2499c0114d391763b1997fb9b74551.jpg,459,exact_name,high,false,2,2.8552,59.6278,pristine 2.86 vs augmented 59.63
Mbgd4Kw22vX5vdWxqfRn,premium_photo-1753820185684-8999b0c70865.jpg,train,premium_photo-1753820185684-8999b0c70865_jpg.rf.3102d55d888d633ed274b575c432fa92.jpg,464,exact_name,high,false,2,3.4350,83.4291,pristine 3.44 vs augmented 83.43
MkxXQ8wmfbTbRbgDBAK1,px_0061_8486926.jpg,train,px_0061_8486926_jpg.rf.b8848ed9a0f458b4ba9ce7b511713256.jpg,466,exact_name,high,false,2,2.1465,56.8699,pristine 2.15 vs augmented 56.87
MqWRDetc1VZN6mHw7iwA,pb_0008_956496.jpg,train,pb_0008_956496_jpg.rf.7812ed0d59b2953d330052bbd717b627.jpg,456,exact_name,high,false,2,1.5157,54.0424,pristine 1.52 vs augmented 54.04
MvvtCo7VlWi4U7eiAk9x,photo-1764639564572-e1129f82113c.jpg,valid,photo-1764639564572-e1129f82113c_jpg.rf.3357e7e68d2235b551054533d91f9041.jpg,28,exact_name,high,false,1,4.5643,,single export record; matches the deterministic re-render
NCdN7Jz3Eoh0ICakh5Cx,tu_px_09026_17858119.jpg,train,tu_px_09026_17858119_jpg.rf.9e48aa2ff23598417d3fc7f1aa35cf96.jpg,463,exact_name,high,false,2,1.2779,74.4220,pristine 1.28 vs augmented 74.42
NL3zUnIqUyNKhcch1hNK,px_0103_34859873.jpg,train,px_0103_34859873_jpg.rf.856dd3a3104b0d3b9dbdf0d6e5d98992.jpg,453,exact_name,high,false,2,2.0416,36.3223,pristine 2.04 vs augmented 36.32
NSxOF60pUyiloAjZa1zY,photo-1560250056-07ba64664864.jpg,valid,photo-1560250056-07ba64664864_jpg.rf.cc6444ce6c88c517245fc4e57b67e04b.jpg,40,exact_name,high,false,1,2.1255,,single export record; matches the deterministic re-render
Npv1zPbAHshMBBa1mbY4,pb_0051_5182074.jpg,test,pb_0051_5182074_jpg.rf.a7d0ef7a1245a5fbee45fc2d7aa98119.jpg,32,exact_name,high,false,1,4.5991,,single export record; matches the deterministic re-render
NtpAqzunm5la8DrZocsj,photo-1553413077-190dd305871c.jpg,train,photo-1553413077-190dd305871c_jpg.rf.b995d5eb39efb1af53cfc3e525f10032.jpg,506,exact_name,high,false,2,4.2925,76.5610,pristine 4.29 vs augmented 76.56
OQJwjQoYsf1KUgr9G0V8,photo-1694521787162-5373b598945c.jpg,test,photo-1694521787162-5373b598945c_jpg.rf.da7b7903151a7a4c6a3c846958ab2a03.jpg,30,exact_name,high,false,1,3.8047,,single export record; matches the deterministic re-render
OgbeepjjlVIRghzAMurI,un_0002_X1P1_EDNnok.jpg,valid,un_0002_X1P1_EDNnok_jpg.rf.fb9b512303acc16f8c35b3083bd39fb3.jpg,29,exact_name,high,false,1,2.1043,,single export record; matches the deterministic re-render
OnqsKM2CX6FubTfVtaAG,photo-1535732759880-bbd5c7265e3f.jpg,valid,photo-1535732759880-bbd5c7265e3f_jpg.rf.2cb517021fc51255271a4cae22968951.jpg,37,exact_name,high,false,1,2.8893,,single export record; matches the deterministic re-render
Onxr5fVm9Rf4SRgJSUwU,photo-1622127739239-1905bbaa21b8.jpg,valid,photo-1622127739239-1905bbaa21b8_jpg.rf.e12f7274f58416f6e62bc5c6b70e1343.jpg,34,exact_name,high,false,1,2.0309,,single export record; matches the deterministic re-render
OugGxvkSv1brFNywY26P,photo-1660177595595-cba8640c02b9.jpg,train,photo-1660177595595-cba8640c02b9_jpg.rf.6db061679e9f9ade85ea8efcec3a9944.jpg,502,exact_name,high,false,2,1.5842,56.0933,pristine 1.58 vs augmented 56.09
P2bOf45tvhUMqEYK8wqW,px_0018_9322218.jpg,train,px_0018_9322218_jpg.rf.9ec5853684c64efe256a461003826068.jpg,508,exact_name,high,false,2,3.1904,75.0085,pristine 3.19 vs augmented 75.01
P4kyoAALuWE7lYtori2d,photo-1586528116493-a029325540fa.jpg,train,photo-1586528116493-a029325540fa_jpg.rf.d536dfe6f6990c0b89c8cdc93530c94c.jpg,511,exact_name,high,false,2,4.0452,72.9251,pristine 4.05 vs augmented 72.93
P7zAHwjb68yXM9zLAlb1,un_0129_DTvzQ-fBa1w.jpg,valid,un_0129_DTvzQ-fBa1w_jpg.rf.a83abdef112aed366cec2751d18f432e.jpg,31,exact_name,high,false,1,4.2895,,single export record; matches the deterministic re-render
P9Jz8sNsaNTHaD6dqhKc,premium_photo-1681823098176-5fc40b0659be.jpg,valid,premium_photo-1681823098176-5fc40b0659be_jpg.rf.ca15ebe8f0db7bde989d2c8dd32195a3.jpg,49,exact_name,high,false,1,1.9815,,single export record; matches the deterministic re-render
PIo6f9EGJ9nINHXHAGy7,px_0112_8487722.jpg,train,px_0112_8487722_jpg.rf.81124b48407a6a776df1dd755b41409f.jpg,494,exact_name,high,false,2,3.1954,55.0307,pristine 3.20 vs augmented 55.03
PTpMxjS814v4U28HlRcf,pb_0184_6900536.jpg,train,pb_0184_6900536_jpg.rf.17083207f853ace20490a38fae3da2a4.jpg,484,exact_name,high,false,2,2.0882,57.7170,pristine 2.09 vs augmented 57.72
PqhswFNoQbq1qKOEBp5u,un_0075_rqcDp0U95PY.jpg,train,un_0075_rqcDp0U95PY_jpg.rf.075255a4254eeca7ac946da9f9ee44f0.jpg,499,exact_name,high,false,2,3.5724,57.0215,pristine 3.57 vs augmented 57.02
Pto3IbY2BV6RjJJsxw4T,photo-1567954970774-58d6aa6c50dc.jpg,train,photo-1567954970774-58d6aa6c50dc_jpg.rf.26d64ee23aa6ec898b6ed769f6970049.jpg,510,exact_name,high,false,2,1.8528,58.4884,pristine 1.85 vs augmented 58.49
QUQENHzkWEHi5igbSpA1,photo-1777186476705-3c9376ce1599.jpg,valid,photo-1777186476705-3c9376ce1599_jpg.rf.2d5eec7fc69fddbabb2c2d4ff48c4d46.jpg,38,exact_name,high,false,1,2.3738,,single export record; matches the deterministic re-render
QVvTSJRWlcfwVnFYCOJ9,premium_photo-1661901724416-a0e345f0cbbe.jpg,train,premium_photo-1661901724416-a0e345f0cbbe_jpg.rf.528d20dc2ad0944b4249d6ec51a9e1d1.jpg,16,exact_name,high,false,2,2.5951,62.4397,pristine 2.60 vs augmented 62.44
QYjn7wMnjUSLcCSRwwn1,premium_photo-1682148421156-5cebb29be78f.jpg,train,premium_photo-1682148421156-5cebb29be78f_jpg.rf.d4bf5aee5084789b6c2c14eda3267cd4.jpg,520,exact_name,high,false,2,2.4836,54.0022,pristine 2.48 vs augmented 54.00
QiKJqc8mjFL8EnIf105y,tu_px_09180_1797415.jpg,train,tu_px_09180_1797415_jpg.rf.48be5eafa1516918580c15a29d70c7fd.jpg,503,exact_name,high,false,2,1.5819,79.1158,pristine 1.58 vs augmented 79.12
QmjHa7u0ZQG0cE5HadWX,photo-1564182842834-681b7be6de4b.jpg,train,photo-1564182842834-681b7be6de4b_jpg.rf.030f25ba54d2abf2950b9d65cf46fb81.jpg,551,exact_name,high,false,2,2.1597,74.1110,pristine 2.16 vs augmented 74.11
R32m4IeILycIsDayiufx,tu_px_09126_34462499.jpg,train,tu_px_09126_34462499_jpg.rf.a533ceda420fccf9d270a8b8742f5e69.jpg,522,exact_name,high,false,2,3.2238,90.7807,pristine 3.22 vs augmented 90.78
RGHYIrvH4ypjKeh0X9jI,photo-1557089011-e00dec01a241.jpg,test,photo-1557089011-e00dec01a241_jpg.rf.d425d9f07d52a54edaa999666aa4bfc1.jpg,41,exact_name,high,false,1,1.0429,,single export record; matches the deterministic re-render
RKuAbxAitj0j4NzRD0Px,premium_photo-1661302828763-4ec9b91d9ce3.jpg,valid,premium_photo-1661302828763-4ec9b91d9ce3_jpg.rf.c3fadc0a2de61a6c6dcd8dcfbad67f52.jpg,61,exact_name,high,false,1,4.5831,,single export record; matches the deterministic re-render
RL2s7RdAmeNec6fLrJez,px_0190_13507074.jpg,train,px_0190_13507074_jpg.rf.f2ffac54f0b50b9ac9c470f35cad04c1.jpg,539,exact_name,high,false,2,2.3663,15.1764,pristine 2.37 vs augmented 15.18
RRlPrUJXfRWGGJ6CeKIL,px_0139_8487333.jpg,train,px_0139_8487333_jpg.rf.4b9aa7c7c729cb32d717fbf30965653b.jpg,566,exact_name,high,false,2,2.6449,32.7535,pristine 2.64 vs augmented 32.75
RdJdZdkvlh1EvYQcyy98,photo-1764328165995-0624c280a6d2.jpg,train,photo-1764328165995-0624c280a6d2_jpg.rf.65b7860afbd275751d64ede804769795.jpg,576,exact_name,high,false,2,2.0268,47.9415,pristine 2.03 vs augmented 47.94
RpNbe3NA9Ewqpz10Tid7,premium_photo-1663045426415-46444a2fa41c.jpg,test,premium_photo-1663045426415-46444a2fa41c_jpg.rf.a3c1bec955521e59865c63a29769250d.jpg,9,exact_name,high,false,1,2.3687,,single export record; matches the deterministic re-render
SA6z7RB5PM7Ij8AwZgp1,premium_photo-1663045488413-3e33a7ac44b0.jpg,valid,premium_photo-1663045488413-3e33a7ac44b0_jpg.rf.eb16a7ee8a25d4c56d818811328721a6.jpg,55,exact_name,high,false,1,3.5615,,single export record; matches the deterministic re-render
SAxTZz7s67P7PHgPiVQD,photo-1759922378222-47ad736a174d.jpg,train,photo-1759922378222-47ad736a174d_jpg.rf.96fbcc6060bc345b877d41675b40495c.jpg,529,exact_name,high,false,2,3.4813,68.6593,pristine 3.48 vs augmented 68.66
SJJJI5U15RfnloEUpsCl,photo-1702284971823-cb3f9c383a6f.jpg,valid,photo-1702284971823-cb3f9c383a6f_jpg.rf.06367b75b2a5b19927dab3ec46671361.jpg,3,exact_name,high,false,1,2.4614,,single export record; matches the deterministic re-render
SOVx70YdnCwZQTD0yb1N,px_0109_30197168.jpg,train,px_0109_30197168_jpg.rf.e6b128521a93494def7b84696083ddab.jpg,536,exact_name,high,false,2,2.3804,64.0404,pristine 2.38 vs augmented 64.04
SPkjTewbo5B0mADZT61m,px_0022_8488019.jpg,train,px_0022_8488019_jpg.rf.ceb421182eab3818c71ef9e1b0fdfef6.jpg,516,exact_name,high,false,2,2.7128,69.3616,pristine 2.71 vs augmented 69.36
STq4QNtivjTEw93pnzUf,px_0064_35390341.jpg,train,px_0064_35390341_jpg.rf.1328c5cd068eedd9d85758eaa84365f0.jpg,56,exact_name,high,false,2,2.2499,78.3292,pristine 2.25 vs augmented 78.33
SkRWCmGhaCswgUNKIAos,photo-1722230428078-591f520674b0.jpg,valid,photo-1722230428078-591f520674b0_jpg.rf.8df104d790f9de421dd6b4ab955d87a6.jpg,9,exact_name,high,false,1,1.4394,,single export record; matches the deterministic re-render
SoyYOpTgmlQWlluJOZEE,px_0104_8487721.jpg,train,px_0104_8487721_jpg.rf.d220a6a73c62a0c84c004d64269c8d1a.jpg,63,exact_name,high,false,2,1.9965,83.8550,pristine 2.00 vs augmented 83.86
SpqTKP1HgPTfRMf3kjMw,px_0197_8487763.jpg,train,px_0197_8487763_jpg.rf.e1c316be0a20f53a98316017a93ff3f6.jpg,86,exact_name,high,false,2,2.0665,54.4205,pristine 2.07 vs augmented 54.42
SurmZufksfn5NllTtjD8,tu_px_09164_35281196.jpg,train,tu_px_09164_35281196_jpg.rf.1a3a45ec01f47c9a590a420b6ab55851.jpg,73,exact_name,high,false,2,4.6214,55.5588,pristine 4.62 vs augmented 55.56
Sx8zzDNF7sd2E0aaDtN8,premium_photo-1681823038232-151720d8023f.jpg,train,premium_photo-1681823038232-151720d8023f_jpg.rf.8646112f5907e014ad3c2781b0ec652e.jpg,97,exact_name,high,false,2,1.6502,91.0805,pristine 1.65 vs augmented 91.08
Sxg7i96XAHXonWrVAV8Q,photo-1520299287249-296a6c957518.jpg,train,photo-1520299287249-296a6c957518_jpg.rf.6485f841984c6f2f3571675cdfebf495.jpg,93,exact_name,high,false,2,4.5001,80.4887,pristine 4.50 vs augmented 80.49
T6C7HiZwQDa07dlanhBF,photo-1504307651254-35680f356dfd.jpg,train,photo-1504307651254-35680f356dfd_jpg.rf.58924484d795b362998e5bc0935048ac.jpg,100,exact_name,high,false,2,4.9605,80.3922,pristine 4.96 vs augmented 80.39
THaelQmgDKdUwfSFIAx5,photo-1709719263381-30553a1d618b.jpg,train,photo-1709719263381-30553a1d618b_jpg.rf.171e15b7fd6a8452b16b32cadd22d5a3.jpg,99,exact_name,high,false,2,1.8901,44.7448,pristine 1.89 vs augmented 44.74
TRn9Bx3c2kyqm0x9Suct,photo-1762709314068-1c0b65a2fcfd.jpg,train,photo-1762709314068-1c0b65a2fcfd_jpg.rf.bc323bf2d68f327183de0ec788f4c3ed.jpg,140,exact_name,high,false,2,1.9678,33.0086,pristine 1.97 vs augmented 33.01
TfT34mr30shVLpJdQuu4,premium_photo-1681823449995-dd90c76ab761.jpg,train,premium_photo-1681823449995-dd90c76ab761_jpg.rf.08a7840d23104171beffaf2d94478e99.jpg,94,exact_name,high,false,2,1.7822,43.3149,pristine 1.78 vs augmented 43.31
TqbtZYtTWiEhg5zB0duU,photo-1726421690313-2e0519335b82.jpg,valid,photo-1726421690313-2e0519335b82_jpg.rf.b6d763a050246c07754f22a1eaf22fea.jpg,19,exact_name,high,false,1,1.6584,,single export record; matches the deterministic re-render
Tw3kcCGIMX2DmGQevfCR,tu_px_09110_7843972.jpg,valid,tu_px_09110_7843972_jpg.rf.b331d2a446b02b76b55d5a83fadb7ba9.jpg,21,exact_name,high,false,1,3.1993,,single export record; matches the deterministic re-render
TwF1Rahc7CIP2gpmlbLS,un_0068_77X7pOwapGg.jpg,train,un_0068_77X7pOwapGg_jpg.rf.1279b756cee6d9ac1ef4c019b106a73e.jpg,158,exact_name,high,false,2,1.5426,47.9097,pristine 1.54 vs augmented 47.91
TypXpPM2GOKRXVcgFCjR,pb_0018_8463424.jpg,train,pb_0018_8463424_jpg.rf.5b85f4d23a12cdea84d4cafec082e242.jpg,96,exact_name,high,false,2,2.6959,75.8396,pristine 2.70 vs augmented 75.84
U0AseIcul3Oj2l27WnM8,photo-1646227655588-b44f246c04fb.jpg,train,photo-1646227655588-b44f246c04fb_jpg.rf.b8b907b140a8af81b8d611a0469e3c34.jpg,144,exact_name,high,false,2,1.5413,38.2903,pristine 1.54 vs augmented 38.29
U1qd4okczSBsE3VT6pzg,photo-1564183063457-680b3759a5bd.jpg,valid,photo-1564183063457-680b3759a5bd_jpg.rf.12234e0b0260f98b20b444d48cebda98.jpg,25,exact_name,high,false,1,3.2986,,single export record; matches the deterministic re-render
U8OKPL7BU1Y2lII5M7Ui,tu_px_09176_4487385.jpg,train,tu_px_09176_4487385_jpg.rf.40fba1ade2a194844e1d458cd2047e20.jpg,163,exact_name,high,false,2,2.3038,92.6244,pristine 2.30 vs augmented 92.62
UCdf01APuQuNPLZxO7Vb,premium_photo-1674248799219-3447bc59d983.jpg,train,premium_photo-1674248799219-3447bc59d983_jpg.rf.0b8a1980dd7d5a931b9d98fc43e91acb.jpg,262,exact_name,high,false,2,1.2592,65.0524,pristine 1.26 vs augmented 65.05
UUktj1unQEF7oxAAKuge,tu_px_09162_9762080.jpg,valid,tu_px_09162_9762080_jpg.rf.b2c773b38b4119611449e5a0092d3054.jpg,20,exact_name,high,false,1,4.3011,,single export record; matches the deterministic re-render
Ud5BlYIB2FSpmLDEEq9z,photo-1587582423116-ec07293f0395.jpg,train,photo-1587582423116-ec07293f0395_jpg.rf.1a42b3ae540bf5e0e837f465d86fa9f7.jpg,141,exact_name,high,false,2,2.4276,59.2069,pristine 2.43 vs augmented 59.21
Um5Oft7wh92nWZzcd33C,photo-1763328044377-d37cd9052d99.jpg,train,photo-1763328044377-d37cd9052d99_jpg.rf.a915de1032a28c5a176555d78cdb8262.jpg,148,exact_name,high,false,2,4.2122,55.9220,pristine 4.21 vs augmented 55.92
UzXLvGMEvzoOvv29dkyY,premium_photo-1721832786188-906b9b08a0c4.jpg,test,premium_photo-1721832786188-906b9b08a0c4_jpg.rf.1d6a9f30f5da9124c8653d78f8b6e7d9.jpg,12,exact_name,high,false,1,1.2204,,single export record; matches the deterministic re-render
V2ZGAcXVfLD8h3Nv7zCq,photo-1760963301666-582b92218a19.jpg,train,photo-1760963301666-582b92218a19_jpg.rf.b1dac196e821dc0899aca37a13ee1b9f.jpg,227,exact_name,high,false,2,3.6691,66.2970,pristine 3.67 vs augmented 66.30
VBtNhSPdKWG9aB5UwSAp,px_0004_34670931.jpg,train,px_0004_34670931_jpg.rf.53c51cbb36ef10ad9c6bee4d5fd49309.jpg,166,exact_name,high,false,2,1.7711,42.8513,pristine 1.77 vs augmented 42.85
VKyk8uoMs024kVF0SQRN,px_0159_15332313.jpg,train,px_0159_15332313_jpg.rf.1ad1d6be73cead169d21607a121e4570.jpg,133,exact_name,high,false,2,3.4219,43.5966,pristine 3.42 vs augmented 43.60
Vtt35PA66TdcCFU5LqWG,px_0199_34442873.jpg,valid,px_0199_34442873_jpg.rf.369865621a720cced6c764f4ee3ae216.jpg,23,exact_name,high,false,1,3.2559,,single export record; matches the deterministic re-render
VzapfWdPlwdZ5ZjvR9Lz,photo-1632516160994-b4463d4e19d2.jpg,train,photo-1632516160994-b4463d4e19d2_jpg.rf.beff88b9c051383b43d64785e5db9476.jpg,176,exact_name,high,false,2,1.4988,41.2478,pristine 1.50 vs augmented 41.25
WDUbla9aKXNSFb1VPo3Y,px_0009_8487797.jpg,train,px_0009_8487797_jpg.rf.6ca54ba67ec70d2ec3723cbd76639855.jpg,150,exact_name,high,false,2,1.5795,76.4938,pristine 1.58 vs augmented 76.49
WK7rSXorlMi85h9asAR3,px_0023_8487994.jpg,test,px_0023_8487994_jpg.rf.8518166c975db9caef74b81a79c0426d.jpg,28,exact_name,high,false,1,1.7460,,single export record; matches the deterministic re-render
WRFgtFooB6kjdViPXWHk,photo-1755692879700-721ffbc767b8.jpg,valid,photo-1755692879700-721ffbc767b8_jpg.rf.a8e99e419f0ddb54e18145c2dedca3e6.jpg,57,exact_name,high,false,1,1.3566,,single export record; matches the deterministic re-render
WeIamb2srt7SBgcfAFq1,un_0191_-3VlPEKi1Zo.jpg,train,un_0191_-3VlPEKi1Zo_jpg.rf.97cb3d5cf5290f315e462ee447a2b8b3.jpg,243,exact_name,high,false,2,3.4255,37.3337,pristine 3.43 vs augmented 37.33
WfgDXbNWgS61DtELPPR9,photo-1772442198620-3674b427e59e.jpg,train,photo-1772442198620-3674b427e59e_jpg.rf.efc96cf0c32a7d55467ab6d749d86ca8.jpg,230,exact_name,high,false,2,2.9519,49.4380,pristine 2.95 vs augmented 49.44
WiRPJkDVQdPSvkqMW8Rh,px_0180_12131144.jpg,train,px_0180_12131144_jpg.rf.bf6da63e1769eb22dde548dc10343e1f.jpg,189,exact_name,high,false,2,2.6724,56.5355,pristine 2.67 vs augmented 56.54
WizgfRCkmeL3P8qusBOI,photo-1545502334-ef4d43ade603.jpg,test,photo-1545502334-ef4d43ade603_jpg.rf.b40484f324f98b80f5e587648599db52.jpg,29,exact_name,high,false,1,5.1817,,single export record; matches the deterministic re-render
WmrVhZUFxNgrZvYUWnIJ,px_0015_8487369.jpg,train,px_0015_8487369_jpg.rf.73853033ea3dc3cbf87da62b05ef9c4b.jpg,217,exact_name,high,false,2,2.2394,71.3952,pristine 2.24 vs augmented 71.40
WrxzGNad1ocUQmr32npK,premium_photo-1661680811453-0a96d6266b28.jpg,train,premium_photo-1661680811453-0a96d6266b28_jpg.rf.783ae9b611075c2628fcb09e742fb66f.jpg,239,exact_name,high,false,2,2.2003,59.3866,pristine 2.20 vs augmented 59.39
Wv9gMcKNBNTvFlSRuZe3,px_0188_30592246.jpg,train,px_0188_30592246_jpg.rf.1e5ad3beee333bb622e89b10d0013e6c.jpg,235,exact_name,high,false,2,1.7216,106.8420,pristine 1.72 vs augmented 106.84
WvGmeXrUqULTXbaSGJgZ,px_0080_34842258.jpg,train,px_0080_34842258_jpg.rf.1965f3e79d24870365c46313521ce2ed.jpg,240,exact_name,high,false,2,2.5965,54.1855,pristine 2.60 vs augmented 54.19
Wxlj5YOPuTXsUopMH7bg,tu_un_09185_Ee6ot8_yvLQ.jpg,train,tu_un_09185_Ee6ot8_yvLQ_jpg.rf.e016064137b9ca71b7a8cc78bbf6f6ca.jpg,246,exact_name,high,false,2,4.7474,95.1353,pristine 4.75 vs augmented 95.14
WzTgGIeyuH1B3BYfY7tf,photo-1772852364756-cb89bbfa2aa8.jpg,train,photo-1772852364756-cb89bbfa2aa8_jpg.rf.e7064131e25aefe298fedaa1444d65b2.jpg,259,exact_name,high,false,2,3.3892,78.4218,pristine 3.39 vs augmented 78.42
X5ZA7xQ8Kzl1xm0xBcdd,photo-1544993485-ea7fee6111b4.jpg,train,photo-1544993485-ea7fee6111b4_jpg.rf.be943d4e21334531684aa43f001113ed.jpg,254,exact_name,high,false,2,1.8505,30.0040,pristine 1.85 vs augmented 30.00
X8B97hWGbmozigS9fEf4,tu_px_09107_8931724.jpg,train,tu_px_09107_8931724_jpg.rf.8ccb1a84eb54d90d9c007619436bf260.jpg,244,exact_name,high,false,2,2.0315,29.4019,pristine 2.03 vs augmented 29.40
XJ12x7QMBoWQ5JDrvK1E,photo-1693019108307-25453cd99978.jpg,train,photo-1693019108307-25453cd99978_jpg.rf.70df75dabc290c4c52d9031836a94d7e.jpg,545,exact_name,high,false,2,3.9163,52.3826,pristine 3.92 vs augmented 52.38
XQUau6Bs9iWpTYrXHtq0,tu_px_09175_4480799.jpg,valid,tu_px_09175_4480799_jpg.rf.39fde1610dd26ff8ce1cc32eb25d32ae.jpg,50,exact_name,high,false,1,2.9090,,single export record; matches the deterministic re-render
XR2eyVIj5HC0jcNt3TaF,photo-1752937285396-df7c206f47f1.jpg,train,photo-1752937285396-df7c206f47f1_jpg.rf.1313029c708e170aae1ad4082eb4844f.jpg,546,exact_name,high,false,2,2.4386,75.9001,pristine 2.44 vs augmented 75.90
XakHn7NQJzcdCBMuA4V1,photo-1640459665989-20669a3b6446.jpg,train,photo-1640459665989-20669a3b6446_jpg.rf.74d71977c2e3eaccbec64bcbf9be4c3f.jpg,585,exact_name,high,false,2,5.2416,67.2857,pristine 5.24 vs augmented 67.29
XglPXJS02oKjbtcYMeG1,photo-1758574697284-8e84046a45ae.jpg,train,photo-1758574697284-8e84046a45ae_jpg.rf.9bfcf15e2f7f95455529e7d1a86d4b97.jpg,553,exact_name,high,false,2,2.0695,80.7068,pristine 2.07 vs augmented 80.71
XvqBrAuKPXCrvqEIjBai,photo-1694522362256-6c907336af43.jpg,train,photo-1694522362256-6c907336af43_jpg.rf.3b23d7e8136919c3dbc21107469b24c7.jpg,543,exact_name,high,false,2,1.9691,82.0065,pristine 1.97 vs augmented 82.01
Y1meTyz9qAlTOKqcMF21,px_0026_8961128.jpg,train,px_0026_8961128_jpg.rf.c54ddc5ca90e2749d967a6c22e0d5142.jpg,544,exact_name,high,false,2,2.6200,54.6293,pristine 2.62 vs augmented 54.63
Y8Qx4RUxXlcq5dm2gx4n,premium_photo-1664300982961-f57190dca362.jpg,valid,premium_photo-1664300982961-f57190dca362_jpg.rf.b72c9de57f58d22d55f357e7e95b0c44.jpg,42,exact_name,high,false,1,2.3470,,single export record; matches the deterministic re-render
YEZrZA7GrbvlyKBA7z5q,tu_px_09003_8487720.jpg,test,tu_px_09003_8487720_jpg.rf.cef9c864a49fca086d05521e79a460de.jpg,35,exact_name,high,false,1,2.0874,,single export record; matches the deterministic re-render
YUsaUSUsoTg1Dhf5PVRS,un_0026_fsa8AHFoJH8.jpg,train,un_0026_fsa8AHFoJH8_jpg.rf.53674aaed11ba6a4a73a4fd8fa808cc0.jpg,509,exact_name,high,false,2,2.1336,57.9543,pristine 2.13 vs augmented 57.95
Ye8ccAU3zvBw2RWzUr4w,premium_photo-1661901715537-ed9a6f1bb663.jpg,train,premium_photo-1661901715537-ed9a6f1bb663_jpg.rf.31e85b1200b1c8852e23cf8efaadba82.jpg,583,exact_name,high,false,2,2.3386,70.6821,pristine 2.34 vs augmented 70.68
Yus4GG8O9bfML35pe2Xg,photo-1622612063021-116cc3407145.jpg,train,photo-1622612063021-116cc3407145_jpg.rf.76f1c4c03524c0835cbb7bb2b8df29de.jpg,550,exact_name,high,false,2,2.5677,76.1607,pristine 2.57 vs augmented 76.16
ZBOFTpRZenVU4pLo2qvs,px_0186_4161604.jpg,valid,px_0186_4161604_jpg.rf.6b5314b75eb26a96de3d0043328d7cd1.jpg,46,exact_name,high,false,1,1.2861,,single export record; matches the deterministic re-render
ZC5U6cHpgTUpFTtOQWiW,photo-1664382950442-0748f82f2752.jpg,train,photo-1664382950442-0748f82f2752_jpg.rf.557601a946c2b6dec0c1a04cf250b038.jpg,542,exact_name,high,false,2,2.1449,49.3356,pristine 2.14 vs augmented 49.34
ZSEtO1xi7ojj6XTirEb1,photo-1558227691-41ea78d1f631.jpg,train,photo-1558227691-41ea78d1f631_jpg.rf.d2c393e642e5fc1d7523ee69a8a94fcd.jpg,101,exact_name,high,false,2,1.8633,47.4288,pristine 1.86 vs augmented 47.43
ZtkHwixUGYxprWRUjVfK,photo-1679679811837-c28b2586f533.jpg,train,photo-1679679811837-c28b2586f533_jpg.rf.7d5aeda3ebbd1019edf67a537b8ecf5d.jpg,561,exact_name,high,false,2,1.7881,66.6573,pristine 1.79 vs augmented 66.66
ZyE71IGsDLI6OG9aIUwV,photo-1765378025255-5c2ff04563f4.jpg,test,photo-1765378025255-5c2ff04563f4_jpg.rf.cd8de2265385f20375c5be12b9f638a3.jpg,38,exact_name,high,false,1,2.6984,,single export record; matches the deterministic re-render
aEsSiryCIhDl2uLhyYVc,photo-1552530697-b6f76b88f5c5.jpg,train,photo-1552530697-b6f76b88f5c5_jpg.rf.94d71e736690aea604ea2945512d4e2e.jpg,589,exact_name,high,false,2,2.8193,86.8951,pristine 2.82 vs augmented 86.90
aY9eNC7XGXN7yzM04BIy,photo-1640236889868-97b4708793d0.jpg,test,photo-1640236889868-97b4708793d0_jpg.rf.ad28908c8fa505f820cfeb9924aaa1bd.jpg,33,exact_name,high,false,1,2.2888,,single export record; matches the deterministic re-render
ahfMFVQYlwiC5qDCiYTe,tu_un_09113_oGRCb_hnbGQ.jpg,valid,tu_un_09113_oGRCb_hnbGQ_jpg.rf.94bc5b5b0c855f9c2b6d8ba541d39cc2.jpg,39,exact_name,high,false,1,1.9443,,single export record; matches the deterministic re-render
ajCO2t9BGFENy5GElzHf,premium_photo-1678837556049-445eea3f0c45.jpg,train,premium_photo-1678837556049-445eea3f0c45_jpg.rf.1836c85e243261264a7e45a5fad3ccfe.jpg,606,exact_name,high,false,2,3.2720,55.9592,pristine 3.27 vs augmented 55.96
ajcbQPBpsaCua5ocPPgp,photo-1774638794582-a24f0604342d.jpg,train,photo-1774638794582-a24f0604342d_jpg.rf.9d3cd16063b2c6193159e82e7d93cb0f.jpg,4,exact_name,high,false,2,2.8550,71.3513,pristine 2.85 vs augmented 71.35
arsAD5W3OM2LZE59FvZO,premium_photo-1682148826211-99809e7034eb.jpg,train,premium_photo-1682148826211-99809e7034eb_jpg.rf.715fbb08793c8f929dfb9d95408203a9.jpg,586,exact_name,high,false,2,2.7375,46.0975,pristine 2.74 vs augmented 46.10
bQfpZl7W2IH4XyIddjOY,premium_photo-1661377122808-fa8a12cdf9c0.jpg,train,premium_photo-1661377122808-fa8a12cdf9c0_jpg.rf.2a375a237b843892c58c06c53759e456.jpg,7,exact_name,high,false,2,1.8787,84.7576,pristine 1.88 vs augmented 84.76
bQh3X6QEPcT50H0QeLPP,photo-1632862378103-8248dccb7e3d.jpg,valid,photo-1632862378103-8248dccb7e3d_jpg.rf.f7a67538ba01f5103087fb3a11e371bd.jpg,36,exact_name,high,false,1,2.5823,,single export record; matches the deterministic re-render
bya4T8yTfPXtyN71EGq6,tu_px_09148_9227534.jpg,test,tu_px_09148_9227534_jpg.rf.d161e28b8eb4004dd01134af7d8a4d0c.jpg,42,exact_name,high,false,1,1.6225,,single export record; matches the deterministic re-render
cR6jQqnXlXEih0YeParx,px_0194_21619446.jpg,valid,px_0194_21619446_jpg.rf.5cf7a1965deed646bb341354d2e56fe1.jpg,32,exact_name,high,false,1,2.6161,,single export record; matches the deterministic re-render
cYheOItaMXJ9X72dU5u4,premium_photo-1661448618995-0f9aab5db21c.jpg,train,premium_photo-1661448618995-0f9aab5db21c_jpg.rf.8266296c9cfc3d116731e14fa293542e.jpg,5,exact_name,high,false,2,1.5520,82.7729,pristine 1.55 vs augmented 82.77
d1LRdQbKYoIKVWX76Mj1,photo-1542296470-ab8b83dfd2d6.jpg,train,photo-1542296470-ab8b83dfd2d6_jpg.rf.4e24918f8de349a57bf69bf5d1398985.jpg,37,exact_name,high,false,2,2.5217,18.4909,pristine 2.52 vs augmented 18.49
dOdZyD1R1kVyKKu9TD1D,photo-1605647434635-ddd0227349be.jpg,train,photo-1605647434635-ddd0227349be_jpg.rf.9e0cb48b7434fb115e88a78e5a04bac5.jpg,590,exact_name,high,false,2,1.4667,32.9194,pristine 1.47 vs augmented 32.92
dV0CbyCSJtXWWMuNiUBb,premium_photo-1663099866716-66129474193c.jpg,train,premium_photo-1663099866716-66129474193c_jpg.rf.8ce2041e5523b1c1a2ab27caf8895cfd.jpg,588,exact_name,high,false,2,1.3239,59.7265,pristine 1.32 vs augmented 59.73
dVaKcGZ9EJmsN6TEqTdZ,photo-1621905253185-95614217f357.jpg,train,photo-1621905253185-95614217f357_jpg.rf.2e4a5781c046935dcddd0c46a8a23fa9.jpg,2,exact_name,high,false,2,2.0669,47.1384,pristine 2.07 vs augmented 47.14
dYU1JnyrMTQu4U60pGK9,px_0158_31259209.jpg,train,px_0158_31259209_jpg.rf.8c68f07ceca522229ae427c9c4d055a6.jpg,14,exact_name,high,false,2,2.4151,55.0995,pristine 2.42 vs augmented 55.10
dcveFfgBcxZdfrcwfGt2,premium_photo-1681823735106-bb07d3a7bda5.jpg,valid,premium_photo-1681823735106-bb07d3a7bda5_jpg.rf.06b46d49b4a7ae340ba0842e8774df60.jpg,51,exact_name,high,false,1,2.4921,,single export record; matches the deterministic re-render
dkDUAa5JcRqtBp6op5UD,premium_photo-1726332458539-38e9a1b16b76.jpg,test,premium_photo-1726332458539-38e9a1b16b76_jpg.rf.fdd87dd84812d0972a4d8dd31ae4b71d.jpg,31,exact_name,high,false,1,2.6189,,single export record; matches the deterministic re-render
dwz8H6tUE91TOzWAqabt,px_0025_8486901.jpg,train,px_0025_8486901_jpg.rf.69b56648c2d990c4d5f741056435c721.jpg,21,exact_name,high,false,2,2.1464,70.2512,pristine 2.15 vs augmented 70.25
eAKrlJVl2YEdaogp9yez,photo-1521737711867-e3b97375f902.jpg,train,photo-1521737711867-e3b97375f902_jpg.rf.c2a227cdd21a9608c90959131febb8b8.jpg,20,exact_name,high,false,2,2.3539,67.9916,pristine 2.35 vs augmented 67.99
eK6ftnVVMa7WC57HMKWj,photo-1579389083078-4e7018379f7e.jpg,train,photo-1579389083078-4e7018379f7e_jpg.rf.84a8eb76ded6aafd35e1352dd5e41541.jpg,25,exact_name,high,false,2,1.3745,43.9118,pristine 1.37 vs augmented 43.91
eZW0CBCWqoYoxqYPQphx,premium_photo-1682142150500-9c616021428a.jpg,train,premium_photo-1682142150500-9c616021428a_jpg.rf.60fe1a394ab911783caa3ac5fee17bc4.jpg,109,exact_name,high,false,2,2.8565,66.2611,pristine 2.86 vs augmented 66.26
euCQjjUlEThJqziS0g9T,premium_photo-1664299941780-e8badc0b1617.jpg,train,premium_photo-1664299941780-e8badc0b1617_jpg.rf.5bb44ed43aea58fd3052e0a30e015751.jpg,9,exact_name,high,false,2,2.0339,60.0268,pristine 2.03 vs augmented 60.03
f0Z2QQcy1PolmwGQXPzx,photo-1664382953403-fc1ac77073a0.jpg,train,photo-1664382953403-fc1ac77073a0_jpg.rf.86ff5ceb77a3559375532865f20d1e92.jpg,36,exact_name,high,false,2,3.4455,68.4455,pristine 3.45 vs augmented 68.45
f1CUR1R0AXa8BF8OuBa2,wm_0118_Hard_Hat_Tree.jpg,train,wm_0118_Hard_Hat_Tree_jpg.rf.f3050487ace34126d53f1373ac1e7c6b.jpg,102,exact_name,high,false,2,7.6814,49.1942,pristine 7.68 vs augmented 49.19
f9lN7loqzgrkrUl5cotk,photo-1764639565276-9ceec44be6a2.jpg,train,photo-1764639565276-9ceec44be6a2_jpg.rf.67076739c858ec4bd121e055f967670e.jpg,70,exact_name,high,false,2,5.8224,51.2755,pristine 5.82 vs augmented 51.28
fACVNCxfZ1UpWLOyW5Un,photo-1702284969937-f6f3d06c6e5c.jpg,train,photo-1702284969937-f6f3d06c6e5c_jpg.rf.c3c94769ac97c1c9e38dc8c5c2c40d0c.jpg,23,exact_name,high,false,2,1.9811,31.0025,pristine 1.98 vs augmented 31.00
fCguAs4b5u4OAThWLpsh,premium_photo-1661932816149-291a447e3022.jpg,train,premium_photo-1661932816149-291a447e3022_jpg.rf.2ee9ba585f723fd7734f579464848a41.jpg,33,exact_name,high,false,2,2.3703,62.0386,pristine 2.37 vs augmented 62.04
fLAAu4V914vaOBpzi2jz,tu_px_09181_4484046.jpg,train,tu_px_09181_4484046_jpg.rf.dc542f437cf881f522ef8c3cb04a8b91.jpg,68,exact_name,high,false,2,2.9570,62.0584,pristine 2.96 vs augmented 62.06
fUSboNBF7gsWxFhJcana,photo-1758876734777-dcc6981f3671.jpg,train,photo-1758876734777-dcc6981f3671_jpg.rf.d79cef91cacaa3782490db26b247d08d.jpg,64,exact_name,high,false,2,2.8778,50.6967,pristine 2.88 vs augmented 50.70
fVfuf7cWPnRyw4D9x1vo,photo-1759159091245-fc043faacddc.jpg,test,photo-1759159091245-fc043faacddc_jpg.rf.b6cd39768f8e3b2b9bab3e90d98bda77.jpg,39,exact_name,high,false,1,2.3387,,single export record; matches the deterministic re-render
fZbJypRfWdeUfPmPJbv2,photo-1746507574458-9dbd5a73c67c.jpg,train,photo-1746507574458-9dbd5a73c67c_jpg.rf.a86a9abc7d8e82acd74f0d0d4428aaac.jpg,107,exact_name,high,false,2,3.5814,48.1378,pristine 3.58 vs augmented 48.14
feq9UuxoWtVRBPUnMr4G,premium_photo-1667520045116-d08ba0fed3e1.jpg,valid,premium_photo-1667520045116-d08ba0fed3e1_jpg.rf.fd9e446c7b817335e9e9cc7ef74de224.jpg,52,exact_name,high,false,1,2.2042,,single export record; matches the deterministic re-render
fh9ZLK61WWobTGZsxZtb,photo-1774279501003-7b0b87878f5b.jpg,train,photo-1774279501003-7b0b87878f5b_jpg.rf.0e99186689f816ff47e1708b29974b97.jpg,130,exact_name,high,false,2,4.0427,74.5327,pristine 4.04 vs augmented 74.53
fl9aZo56CB47TAGghJlT,photo-1575281923032-f40d94ef6160.jpg,test,photo-1575281923032-f40d94ef6160_jpg.rf.72c345bc794be6dd331ed8aa3d5f7b99.jpg,40,exact_name,high,false,1,3.8960,,single export record; matches the deterministic re-render
fttALlrksUCBwd1P1uxT,photo-1589939705384-5185137a7f0f.jpg,train,photo-1589939705384-5185137a7f0f_jpg.rf.100cfbdd52fcd75082c965adafc0fdb7.jpg,84,exact_name,high,false,2,2.7198,51.3632,pristine 2.72 vs augmented 51.36
g1wRtvNq6gOrnSakm4aj,photo-1531973576160-7125cd663d86.jpg,test,photo-1531973576160-7125cd663d86_jpg.rf.1fd14060f55080d38c7db83ea5087f0c.jpg,17,exact_name,high,false,1,3.3425,,single export record; matches the deterministic re-render
gNPDrOkY5ncvCstpk8Ir,photo-1646324554833-f0b6a479fa5d.jpg,valid,photo-1646324554833-f0b6a479fa5d_jpg.rf.f188b0ecdbb56de4ea145528ad73212d.jpg,53,exact_name,high,false,1,2.5635,,single export record; matches the deterministic re-render
gPFGULsXJIadGfSxA0ZC,photo-1607134541550-2994abb8077b.jpg,train,photo-1607134541550-2994abb8077b_jpg.rf.fe37f66fe030fe40e273c7084a357f75.jpg,79,exact_name,high,false,2,2.4461,28.5885,pristine 2.45 vs augmented 28.59
gYn6rlfE3jNZF4ue6QGT,pb_0121_2732317.jpg,train,pb_0121_2732317_jpg.rf.74d3836fc54838e3f40548a1af5ab10d.jpg,111,exact_name,high,false,2,2.3867,67.5381,pristine 2.39 vs augmented 67.54
ghzZPWPu7P2hqWEVXzdK,photo-1768158988512-ad31657fe5b8.jpg,train,photo-1768158988512-ad31657fe5b8_jpg.rf.c7c8629220fe1ef3816054b8449ab18d.jpg,103,exact_name,high,false,2,2.2434,10.7177,pristine 2.24 vs augmented 10.72
glS8kOIkWw2z5g9Jf0YI,photo-1551434678-e076c223a692.jpg,train,photo-1551434678-e076c223a692_jpg.rf.59c0a69a90d84782daca3e619127d858.jpg,80,exact_name,high,false,2,2.9504,85.7765,pristine 2.95 vs augmented 85.78
gtQyCqdKvXk2yIeURzCw,un_0017_gQKhNj9fV8E.jpg,train,un_0017_gQKhNj9fV8E_jpg.rf.5a717b375a18cce8c7053a25f6b987a2.jpg,59,exact_name,high,false,2,2.2907,52.8005,pristine 2.29 vs augmented 52.80
guTxd6qoSMleRrrzuudX,premium_photo-1681823318682-9b82ed66547d.jpg,train,premium_photo-1681823318682-9b82ed66547d_jpg.rf.16a353ed25affcd25511b3343b689c73.jpg,157,exact_name,high,false,2,2.0625,81.2248,pristine 2.06 vs augmented 81.22
gwAoT5NhaRgUOaU5OHpI,px_0006_8486907.jpg,test,px_0006_8486907_jpg.rf.fd3957344a3bd998f882bcf75db801ca.jpg,6,exact_name,high,false,1,1.7514,,single export record; matches the deterministic re-render
hKVfPWLhNq2uN8d3SJs1,photo-1672748341520-6a839e6c05bb.jpg,train,photo-1672748341520-6a839e6c05bb_jpg.rf.c04ac48b7a85d3751b04fd10f2a6c70c.jpg,117,exact_name,high,false,2,1.6909,49.3814,pristine 1.69 vs augmented 49.38
hRBalleqqyG7t2msbEJX,photo-1772852327572-d6344152e6ba.jpg,valid,photo-1772852327572-d6344152e6ba_jpg.rf.167e3498c0de8d51452508ae51202f1b.jpg,48,exact_name,high,false,1,3.5737,,single export record; matches the deterministic re-render
hn0aQnTlX2RCubxvozTD,premium_photo-1677706698226-87b630be173f.jpg,train,premium_photo-1677706698226-87b630be173f_jpg.rf.a699270c9a6651db4dc0ee8471afb388.jpg,108,exact_name,high,false,2,2.3452,46.4410,pristine 2.35 vs augmented 46.44
hsfBHYazMXnS3WJlQzR7,premium_photo-1664301167194-455b2ea6f8e7.jpg,train,premium_photo-1664301167194-455b2ea6f8e7_jpg.rf.a123571edb5ffc8b84c897738d322aaf.jpg,162,exact_name,high,false,2,2.3785,69.6314,pristine 2.38 vs augmented 69.63
iJ4dUZWQCFaMhFRpxFFB,premium_photo-1664475400254-d4181fe4b533.jpg,valid,premium_photo-1664475400254-d4181fe4b533_jpg.rf.76bb803bfe8b4f0f6e39eb403e78b516.jpg,47,exact_name,high,false,1,1.3002,,single export record; matches the deterministic re-render
iYDeCo5SbjJugwsbVESB,photo-1556033773-e6988a371bec.jpg,valid,photo-1556033773-e6988a371bec_jpg.rf.e321cf5b22c8d344f05ab8e3f917adff.jpg,75,exact_name,high,false,1,2.4250,,single export record; matches the deterministic re-render
iaiWnIvvT5pVlhb0dKOl,photo-1581094480465-4e6c25fb4a52.jpg,valid,photo-1581094480465-4e6c25fb4a52_jpg.rf.4d4d09a58e69ad268a62a391ed84e8aa.jpg,82,exact_name,high,false,1,1.5843,,single export record; matches the deterministic re-render
ifby7cAiqu9ONl1N8bBb,px_0123_7843976.jpg,valid,px_0123_7843976_jpg.rf.4745bfe8d8e2c6257d3f7e73392c7817.jpg,72,exact_name,high,false,1,1.5832,,single export record; matches the deterministic re-render
imjwATL2GrVSVnpZbh6h,px_0007_32467381.jpg,train,px_0007_32467381_jpg.rf.84d5ac11282ed885d4b3688917725c27.jpg,348,exact_name,high,false,2,1.8807,76.2743,pristine 1.88 vs augmented 76.27
inWNXCMjoiZbYJ8VZYuO,photo-1599707254554-027aeb4deacd.jpg,train,photo-1599707254554-027aeb4deacd_jpg.rf.91fd5dc79149e36abdec49e1d8189dad.jpg,391,exact_name,high,false,2,4.0624,113.9596,pristine 4.06 vs augmented 113.96
iubfYkjY0FQevxBHrSDF,premium_photo-1664475180502-0190b52ce2a7.jpg,train,premium_photo-1664475180502-0190b52ce2a7_jpg.rf.f07ebe48d5627e9e6c0926d90770f6b7.jpg,422,exact_name,high,false,2,2.7328,56.3167,pristine 2.73 vs augmented 56.32
j62kdLyGTgOcZr6cFg4l,photo-1651595761609-840923cb33a6.jpg,train,photo-1651595761609-840923cb33a6_jpg.rf.886d84568880a0d6db5d2197c4df814c.jpg,406,exact_name,high,false,2,1.4837,78.8081,pristine 1.48 vs augmented 78.81
jB6vHTpd3bg6PYMbkqIa,photo-1722898414188-df8e94b0cfee.jpg,train,photo-1722898414188-df8e94b0cfee_jpg.rf.230f9b2f9d7e1005b95ad5c2c47c7a4c.jpg,434,exact_name,high,false,2,3.0039,66.3584,pristine 3.00 vs augmented 66.36
jDwIXNJBgF475XoAE6vp,photo-1574757987642-5755f0839101.jpg,train,photo-1574757987642-5755f0839101_jpg.rf.8c051d94ac4885e6f8dea9e9cd2ba25a.jpg,468,exact_name,high,false,2,3.6842,52.7876,pristine 3.68 vs augmented 52.79
jMjBquUFO7RKmJoREtKf,photo-1641980923573-52ab5800e6ef.jpg,test,photo-1641980923573-52ab5800e6ef_jpg.rf.57cb606801b91c84d534128d9ba73e54.jpg,21,exact_name,high,false,1,1.3497,,single export record; matches the deterministic re-render
jZRJXWZrSuoa2xxRDSQL,photo-1591955506264-3f5a6834570a.jpg,test,photo-1591955506264-3f5a6834570a_jpg.rf.e0098f173d79e72a49cfb8225698d4e3.jpg,26,exact_name,high,false,1,3.5450,,single export record; matches the deterministic re-render
k5KncB0t5cKDlnJjjD7R,photo-1664731730005-019a7d27d543.jpg,valid,photo-1664731730005-019a7d27d543_jpg.rf.7d96600bfd2559e1c7f61e77a7fb71b7.jpg,84,exact_name,high,false,1,3.3921,,single export record; matches the deterministic re-render
k9xkkgvQEhZ5r4UBzBLi,photo-1600880292203-757bb62b4baf.jpg,train,photo-1600880292203-757bb62b4baf_jpg.rf.308b5fe3de3d16f2f55818b213c70c3e.jpg,395,exact_name,high,false,2,2.4707,71.0224,pristine 2.47 vs augmented 71.02
kTH5lgBkMr7IPrRdEdsH,premium_photo-1681989493328-0e5301879a4f.jpg,valid,premium_photo-1681989493328-0e5301879a4f_jpg.rf.8f3e0adc593caf55dd59e8bec4bf477d.jpg,60,exact_name,high,false,1,2.5656,,single export record; matches the deterministic re-render
kd9SJdeJNaqWF3otEono,pb_0140_6657476.jpg,train,pb_0140_6657476_jpg.rf.69259ec7f4adbbf5cb59d91f403bfd1d.jpg,351,exact_name,high,false,2,1.8541,70.4897,pristine 1.85 vs augmented 70.49
keYyPpX3glyxtyVpJW0h,photo-1594311009695-8d4304224a57.jpg,train,photo-1594311009695-8d4304224a57_jpg.rf.7787f9651fdb4c35ddfd35f756fd0179.jpg,431,exact_name,high,false,2,1.4771,91.4527,pristine 1.48 vs augmented 91.45
kfY9GYBFnMHnsmXlT7Pk,px_0135_8487346.jpg,test,px_0135_8487346_jpg.rf.0737762c73f84a502a23b5269430fbba.jpg,25,exact_name,high,false,1,2.6855,,single export record; matches the deterministic re-render
krq8FSSwp3IHgm9N0pao,tu_un_09087_PDhBT8TNjbk.jpg,train,tu_un_09087_PDhBT8TNjbk_jpg.rf.b745a41ebbd6622d86116bd1912d4b48.jpg,409,exact_name,high,false,2,1.5344,14.9544,pristine 1.53 vs augmented 14.95
kusZ7rL0IJdPP025Z3VL,photo-1516880711640-ef7db81be3e1.jpg,train,photo-1516880711640-ef7db81be3e1_jpg.rf.3b0dd7d67e9477de914c5c621b4121dd.jpg,500,exact_name,high,false,2,4.4441,78.6732,pristine 4.44 vs augmented 78.67
kvlkvPKhlcIlNoa2lJKq,photo-1640236889840-40f550ed5ef9.jpg,valid,photo-1640236889840-40f550ed5ef9_jpg.rf.9584a628c757a64804416f3b85b17344.jpg,66,exact_name,high,false,1,2.1003,,single export record; matches the deterministic re-render
l3CKxvrKhNSJ5s7EZGYx,photo-1694521787673-28cbd8830ea5.jpg,train,photo-1694521787673-28cbd8830ea5_jpg.rf.a0b6c020618186c3d807171e0d8730a3.jpg,455,exact_name,high,false,2,3.4443,59.9954,pristine 3.44 vs augmented 60.00
l6p3b5329wOTIlDWrxKz,photo-1707553031390-e2b41823d6c0.jpg,train,photo-1707553031390-e2b41823d6c0_jpg.rf.8d0aba334b7674cbcad1207640fa42cf.jpg,430,exact_name,high,false,2,1.2782,43.9575,pristine 1.28 vs augmented 43.96
l9Dl2hgmgUUntj7KnCDr,premium_photo-1664301171216-9e0e0cd8d103.jpg,train,premium_photo-1664301171216-9e0e0cd8d103_jpg.rf.6367b6284129269541b6320d7c56c0be.jpg,504,exact_name,high,false,2,2.5013,57.2752,pristine 2.50 vs augmented 57.28
lHkj3xNmUL3G67dHG1Zr,px_0003_8487362.jpg,test,px_0003_8487362_jpg.rf.c276e5dd36df4d6681777789e5e5c236.jpg,19,exact_name,high,false,1,1.7197,,single export record; matches the deterministic re-render
lSb8IK6pm0WEKyASISFH,photo-1640236890278-823b8baec180.jpg,train,photo-1640236890278-823b8baec180_jpg.rf.96ad95db94e00a609d62ffa28041abd6.jpg,478,exact_name,high,false,2,2.8343,54.4805,pristine 2.83 vs augmented 54.48
lgBtELsXF4mmvJVuTAhW,photo-1763328044360-7a2ac98efe6c.jpg,train,photo-1763328044360-7a2ac98efe6c_jpg.rf.d373e9f1923d474aece6a1c11de84a97.jpg,505,exact_name,high,false,2,2.2181,67.0002,pristine 2.22 vs augmented 67.00
ljmzAWSjDGWvNtmeIhi5,px_0013_8487363.jpg,train,px_0013_8487363_jpg.rf.f1b8703b2c66f1f175390cc4fdda323b.jpg,477,exact_name,high,false,2,2.0825,53.1314,pristine 2.08 vs augmented 53.13
m2cPIgGRcvybNcEUB6QU,photo-1541888946425-d81bb19240f5.jpg,train,photo-1541888946425-d81bb19240f5_jpg.rf.742e62a883ffcacc19ccf3bdcda0ff24.jpg,507,exact_name,high,false,2,5.0173,70.9091,pristine 5.02 vs augmented 70.91
mGpEymQ65D2CMZ9cGGfq,premium_photo-1661537890918-195517a95c03.jpg,train,premium_photo-1661537890918-195517a95c03_jpg.rf.99d218086e5a28b53a8f9e50a0bf3a35.jpg,476,exact_name,high,false,2,4.5864,79.7832,pristine 4.59 vs augmented 79.78
me3L0EvJNoTCq7JgLKP6,wm_0208_FEMA_-_37928_-_Worker_being_interviewed_for_new_media_piece_in_Texas.jpg,train,wm_0208_FEMA_-_37928_-_Worker_being_interviewed_for_new_media_piece_in_Texas_jpg.rf.78c80ea645edc257bb8b76f64eacd134.jpg,470,exact_name,high,false,2,4.4526,62.2530,pristine 4.45 vs augmented 62.25
mlodMvChxLj1pS9RDfqi,premium_photo-1682148005280-7d53f5d3664d.jpg,train,premium_photo-1682148005280-7d53f5d3664d_jpg.rf.ce63a7cf5dac348aa0469d8cad326b6c.jpg,472,exact_name,high,false,2,3.0322,35.5635,pristine 3.03 vs augmented 35.56
mp5LAcrQy7CC3sruY2wU,photo-1576669801820-a9ab287ac2d1.jpg,test,photo-1576669801820-a9ab287ac2d1_jpg.rf.76dd606ce60f6a59e49609e246dba25b.jpg,24,exact_name,high,false,1,4.0132,,single export record; matches the deterministic re-render
mzi1EX980oEaKVVulnGv,photo-1599095190106-48ad26027383.jpg,train,photo-1599095190106-48ad26027383_jpg.rf.3b1da5a5acd34064075f0a3bc403c51e.jpg,532,exact_name,high,false,2,6.5985,68.2807,pristine 6.60 vs augmented 68.28
n3HmiRWyY5MKTrr6Vrd3,px_0020_30661410.jpg,valid,px_0020_30661410_jpg.rf.c19f7fa17cf79429619a585da3be18f1.jpg,79,exact_name,high,false,1,2.2588,,single export record; matches the deterministic re-render
nQrqR72SD3sC9Hms1O9U,un_0010_J8Lr5bLerQ8.jpg,train,un_0010_J8Lr5bLerQ8_jpg.rf.e679b17eb8764f1d4de5f71de1e623a0.jpg,481,exact_name,high,false,2,3.5793,41.5683,pristine 3.58 vs augmented 41.57
nTcgBq8KIfwkvtofPfOw,premium_photo-1681823356451-17a244f37707.jpg,train,premium_photo-1681823356451-17a244f37707_jpg.rf.e6911bc98ccf15bb2ff36e0bdc458f56.jpg,483,exact_name,high,false,2,2.7304,91.2209,pristine 2.73 vs augmented 91.22
nXwfWz2We6dOnsyzeEno,photo-1557084230-27999d53fc13.jpg,test,photo-1557084230-27999d53fc13_jpg.rf.9d53f4795da59323fe95aba757e776a7.jpg,34,exact_name,high,false,1,2.4203,,single export record; matches the deterministic re-render
naWKv1VFkDVnpPnS59Bf,photo-1776381733574-372689e246b4.jpg,valid,photo-1776381733574-372689e246b4_jpg.rf.010e619f7198257d6edc8283f32fc9fd.jpg,74,exact_name,high,false,1,1.9661,,single export record; matches the deterministic re-render
niY7CVigYcNQ0OdTBcor,premium_photo-1681823089588-5ad065dc85cd.jpg,train,premium_photo-1681823089588-5ad065dc85cd_jpg.rf.b579961bd297c6e8f06a627ef3c15a6a.jpg,515,exact_name,high,false,2,4.4324,74.8926,pristine 4.43 vs augmented 74.89
o0SiQwUZ5uRlCXASCtiR,px_0133_11666845.jpg,test,px_0133_11666845_jpg.rf.1d0ac107906c4b679363b7aa152920ea.jpg,22,exact_name,high,false,1,2.7680,,single export record; matches the deterministic re-render
oC3kPMC7WbZm0vaMoq09,un_0176_Osd4kiWMZ3M.jpg,test,un_0176_Osd4kiWMZ3M_jpg.rf.02d56c16848674e61de2ac4808546637.jpg,27,exact_name,high,false,1,1.7723,,single export record; matches the deterministic re-render
oJppm5xk3UqypLwM3EiO,photo-1760161306014-e2dcc13cbdf8.jpg,train,photo-1760161306014-e2dcc13cbdf8_jpg.rf.811474f3305ca594f6f60bd287202a3d.jpg,523,exact_name,high,false,2,3.9532,66.4746,pristine 3.95 vs augmented 66.47
oL1x933NyN6wiKXhxOob,px_0005_8487734.jpg,train,px_0005_8487734_jpg.rf.4b90eba0bbe1472618b05ae066ae5786.jpg,495,exact_name,high,false,2,2.8463,60.5746,pristine 2.85 vs augmented 60.57
oNY9i1I2LbSYd4Zq924U,tu_px_09104_7843988.jpg,train,tu_px_09104_7843988_jpg.rf.97f67e5a9c0c540a8a5c274adb3e9098.jpg,74,exact_name,high,false,2,2.1194,72.8346,pristine 2.12 vs augmented 72.83
oTvvPXX0GF2JCGezEtXJ,photo-1640236889592-99fdc210494d.jpg,train,photo-1640236889592-99fdc210494d_jpg.rf.a92a4b622075724ceb58994dd98cae28.jpg,104,exact_name,high,false,2,1.7562,92.5469,pristine 1.76 vs augmented 92.55
ojwkuYxr8Yg4pw09PSCT,px_0214_16368418.jpg,valid,px_0214_16368418_jpg.rf.84b9ec890437a0cf16aa7d3fa613362b.jpg,83,exact_name,high,false,1,4.2746,,single export record; matches the deterministic re-render
p0WuKqx9EeARevPPWyRq,photo-1742203103007-8b79bdede0f8.jpg,valid,photo-1742203103007-8b79bdede0f8_jpg.rf.b797dd36d547059bb243321088250941.jpg,81,exact_name,high,false,1,3.0437,,single export record; matches the deterministic re-render
p5lxtMTKDL0gIgbqSrls,un_0161_wp81DxKUd1E.jpg,train,un_0161_wp81DxKUd1E_jpg.rf.3f0b04c7227d899cf57e387a3602f17a.jpg,125,exact_name,high,false,2,5.7651,74.5232,pristine 5.77 vs augmented 74.52
p96kP7xmkvs84TmnINFt,photo-1755619063539-acb7020f025c.jpg,test,photo-1755619063539-acb7020f025c_jpg.rf.6eee0db36ebe900dc74b080f6ba46074.jpg,37,exact_name,high,false,1,1.9653,,single export record; matches the deterministic re-render
pE6UkMMWzcDOy86QHSoC,photo-1504384308090-c894fdcc538d.jpg,train,photo-1504384308090-c894fdcc538d_jpg.rf.c4bf40257f80ccfdc6905019aaeec164.jpg,127,exact_name,high,false,2,2.7475,75.6574,pristine 2.75 vs augmented 75.66
pIzGCRRLnf8bfGnx48Ka,tu_px_09054_35647482.jpg,train,tu_px_09054_35647482_jpg.rf.da579a598b9223bb41439615aca1a5a6.jpg,81,exact_name,high,false,2,2.7195,59.9467,pristine 2.72 vs augmented 59.95
pMftFzW2M3bmHHBJOTG2,photo-1568992687947-868a62a9f521.jpg,train,photo-1568992687947-868a62a9f521_jpg.rf.b3963650760b5e63584aa52461351dfc.jpg,121,exact_name,high,false,2,2.2046,83.4196,pristine 2.20 vs augmented 83.42
pb3x906Z3qhaYLgBVWrb,photo-1763313304471-32c79de23c30.jpg,train,photo-1763313304471-32c79de23c30_jpg.rf.d3fbc804899dbbc66feff8e91ec6bfa0.jpg,169,exact_name,high,false,2,2.1801,73.0548,pristine 2.18 vs augmented 73.05
pbOZlgeseTpoTXwVJjAh,px_0124_15483291.jpg,train,px_0124_15483291_jpg.rf.b57f96a267c993cb3f4b01f41d85ce31.jpg,191,exact_name,high,false,2,2.5527,82.8491,pristine 2.55 vs augmented 82.85
pd0SyehnE6l5xoGZqJCt,photo-1596266953826-e43f503716df.jpg,train,photo-1596266953826-e43f503716df_jpg.rf.0310bf9396c041c2c8bcd8f91b5ab20d.jpg,225,exact_name,high,false,2,1.6340,53.0939,pristine 1.63 vs augmented 53.09
prVjNgHS0pAKIQUelidW,premium_photo-1680787316362-e1d5bd42b06b.jpg,train,premium_photo-1680787316362-e1d5bd42b06b_jpg.rf.6d003b941415a6ac0aff3064ad2c8a6d.jpg,256,exact_name,high,false,2,3.1285,60.1690,pristine 3.13 vs augmented 60.17
pwZkhgJcda4HLCsziTh1,photo-1668786710595-afc9d92f304e.jpg,train,photo-1668786710595-afc9d92f304e_jpg.rf.ccf791d166e20029ebce402b69e65840.jpg,245,exact_name,high,false,2,2.0507,50.1586,pristine 2.05 vs augmented 50.16
q2wyXKnABjAqqL0mLiG7,tu_px_09179_20379378.jpg,train,tu_px_09179_20379378_jpg.rf.73e4b1d282e9f3d8bd8b3e328fc281ad.jpg,224,exact_name,high,false,2,3.6343,48.0968,pristine 3.63 vs augmented 48.10
q96gkRtLhrZTtKhFqiQU,photo-1564483335100-3413b45dbd37.jpg,train,photo-1564483335100-3413b45dbd37_jpg.rf.d28bf4e48a7f5b24a96449e10931fe56.jpg,198,exact_name,high,false,2,0.2806,24.8550,pristine 0.28 vs augmented 24.86
qEBVz8CKiWp4KmTFLCBu,px_0119_29224564.jpg,train,px_0119_29224564_jpg.rf.da47696aae232668748cca130e6b3bf6.jpg,231,exact_name,high,false,2,1.7768,48.2514,pristine 1.78 vs augmented 48.25
ql4CBoTCV3vDAYdQsYAA,photo-1612787114413-a5e60ede7db8.jpg,train,photo-1612787114413-a5e60ede7db8_jpg.rf.16f7628bb4b75005aa7d0b17bbb80f88.jpg,258,exact_name,high,false,2,1.7764,24.5974,pristine 1.78 vs augmented 24.60
qm0fl8ee3HpSLSCrrqDG,pb_0019_7212655.jpg,train,pb_0019_7212655_jpg.rf.3f571dea855d761e1a5eb5e5119158b3.jpg,249,exact_name,high,false,2,3.2996,61.5988,pristine 3.30 vs augmented 61.60
qpGvhFrN8YelHx1yTsM9,px_0008_34670926.jpg,test,px_0008_34670926_jpg.rf.fd0f03ebf00ef18f57f8a38a81a5358b.jpg,36,exact_name,high,false,1,1.9371,,single export record; matches the deterministic re-render
qrutbsVFIvplPnd3QSpO,tu_px_09052_28123721.jpg,train,tu_px_09052_28123721_jpg.rf.39c950e50aae57c6684cf8bc77d17da3.jpg,285,exact_name,high,false,2,1.7923,70.5805,pristine 1.79 vs augmented 70.58
qx08jrWTs2SMpvKiaAT7,photo-1599995903128-531fc7fb694b.jpg,train,photo-1599995903128-531fc7fb694b_jpg.rf.0d96a1875836010fa4f07a8e8812a1dc.jpg,273,exact_name,high,false,2,3.1010,25.6566,pristine 3.10 vs augmented 25.66
r3HWnAoRdj2C2qeAdFkr,photo-1774599730788-a74cd9253b56.jpg,valid,photo-1774599730788-a74cd9253b56_jpg.rf.24267e1fc54b80e8b0814bd002d09450.jpg,77,exact_name,high,false,1,3.1516,,single export record; matches the deterministic re-render
r3UicRnZtAlek7LbZebm,photo-1626885930974-4b69aa21bbf9.jpg,valid,photo-1626885930974-4b69aa21bbf9_jpg.rf.bb8c906e1612b17cd982918d86b0aa43.jpg,70,exact_name,high,false,1,3.5028,,single export record; matches the deterministic re-render
r4BbR2gJ7CPp1ObMrFIz,premium_photo-1723867211579-a4fa21fab238.jpg,valid,premium_photo-1723867211579-a4fa21fab238_jpg.rf.6152aa2a3548d4ac1431f676f1900098.jpg,63,exact_name,high,false,1,3.2573,,single export record; matches the deterministic re-render
rE8YybvIjJNdTtORaoUg,photo-1607128529586-a9617b46b693.jpg,train,photo-1607128529586-a9617b46b693_jpg.rf.058cb3e2c21cc24a8172603c5ceca234.jpg,300,exact_name,high,false,2,3.1247,80.3790,pristine 3.12 vs augmented 80.38
rGmTI5PGRqRSwShjd9Ud,photo-1763313304480-c72d0af66af4.jpg,train,photo-1763313304480-c72d0af66af4_jpg.rf.37675d75c273c9e26e869dfa3ce27db6.jpg,271,exact_name,high,false,2,2.3116,27.2316,pristine 2.31 vs augmented 27.23
rH8exgws1DxUXM1Sl2EC,photo-1607134541878-f3bbce97b2dd.jpg,valid,photo-1607134541878-f3bbce97b2dd_jpg.rf.36cc36617162214255661c0ba7ccec13.jpg,59,exact_name,high,false,1,3.6416,,single export record; matches the deterministic re-render
rTdiLvt8dIscf2PQBU1j,photo-1646082276009-bb35409086ed.jpg,train,photo-1646082276009-bb35409086ed_jpg.rf.3344af4e3558c7ab4053459a80a70cb7.jpg,268,exact_name,high,false,2,1.9902,78.2390,pristine 1.99 vs augmented 78.24
rYhDjwrXPlmdX7ft3uh3,photo-1764422680743-a4dd78bc58d3.jpg,valid,photo-1764422680743-a4dd78bc58d3_jpg.rf.834529d84176cb70c7dcf323b0e7b748.jpg,56,exact_name,high,false,1,4.0376,,single export record; matches the deterministic re-render
reY8VQLEFB5lzBT6SyIc,photo-1776597172750-10d81fd69148.jpg,valid,photo-1776597172750-10d81fd69148_jpg.rf.c8a9dc63b9930aa2c509f28948e997f9.jpg,73,exact_name,high,false,1,1.9487,,single export record; matches the deterministic re-render
rgmMTV7vKJ6wlhm6IioB,photo-1758574697274-ebbbd08ec0d9.jpg,train,photo-1758574697274-ebbbd08ec0d9_jpg.rf.2e94d722fb706d0e00296a4dd1e87a77.jpg,276,exact_name,high,false,2,2.1807,92.9682,pristine 2.18 vs augmented 92.97
rpdoJYbURHUkBIZtjRyx,photo-1556761175-b413da4baf72.jpg,valid,photo-1556761175-b413da4baf72_jpg.rf.c73404aab9150b1b500283703a4daee7.jpg,62,exact_name,high,false,1,3.8166,,single export record; matches the deterministic re-render
s9ircNOjL3KJuH5uqnhY,photo-1762005900161-64680b26b3ea.jpg,train,photo-1762005900161-64680b26b3ea_jpg.rf.97821999ef29ce3ff8cf54c9363467ec.jpg,319,exact_name,high,false,2,3.0324,61.4588,pristine 3.03 vs augmented 61.46
sCBw5cHMoREKazVjQfkj,px_0189_38070.jpg,train,px_0189_38070_jpg.rf.89a364dc582a9c0e45c30374fb504342.jpg,305,exact_name,high,false,2,3.2345,71.1084,pristine 3.23 vs augmented 71.11
sRXEOujQOUMfRHzPXYsE,photo-1742112125701-6b684d5bc98f.jpg,train,photo-1742112125701-6b684d5bc98f_jpg.rf.3f25b576228b2a62407d37f1e8ab630d.jpg,303,exact_name,high,false,2,2.6121,83.9430,pristine 2.61 vs augmented 83.94
sSsfNfmuKklWQnB6wgFb,photo-1522071820081-009f0129c71c.jpg,train,photo-1522071820081-009f0129c71c_jpg.rf.558ead69db48ae22aeaaef04680f6022.jpg,312,exact_name,high,false,2,2.1690,39.7834,pristine 2.17 vs augmented 39.78
sl5odNB8YRmCtgwWD7pE,premium_photo-1725408076489-44ba3817791f.jpg,train,premium_photo-1725408076489-44ba3817791f_jpg.rf.13bfbee5067a2ec0aa7a35d81cd9e67e.jpg,290,exact_name,high,false,2,2.8976,83.2442,pristine 2.90 vs augmented 83.24
szhdyw6JE1HhJo9ILihS,premium_photo-1679168116865-7f9d1fafd328.jpg,test,premium_photo-1679168116865-7f9d1fafd328_jpg.rf.5fc214dc416c1d5c3816e2a836fb59b9.jpg,11,exact_name,high,false,1,2.3869,,single export record; matches the deterministic re-render
szjOIXL0vHTzXnHCk2QD,px_0217_16368415.jpg,valid,px_0217_16368415_jpg.rf.65685e8b5a0cbed0993aa2c964560bd0.jpg,85,exact_name,high,false,1,3.9334,,single export record; matches the deterministic re-render
t3Bt4eQVavoJA4eXFvEO,photo-1586528116691-012ff3ac0fec.jpg,train,photo-1586528116691-012ff3ac0fec_jpg.rf.93e1580a349e965ea34fd322dd35c8a7.jpg,363,exact_name,high,false,2,4.3540,60.4182,pristine 4.35 vs augmented 60.42
t92NygAuu8S9QMcR2Neh,px_0173_34965713.jpg,train,px_0173_34965713_jpg.rf.972114936f97fb9f92040e120d2a1eca.jpg,306,exact_name,high,false,2,1.8654,62.6907,pristine 1.87 vs augmented 62.69
tAHPTKhPWsGlGkTWoapB,px_0040_28663715.jpg,valid,px_0040_28663715_jpg.rf.0fd2999ba8a722f7d8f6f4cc87ae095e.jpg,71,exact_name,high,false,1,2.8209,,single export record; matches the deterministic re-render
tgYP65AdeQ00p58sCuL0,photo-1531497865144-0464ef8fb9a9.jpg,test,photo-1531497865144-0464ef8fb9a9_jpg.rf.703c45c03b8e05f95714abe722a0c232.jpg,16,exact_name,high,false,1,1.7652,,single export record; matches the deterministic re-render
tjHCOqwRIYw66vZcCHJp,photo-1640236889794-424977d08dda.jpg,test,photo-1640236889794-424977d08dda_jpg.rf.37a696abbef54bb7b8cf949d448ddf04.jpg,15,exact_name,high,false,1,2.1085,,single export record; matches the deterministic re-render
tqzQPhC5wHy3xDwCdFuo,pb_0136_8499901.jpg,valid,pb_0136_8499901_jpg.rf.ada59873d126763a552ef8d4bbba9639.jpg,64,exact_name,high,false,1,2.2945,,single export record; matches the deterministic re-render
u4uGaDsy2tThEpOEs5TM,photo-1775880303572-791fbbb73d32.jpg,valid,photo-1775880303572-791fbbb73d32_jpg.rf.f243540a6984ed30ccf347e7e05fc47f.jpg,76,exact_name,high,false,1,3.5564,,single export record; matches the deterministic re-render
uZZkiFjkPxvryVuQh0S0,px_0117_4484152.jpg,train,px_0117_4484152_jpg.rf.adbddb0268fea30a11e4da33607c7e62.jpg,337,exact_name,high,false,2,3.0421,74.6525,pristine 3.04 vs augmented 74.65
v1m3svUyUjC30E9pB92L,photo-1557145850-ec56befb224c.jpg,train,photo-1557145850-ec56befb224c_jpg.rf.3beca7a5b0ec6de295858d12dc22ec70.jpg,327,exact_name,high,false,2,3.4265,59.7927,pristine 3.43 vs augmented 59.79
vYEZdbnXgIU3r7Aa4AWT,px_0002_8486899.jpg,train,px_0002_8486899_jpg.rf.2d146f66af22df11b45e79cbf8445301.jpg,316,exact_name,high,false,2,2.0917,37.8835,pristine 2.09 vs augmented 37.88
va1h7fuyzlYl8u8358Qx,premium_photo-1677707056491-163862724f66.jpg,train,premium_photo-1677707056491-163862724f66_jpg.rf.1cc86de07949c214e680c41556b11a35.jpg,358,exact_name,high,false,2,2.6921,72.0490,pristine 2.69 vs augmented 72.05
vh2ww5CJ1DQeofRTmQMg,photo-1764639567003-67eca9d60329.jpg,train,photo-1764639567003-67eca9d60329_jpg.rf.8ff504e8fd06c5d4bf2777bbf67ae2b2.jpg,398,exact_name,high,false,2,6.5619,82.5142,pristine 6.56 vs augmented 82.51
vhz25WpcjcQ6mGS8YP5I,wm_0063__Exhaustion_and_Sadness_4934343751_.jpg,valid,wm_0063__Exhaustion_and_Sadness_4934343751__jpg.rf.a8eabb350748a15590ab4de05ff39cf0.jpg,69,exact_name,high,false,1,5.5083,,single export record; matches the deterministic re-render
vltD7ae0puVQgcj8VjlZ,premium_photo-1674248799812-cacb8147fc65.jpg,train,premium_photo-1674248799812-cacb8147fc65_jpg.rf.103012a2eda96647e48ce0385b094ae2.jpg,356,exact_name,high,false,2,2.4767,45.9042,pristine 2.48 vs augmented 45.90
vz16uUIqOlsdLgROccQ3,tu_px_09122_18760973.jpg,train,tu_px_09122_18760973_jpg.rf.247c2396903ab67c722230244ded0e82.jpg,354,exact_name,high,false,2,2.1464,43.1448,pristine 2.15 vs augmented 43.14
wFFDRQDkZr4rERlpbwFV,photo-1648135327756-b606e2eb8caa.jpg,train,photo-1648135327756-b606e2eb8caa_jpg.rf.997f4768caac944104f674b9e8eff257.jpg,370,exact_name,high,false,2,2.8973,83.4093,pristine 2.90 vs augmented 83.41
wS4knG95ig6T2ZEozbZe,wm_0329_HK_Central_Man_Yiu_Street_Highways_Department_construction_site_office_06_Leight.jpg,valid,wm_0329_HK_Central_Man_Yiu_Street_Highways_Department_construction_site_office_06_Leight_jpg.rf.5050fa47e53acf9966a53d7510d5de2a.jpg,67,exact_name,high,false,1,3.7585,,single export record; matches the deterministic re-render
wYXa9TLh0h7ZFuKLZ9KA,premium_photo-1681989495076-cef5b89607d4.jpg,train,premium_photo-1681989495076-cef5b89607d4_jpg.rf.c847582f6f1b420d462de747c4e2a33b.jpg,324,exact_name,high,false,2,2.2493,65.1162,pristine 2.25 vs augmented 65.12
wfDgURKw6U5nt33bmej0,photo-1646227655685-a530813759b3.jpg,train,photo-1646227655685-a530813759b3_jpg.rf.5e1a525a53b58698472b8cabc1117bda.jpg,349,exact_name,high,false,2,1.3963,54.1730,pristine 1.40 vs augmented 54.17
wpbZJyURzZHruvXGMRtd,photo-1649836215936-41c76a724233.jpg,train,photo-1649836215936-41c76a724233_jpg.rf.ad32b58383b75632c8e09a9c154cd0e7.jpg,357,exact_name,high,false,2,3.6166,36.9277,pristine 3.62 vs augmented 36.93
x9uzQ6SwddanWcvV1McI,photo-1531834685032-c34bf0d84c77.jpg,train,photo-1531834685032-c34bf0d84c77_jpg.rf.e51a1f6e5ae26fdc6f06797e66c6cd61.jpg,399,exact_name,high,false,2,7.3363,70.0724,pristine 7.34 vs augmented 70.07
xCsoN8tQQsB259iyGJJD,premium_photo-1678837556054-cb0b59e83a7f.jpg,train,premium_photo-1678837556054-cb0b59e83a7f_jpg.rf.46600a9b52b7706f8a47d2f697040cc4.jpg,339,exact_name,high,false,2,2.0634,73.6806,pristine 2.06 vs augmented 73.68
xEWKVpjbfnBH9kQEaUbB,photo-1560264280-88b68371db39.jpg,train,photo-1560264280-88b68371db39_jpg.rf.11df114fc5232081415b029738f9405d.jpg,359,exact_name,high,false,2,2.5579,64.2819,pristine 2.56 vs augmented 64.28
xibnPIqURhNVJI3zP0bz,px_0021_8486909.jpg,test,px_0021_8486909_jpg.rf.331fd92586e354f15d61e544f8623fc0.jpg,23,exact_name,high,false,1,2.1255,,single export record; matches the deterministic re-render
xnxssvkuDMAznbmlK9z8,px_0051_8487727.jpg,valid,px_0051_8487727_jpg.rf.e5014cc4c9328dbdb1b54e9794043143.jpg,78,exact_name,high,false,1,2.3425,,single export record; matches the deterministic re-render
xwPbKAjD2vxaff0GdKp1,photo-1552879890-3a06dd3a06c2.jpg,train,photo-1552879890-3a06dd3a06c2_jpg.rf.b9bf28ff6100c7d3c6b6617bcc62b532.jpg,397,exact_name,high,false,2,6.5325,60.6781,pristine 6.53 vs augmented 60.68
y3fseRK4akRrTNtrmPfb,premium_photo-1682147966883-5c9262bf8225.jpg,train,premium_photo-1682147966883-5c9262bf8225_jpg.rf.08512bf441807eff582510e280ba5e21.jpg,369,exact_name,high,false,2,2.0788,58.7599,pristine 2.08 vs augmented 58.76
yE5PdkrjifxbV7QoD5xc,photo-1616179283726-e96f7aa16a56.jpg,train,photo-1616179283726-e96f7aa16a56_jpg.rf.88a34ca16b4a16fe4e32640fb4e30aa2.jpg,438,exact_name,high,false,2,2.5928,54.0745,pristine 2.59 vs augmented 54.07
ySDlICqH087yeYmYSVbI,photo-1732053890874-5be21f55ec3d.jpg,valid,photo-1732053890874-5be21f55ec3d_jpg.rf.09622e1981f241e0950146b422b95eca.jpg,80,exact_name,high,false,1,2.3414,,single export record; matches the deterministic re-render
yeO7WH7v2BmSeIvpsQxr,premium_photo-1661376741563-56e907c3ec0c.jpg,train,premium_photo-1661376741563-56e907c3ec0c_jpg.rf.1c00b0b815cc80d993dcc04fea10cafe.jpg,408,exact_name,high,false,2,1.6325,87.1433,pristine 1.63 vs augmented 87.14
ymICdUCkVq8IfApx2TvK,un_0074_WwMG7hiQgDE.jpg,valid,un_0074_WwMG7hiQgDE_jpg.rf.c03ecba9dab784017ecc6455abe29b25.jpg,86,exact_name,high,false,1,1.7587,,single export record; matches the deterministic re-render
ywH2LFvRJto6sV68hk5v,px_0063_12357629.jpg,valid,px_0063_12357629_jpg.rf.8960026daa3ab0110d8fed74136b37b9.jpg,65,exact_name,high,false,1,1.4685,,single export record; matches the deterministic re-render
yyV4SbiMGeqs0hjR2Nmk,px_0106_28912700.jpg,train,px_0106_28912700_jpg.rf.c66314a1c33ef3b3e88978e7e0101c65.jpg,365,exact_name,high,false,2,1.4936,41.8860,pristine 1.49 vs augmented 41.89
zIjMWx3EGNSbPhJ6eyDE,px_0060_8853470.jpg,train,px_0060_8853470_jpg.rf.5d25444f802053b720adc3b5ddeb7b38.jpg,371,exact_name,high,false,2,1.7160,69.0818,pristine 1.72 vs augmented 69.08
zs9Fbr1mSnefWqSSmWcg,photo-1615475984826-73585a54f778.jpg,train,photo-1615475984826-73585a54f778_jpg.rf.9b1aeb47377edf703d3872faaa6e3f7f.jpg,366,exact_name,high,false,2,3.7098,65.1777,pristine 3.71 vs augmented 65.18
